image_id,food_name,is_fruit,qc_status,image_path,f_0,f_1,f_2,f_3,f_4,f_5,f_6,f_7,f_8,f_9,f_10,f_11,f_12,f_13,f_14,f_15,f_16,f_17,f_18,f_19,f_20,f_21,f_22,f_23,f_24,f_25,f_26,f_27,f_28,f_29,f_30,f_31,f_32,f_33,f_34,f_35,f_36,f_37,f_38,f_39,f_40,f_41,f_42,f_43,f_44,f_45,f_46,f_47,f_48,f_49,f_50,f_51,f_52,f_53,f_54,f_55,f_56,f_57,f_58,f_59,f_60,f_61,f_62,f_63,f_64,f_65,f_66,f_67,f_68,f_69,f_70,f_71,f_72,f_73,f_74,f_75,f_76,f_77,f_78,f_79,f_80,f_81,f_82,f_83,f_84,f_85,f_86,f_87,f_88,f_89,f_90,f_91,f_92,f_93
01625398_003,apple,1,pass,..\data\raw\raw_images\01625398_003.jpg,4886.5,325.7228698730469,4.65960693359375,0.578777015209198,0.9088626503944397,0.5816616415977478,0.1355164498090744,-1.0,2.445570201273765e-16,-2.955063960118575e-16,-0.8125171661376953,0.0211810152977705,-0.04252375662326813,0.07468019425868988,-0.008270558901131153,0.03002866916358471,-0.08187786489725113,0.016255563125014305,0.007203761022537947,-0.03794996067881584,-0.015660474076867104,0.028241191059350967,-0.015468106605112553,-0.03698364645242691,-0.00226660817861557,0.02369454689323902,0.00015524745685979724,0.008936135098338127,0.03161820024251938,0.02299785241484642,-0.04480612277984619,-0.002800154499709606,0.01314285397529602,-0.001518597244285047,-0.02428555302321911,0.03483409434556961,0.018201913684606552,-0.0026269962545484304,-0.008031817153096199,0.012472417205572128,-0.017004966735839844,-0.006589334458112717,-0.009117718786001205,-0.00359830423258245,0.011152110993862152,-0.005018459167331457,0.012282229028642178,292.9999694824219,2.2467639446258545,15.154485702514648,1.7358949184417725,7.240321159362793,4.675595760345459,6.648819923400879,8.624034881591797,2.6614720821380615,5.993187427520752,2.6852173805236816,1.998613953590393,2.674070358276367,1.3949904441833496,0.6884825229644775,0.31830987334251404,0.0037812180817127228,0.18293803930282593,0.06835001707077026,0.01867399550974369,0.025778725743293762,0.12029522657394409,0.026071229949593544,0.025929365307092667,0.024470819160342216,0.019687853753566742,0.04184815660119057,0.004495867528021336,0.03487483412027359,0.006304953247308731,0.0023332422133535147,0.008013914339244366,0.007236836943775415,0.026168093085289,0.021329764276742935,0.04488435387611389,0.04544074833393097,0.02363453432917595,0.036676131188869476,0.007893014699220657,-0.18372131884098053,-0.2696905732154846,68.73658752441406,136.38299560546875,42.873714447021484,25.11467742919922,67.16686248779297
01625398_002,apple,1,pass,..\data\raw\raw_images\01625398_002.jpg,4062.0,306.39190673828125,4.80736780166626,0.5437448620796204,0.8471324443817139,0.5646918416023254,0.1546705961227417,-1.0,3.682072338746941e-16,-3.682072338746941e-16,-0.86875981092453,0.03894307464361191,0.0992279127240181,-0.04085438326001167,0.004553546197712421,0.004624604247510433,0.060638513416051865,-0.012406926602125168,-0.01702957972884178,-0.005634508095681667,0.06386340409517288,-0.02266121283173561,0.039419692009687424,-0.05221450328826904,0.011877696961164474,0.012468787841498852,0.04299519956111908,-0.0169632900506258,0.008122939616441727,-0.03270053118467331,-0.03751302510499954,-0.04779503867030144,-0.01855277456343174,-0.009643260389566422,0.021708941087126732,0.014856742694973946,-0.019134588539600372,-0.0073018753901124,0.0024696593172848225,7.287224434548989e-05,-0.002091779373586178,-0.004919215105473995,-0.0322415791451931,0.0027896494138985872,-0.0010468950495123863,0.005287282168865204,0.0021529216319322586,259.9999694824219,2.4763545989990234,11.739615440368652,10.101234436035156,4.255859851837158,6.459947109222412,11.426950454711914,3.9881937503814697,5.211441516876221,3.4164130687713623,2.9807589054107666,1.1443501710891724,2.0371038913726807,0.7407351136207581,1.4465017318725586,0.31830987334251404,0.00030696793692186475,0.28580209612846375,0.06997869163751602,0.006574852392077446,0.03278695046901703,0.1118040457367897,0.037092190235853195,0.02089904062449932,0.0037744033616036177,0.05167423188686371,0.02724493108689785,0.0465029701590538,0.06749062985181808,0.005115223117172718,0.0447872169315815,0.010423511266708374,0.026986554265022278,0.06415428966283798,0.03187429904937744,0.04155728593468666,0.03200539946556091,0.013297035358846188,0.04424680769443512,0.03649590536952019,-0.09491711854934692,-0.03976886719465256,81.26949310302734,149.0484161376953,61.093040466308594,23.53130531311035,66.95578002929688
01625398_009,orange,1,pass,..\data\raw\raw_images\01625398_009.jpg,1216.5,139.78173828125,4.007692337036133,0.7823860049247742,0.9654762148857117,0.7486634254455566,0.10957090556621552,-1.0,1.6044139421377354e-16,-2.1706777019921006e-16,-0.7005903124809265,0.006862782407552004,-0.0060072047635912895,-0.007723439019173384,-0.05982567369937897,-0.059105485677719116,-0.0013791033998131752,-0.002500117989256978,0.004999964497983456,0.02191046066582203,-0.008686499670147896,-0.007482966873794794,-0.008707794360816479,-0.03229520469903946,-0.005828382913023233,0.001214822055771947,-0.00012112334661651403,0.01151047833263874,-0.009037471376359463,-0.001763853128068149,0.0026843964587897062,-0.01324999425560236,-0.0024035407695919275,0.006678729318082333,-0.009195736609399319,0.006125574000179768,-0.002584788715466857,0.005267716478556395,0.008535800501704216,-0.006141671910881996,0.00010029048280557618,0.0013693361543118954,-0.0028986940160393715,-0.002101119374856353,0.000426986429374665,-0.0015703908866271377,0.004147308878600597,116.99999237060547,1.2587742805480957,12.15035343170166,2.48764967918396,3.3246350288391113,1.5308884382247925,1.8655463457107544,1.0344464778900146,0.5913238525390625,0.31819653511047363,0.37935522198677063,0.3714660108089447,0.3919021487236023,0.20852816104888916,0.23864403367042542,0.31830987334251404,1.31864792209349e-16,0.7451485991477966,0.03939543291926384,0.007056443020701408,0.0067771365866065025,0.712890088558197,0.13379044830799103,0.009623168967664242,0.02313181944191456,0.024839745834469795,0.003442157059907913,0.3219859302043915,0.19443738460540771,0.04350068047642708,0.0030645716469734907,0.02540220320224762,0.03826930746436119,0.0171271450817585,0.0014233516994863749,0.10869713872671127,0.1306770294904709,0.08850188553333282,0.017573701217770576,0.0010151538299396634,0.5175981521606445,0.6975859999656677,191.91065979003906,188.21786499023438,15.203766822814941,71.00398254394531,53.173336029052734
01625398_008,orange,1,pass,..\data\raw\raw_images\01625398_008.jpg,2599.0,222.9949493408203,4.374131679534912,0.6567893624305725,0.9186992049217224,0.811977744102478,0.13304592669010162,-1.0,1.0949371239518706e-16,-9.732774508654904e-17,-0.6126052141189575,-0.024955447763204575,0.0034381875302642584,-0.025416269898414612,-0.09940119832754135,-0.05045115575194359,0.001070370664820075,0.009504574351012707,-0.022718332707881927,0.014927494339644909,-0.0031161620281636715,-0.010027417913079262,0.016412168741226196,-0.007798532024025917,0.00566814374178648,0.009686252102255821,-0.045970212668180466,-0.004190903156995773,-0.0025206319987773895,0.0007964010001160204,0.039516642689704895,0.009236837737262249,0.005421757232397795,0.0019473484717309475,-0.025268254801630974,-0.00799238495528698,0.0022629783488810062,0.0021914844401180744,0.012798448093235493,0.007832654751837254,0.005627247504889965,3.568999090930447e-05,0.0033091024961322546,-0.004929037764668465,-0.0006010782672092319,-0.0028049610555171967,-0.006414943840354681,193.99996948242188,7.698963642120361,26.509376525878906,3.4515316486358643,2.7184410095214844,0.9319874048233032,2.2898623943328857,2.01619553565979,2.4184796810150146,1.3169188499450684,0.7270161509513855,0.06122501939535141,0.27141568064689636,0.07062789797782898,0.4397179186344147,0.31830987334251404,2.6795893639136896e-15,0.47963079810142517,0.11395199596881866,0.048109740018844604,0.035780347883701324,0.13903386890888214,0.15892623364925385,0.060562245547771454,0.007256277371197939,0.023428281769156456,0.03726402670145035,0.10138494521379471,0.01644490845501423,0.09039069712162018,0.033697839826345444,0.09135796129703522,0.01760636828839779,0.061159178614616394,0.021835098043084145,0.1443411409854889,0.10809384286403656,0.024231065064668655,0.06238364428281784,0.01611718349158764,0.4837424159049988,0.5348671078681946,188.64404296875,202.42491149902344,23.163270950317383,48.426856994628906,35.83034133911133
01625398_004,apple,1,pass,..\data\raw\raw_images\01625398_004.jpg,1450.0,153.3380889892578,4.02685546875,0.7749572396278381,0.9514435529708862,0.5458430647850037,0.13769936561584473,1.0,5.79972127837839e-17,-1.9332403709807558e-17,0.8765236139297485,-0.05813388153910637,0.0598301887512207,-0.009468191303312778,0.04285237938165665,0.035068072378635406,0.014923881739377975,0.03828930854797363,0.013163077645003796,-0.023160669952630997,-0.005216360092163086,-0.019445857033133507,-0.030978737398982048,-0.003074011066928506,0.013926868326961994,-0.011035079136490822,0.015527496114373207,-0.0021143804769963026,0.006965234410017729,0.019382517784833908,0.011920860968530178,0.0020626008044928312,0.0034252943005412817,0.013027780689299107,-0.012491216883063316,-0.002889723051339388,0.009015852585434914,-0.007806014735251665,-0.00843090657144785,0.001236087060533464,0.008887293748557568,-0.009127864614129066,0.0057182880118489265,0.0016577714122831821,0.004122787155210972,-0.0030920691788196564,9.587076056050137e-05,125.99998474121094,0.3298328220844269,6.120274543762207,5.561741828918457,3.216651201248169,1.2276568412780762,0.9885724782943726,1.4550247192382812,1.4192454814910889,0.6393364667892456,0.07643543928861618,0.24162650108337402,0.4548327326774597,0.3655099868774414,0.13325703144073486,0.31830987334251404,1.9673058854497311e-16,0.718665361404419,0.02119060419499874,0.003690949408337474,0.011763070710003376,0.6117970943450928,0.07141828536987305,0.005238454323261976,0.013237794861197472,0.04886092245578766,0.0009989258833229542,0.14544278383255005,0.10081466287374496,0.024951593950390816,0.00039134229882620275,0.018154555931687355,0.0922996997833252,0.004946240223944187,0.00048263606731779873,0.2736269235610962,0.05965905636548996,0.055345792323350906,0.0019986547995358706,0.00036123080644756556,0.22216860949993134,0.6218487620353699,94.95508575439453,148.84808349609375,26.099271774291992,53.25168228149414,59.33050537109375
01625398_015,carrot,0,pass,..\data\raw\raw_images\01625398_015.jpg,1248.0,197.39697265625,5.587701320648193,0.40247926115989685,0.8863636255264282,0.9800736904144287,0.14343346655368805,-1.0,3.963000808045629e-17,-1.15841562590368e-16,-0.2735427916049957,-0.004822582006454468,0.013141161762177944,0.0026896181516349316,-0.039007145911455154,-0.10270626842975616,-0.004050882067531347,0.011570265516638756,-0.06674603372812271,-0.0023229203652590513,0.004238409455865622,-0.027032125741243362,-0.0022244127467274666,-0.02496371418237686,-0.004298849031329155,0.009061548858880997,-0.025185374543070793,0.005658354610204697,0.0016233727801591158,0.005474780220538378,-0.0037168909329921007,-0.009704481810331345,-0.002562102861702442,-0.000807590433396399,-0.016932222992181778,0.003772006370127201,0.0010753888636827469,-0.0057493154890835285,0.0008082404965534806,-0.00456757377833128,0.0005885245045647025,-0.000422356155468151,-0.004954154137521982,0.0024030148051679134,0.00044161023106426,0.006935372482985258,0.0037275701761245728,179.99998474121094,11.691298484802246,57.01551055908203,1.9910565614700317,2.1334190368652344,1.7804688215255737,3.6986608505249023,0.8947352170944214,0.2340983748435974,0.9841071963310242,0.4917263686656952,0.6286550164222717,0.30514395236968994,0.3100571930408478,0.39171335101127625,0.31830987334251404,2.887758457431952e-16,0.44780880212783813,0.23067764937877655,0.08294331282377243,0.03366806358098984,0.27967512607574463,0.37235310673713684,0.1728897988796234,0.029348453506827354,0.0522223562002182,0.05224904045462608,0.2616924047470093,0.26250794529914856,0.29301053285598755,0.13294930756092072,0.043310124427080154,0.03864508122205734,0.023554321378469467,0.060900334268808365,0.22583024203777313,0.17901673913002014,0.22476708889007568,0.22075192630290985,0.10493728518486023,0.36753925681114197,0.8244763612747192,118.57804107666016,175.8454132080078,12.963150024414062,49.46214294433594,63.53058624267578
01625398_006,orange,1,pass,..\data\raw\raw_images\01625398_006.jpg,1814.0,167.68124389648438,3.9370036125183105,0.8107336163520813,0.973959743976593,0.7245716452598572,0.12165121734142303,-1.0,2.645925786430521e-16,-2.886464614605021e-16,-0.750162661075592,0.005068429280072451,-0.006862351205199957,0.024414198473095894,-0.023739313706755638,-0.04220418632030487,-0.011814339086413383,-0.018855366855859756,-0.03223535045981407,0.01029833685606718,0.009904291480779648,0.0033069830387830734,-0.009530528448522091,-0.009398509748280048,-0.008126852102577686,0.001487197121605277,0.008741999976336956,0.0062559787184000015,0.00698798568919301,0.0007166825816966593,0.007247625384479761,-0.0036667438689619303,-0.00791087094694376,-0.0005036748480051756,-0.004214126616716385,0.0021797793451696634,0.0021279833745211363,-0.0024654159788042307,-0.0022442082408815622,-0.0020837844349443913,-0.00426864717155695,0.001671245088800788,0.001084981020539999,0.0009838752448558807,0.003429129021242261,0.0035002324730157852,0.0030131929088383913,141.99998474121094,0.32983922958374023,13.43227481842041,1.5233129262924194,1.5476205348968506,1.4889514446258545,1.1640238761901855,0.5810332894325256,0.6788484454154968,0.3417094647884369,0.23970350623130798,0.38879477977752686,0.228531613945961,0.11944252997636795,0.04116418585181236,0.31830987334251404,1.774064318258727e-16,0.6520566940307617,0.05208444967865944,0.0040741716511547565,0.00597231974825263,0.4180889427661896,0.1497756689786911,0.009988740086555481,0.009753319434821606,0.017925892025232315,0.004204204306006432,0.05145924165844917,0.14729438722133636,0.03522881492972374,0.003563647624105215,0.004336323589086533,0.01762356050312519,0.017882106825709343,0.001754297991283238,0.27545642852783203,0.015800373628735542,0.04268224537372589,0.01656646840274334,0.0013736491091549397,0.545407772064209,0.6745062470436096,192.84146118164062,205.84146118164062,15.279008865356445,55.89339828491211,45.7997932434082
01616148_003,apple,1,pass,..\data\raw\raw_images\01616148_003.jpg,4708.5,282.00714111328125,4.1097822189331055,0.7439987659454346,0.9446283578872681,0.49617159366607666,0.11580884456634521,-1.0,1.715754702518639e-16,-1.2868160268889793e-16,-0.8685211539268494,-0.011859637685120106,-0.02903810143470764,-0.02330603264272213,-0.1023072600364685,-0.029110807925462723,0.020355505868792534,-0.025775382295250893,0.013514488935470581,0.02835981734097004,-0.015836792066693306,0.046317797154188156,0.009876678697764874,-0.020942769944667816,-0.005968841724097729,-0.046028077602386475,-0.009396648034453392,0.010825634002685547,0.007675947155803442,0.026561124250292778,-0.0008809554856270552,-0.009697685949504375,-0.014555137604475021,-0.0034935236908495426,-0.0005832873284816742,0.009515433572232723,0.010894443839788437,-0.001357190660201013,0.008270679041743279,-0.003682777052745223,-0.0032920960802584887,0.008448177948594093,-0.010928054340183735,0.0033604318741708994,0.003948202822357416,-0.005044899880886078,0.01378815807402134,241.00003051757812,2.381060838699341,9.901241302490234,10.0511474609375,3.9240965843200684,2.4365391731262207,4.958362102508545,3.4790382385253906,1.630016565322876,0.7448869943618774,1.091469645500183,1.0033375024795532,0.4664474129676819,0.4647620618343353,0.32342636585235596,0.31830987334251404,0.006196584552526474,0.21597862243652344,0.04073654115200043,0.021225307136774063,0.06365732848644257,0.14752279222011566,0.02269749529659748,0.03962784633040428,0.04606444016098976,0.019243724644184113,0.02778419852256775,0.010540395975112915,0.016847580671310425,0.031164580956101418,0.00970402080565691,0.01950208470225334,0.055480390787124634,0.01948266662657261,0.014416033402085304,0.05631043389439583,0.036211516708135605,0.018446672707796097,0.006606621667742729,0.015024527907371521,0.005585398990660906,0.7304925918579102,118.20497131347656,112.61366271972656,22.702686309814453,52.536014556884766,45.778663635253906
01616148_006,orange,1,pass,..\data\raw\raw_images\01616148_006.jpg,4106.0,269.62237548828125,4.20771598815918,0.7097689509391785,0.9311713576316833,0.6184173822402954,0.10039613395929337,-1.0,4.3610004141367436e-17,-8.722000828273487e-17,-0.7849050760269165,0.018704049289226532,-0.011373599991202354,0.027513206005096436,0.1259034425020218,-0.026386301964521408,-0.0009272219613194466,0.04399943724274635,-0.005351840052753687,-0.024069907143712044,0.005798692349344492,0.040849026292562485,-0.020309532061219215,-0.005618128459900618,0.014761566184461117,0.03667536377906799,-0.019326655194163322,-0.003942857962101698,0.013584889471530914,0.02664973773062229,-0.020478418096899986,0.0019997586496174335,0.01293982844799757,0.013088329695165157,-0.010274088010191917,-0.0011771665886044502,0.009185787290334702,-0.0013336529955267906,-0.003159186104312539,-0.0004507804987952113,0.006654643919318914,-0.011563449166715145,-0.0034068783279508352,-0.0019622724503278732,0.0036254951264709234,-0.013844034634530544,-0.008285441435873508,234.0,5.5692853927612305,15.732992172241211,7.920245170593262,2.558901071548462,3.0748178958892822,3.8204219341278076,2.945542812347412,1.9561642408370972,0.7329117655754089,0.7812917828559875,1.0473119020462036,1.0602415800094604,0.8010567426681519,0.30494701862335205,0.31830987334251404,0.005556790623813868,0.30117616057395935,0.06452558934688568,0.027179356664419174,0.05263156071305275,0.12401682138442993,0.014588816091418266,0.03120281919836998,0.043533168733119965,0.032422956079244614,0.03308122605085373,0.08549083769321442,0.06615741550922394,0.017479754984378815,0.01934153027832508,0.008975394070148468,0.03764306381344795,0.027456877753138542,0.015428061597049236,0.08608467131853104,0.021856091916561127,0.019995683804154396,0.019448360428214073,0.015972476452589035,0.5323794484138489,0.569596529006958,153.062255859375,165.52816772460938,20.212448120117188,51.36412048339844,43.71662902832031
01616148_008,orange,1,pass,..\data\raw\raw_images\01616148_008.jpg,3737.0,230.79393005371094,3.7753989696502686,0.8816255331039429,0.9862760901451111,0.32513996958732605,0.10817006975412369,-1.0,-0.0,-1.0066508798595549e-16,-0.9544492363929749,0.010103068314492702,-0.006645386107265949,-0.0090115861967206,0.002651579212397337,-0.0010486745741218328,0.00044898781925439835,0.006113381125032902,-0.0062116296030581,0.010015681385993958,-0.0046061244793236256,0.005939580965787172,0.0022551987785845995,0.005811925046145916,0.005533944815397263,0.00100520730484277,0.0038702611345797777,0.005399859510362148,-5.233901902101934e-05,0.0005497050588019192,0.007602509576827288,0.00042756457696668804,0.002428883919492364,-0.0003115687577519566,0.005437656305730343,0.00040865642949938774,-0.0008319236803799868,-0.0012223803205415606,0.0014147707261145115,0.002449966035783291,-8.602325397077948e-05,0.00043121108319610357,0.001503820181824267,-3.3950094803003594e-05,-0.0029954102355986834,0.0011075424263253808,0.0009402347495779395,196.0,0.016216987743973732,2.7128310203552246,1.598795771598816,0.8763631582260132,0.9817894101142883,0.6628905534744263,0.12508434057235718,0.06112564355134964,0.4879588782787323,0.28064122796058655,0.27017417550086975,0.17988556623458862,0.3745075464248657,0.16898266971111298,0.31830987334251404,4.0395001254557583e-16,0.3805009722709656,0.008919506333768368,0.029736574739217758,0.021366361528635025,0.10809304565191269,0.028510333970189095,0.01131351850926876,0.037885066121816635,0.05298639461398125,0.011275965720415115,0.13980816304683685,0.0513441227376461,0.03489754721522331,0.004890365060418844,0.042851533740758896,0.03778062388300896,0.03406573459506035,0.002030830131843686,0.1490718424320221,0.005606371443718672,0.04356314241886139,0.01662602648139,0.0005522675346583128,0.6376515030860901,0.7616856694221497,175.34751892089844,146.0214080810547,3.306795597076416,56.32017135620117,40.603118896484375
01616148_005,apple,1,pass,..\data\raw\raw_images\01616148_005.jpg,1346.5,334.09039306640625,9.104598999023438,0.15159617364406586,0.49741411209106445,0.7414425611495972,0.16380168497562408,-1.0,7.122477045568267e-17,-7.122477045568267e-17,-0.45998385548591614,0.03624531626701355,0.549727201461792,-0.08045980334281921,-0.24272720515727997,0.0676053911447525,-0.018128009513020515,0.22469227015972137,0.4680192172527313,0.11314397305250168,0.08137789368629456,-0.034458648413419724,0.08680912107229233,-0.03736867010593414,0.05729629099369049,-0.018523763865232468,0.11794080585241318,-0.004183956887573004,-0.06910469383001328,0.03554973751306534,-0.025598807260394096,0.033719927072525024,-0.01038279663771391,0.008911329321563244,0.018527455627918243,-0.00011450036254245788,-0.003523830324411392,0.03452621400356293,0.01504605170339346,-0.006677559111267328,-6.604030204471201e-05,-0.03378347307443619,0.011808117851614952,-0.005651344545185566,0.007152915466576815,0.007693540770560503,-0.012151211500167847,278.9999694824219,44.918243408203125,19.830713272094727,67.97982788085938,17.470979690551758,6.330556392669678,8.226442337036133,1.3039119243621826,5.256222248077393,1.2868309020996094,2.8813211917877197,5.229765892028809,2.1129469871520996,1.2061607837677002,1.9900065660476685,0.31830987334251404,2.739250288372224e-16,0.48290422558784485,0.09145133942365646,0.06666729599237442,0.0053845481015741825,0.13972178101539612,0.1180029809474945,0.07001020014286041,0.13261136412620544,0.1330564022064209,0.056789662688970566,0.049039509147405624,0.0964374914765358,0.20932349562644958,0.007453097030520439,0.0792066678404808,0.33527782559394836,0.11249157786369324,0.03182864934206009,0.042730893939733505,0.26238033175468445,0.22451144456863403,0.02316415309906006,0.017352202907204628,-0.013077777810394764,0.7693060040473938,90.92401123046875,133.11297607421875,20.742416381835938,33.924720764160156,34.5174560546875
01616148_013,carrot,0,pass,..\data\raw\raw_images\01616148_013.jpg,3404.5,279.5218505859375,4.790591239929199,0.547559916973114,0.8641959428787231,0.8566557168960571,0.1454571932554245,-1.0,3.111340281572462e-17,-6.222680563144924e-17,-0.5779091119766235,-0.03459777310490608,-0.0009317963849753141,0.11454618722200394,-0.04926596209406853,-0.05119381472468376,-0.019234899431467056,-0.09634409844875336,-0.08122378587722778,-0.0020644357427954674,0.02138616144657135,0.026822993531823158,-0.014411615207791328,0.0018822529818862677,-0.01990433968603611,0.0014905250864103436,-0.034601759165525436,0.00796055793762207,0.016998019069433212,-0.01601477712392807,0.022644588723778725,0.000650690752081573,-0.007169432006776333,0.022505803033709526,0.006076113786548376,0.0032993925269693136,0.0064125643111765385,-0.014407074078917503,-0.0026206858456134796,-1.3512467376131099e-05,-0.003837252501398325,0.0007146477582864463,0.001976087223738432,0.000715961039531976,0.0015097735449671745,-0.0033679730258882046,-0.005017192102968693,241.0,7.58369779586792,41.001529693603516,8.724357604980469,9.717706680297852,5.206984043121338,3.914254903793335,1.6782681941986084,0.3660854697227478,0.618489146232605,0.6458142399787903,0.22901839017868042,0.6520164012908936,0.46219831705093384,0.6695795059204102,0.31830987334251404,0.01968059502542019,0.3070174753665924,0.18108567595481873,0.03224305436015129,0.02367311343550682,0.03400140255689621,0.15228115022182465,0.06069709360599518,0.018260639160871506,0.03713809326291084,0.041459690779447556,0.007251629140228033,0.06930603832006454,0.018549561500549316,0.029963864013552666,0.03227519616484642,0.006340431049466133,0.04286563768982887,0.0353030189871788,0.07190902531147003,0.06892108172178268,0.07815272361040115,0.04409531503915787,0.040094852447509766,0.4205091595649719,0.5500421524047852,93.68235778808594,199.92086791992188,24.56501579284668,48.02912139892578,45.576637268066406
01616148_012,carrot,0,pass,..\data\raw\raw_images\01616148_012.jpg,2817.0,259.0782165527344,4.881321907043457,0.5273936986923218,0.9017285704612732,0.9400404095649719,0.14411571621894836,-1.0,-0.0,0.0,-0.41821661591529846,-0.01351421233266592,-0.007089253049343824,0.04053975269198418,0.056924667209386826,-0.07500604540109634,0.0016444696811959147,0.0034874072298407555,-0.07926833629608154,-0.00642554834485054,-0.004849759396165609,0.0050834971480071545,-0.013967694714665413,-0.014714417047798634,-0.0007128327270038426,0.02024388313293457,-0.01583997905254364,-0.0037327383179217577,0.002560021821409464,0.010324850678443909,-0.0057015493512153625,-0.000769064063206315,0.0036317692138254642,0.003770052222535014,-0.016054434701800346,-0.00271605490706861,-0.00047148382873274386,-0.0025241291150450706,-0.0006561484187841415,0.0025982195511460304,0.004636565688997507,-0.006649197079241276,-0.008318562060594559,-0.0011428556172177196,-0.0014650833327323198,-0.007750876247882843,-0.00029034289764240384,216.0,7.264130115509033,52.9864616394043,4.365573406219482,1.7189021110534668,0.5011051297187805,2.0630455017089844,1.4938596487045288,1.3705644607543945,0.25205060839653015,1.3402032852172852,0.8009083867073059,0.5354171991348267,0.5794396996498108,0.384734570980072,0.31830987334251404,0.034248240292072296,0.30664530396461487,0.24155233800411224,0.039718147367239,0.01249995082616806,0.16123168170452118,0.18402044475078583,0.16703683137893677,0.027207424864172935,0.02609831653535366,0.020476071164011955,0.048977307975292206,0.07230016589164734,0.0660196989774704,0.10399261862039566,0.024551842361688614,0.055761247873306274,0.04569051414728165,0.02072317712008953,0.009191012941300869,0.021564684808254242,0.03166267275810242,0.010444927029311657,0.047206778079271317,0.22390741109848022,0.6378027200698853,92.93814086914062,146.83322143554688,25.35349464416504,47.694366455078125,44.72653579711914
01616148_014,carrot,0,pass,..\data\raw\raw_images\01616148_014.jpg,3322.5,263.864990234375,4.577720642089844,0.599668562412262,0.9202326536178589,0.8433094024658203,0.15952596068382263,-1.0,8.485436437506182e-17,-9.01577633892741e-17,-0.5999862551689148,-0.05191485583782196,-0.016283540055155754,-0.0014621828449890018,0.10675305128097534,-0.054646413773298264,0.01068370882421732,0.00859742984175682,-0.0752275213599205,-0.02379360981285572,-0.018550047650933266,-0.004185240250080824,-0.026161011308431625,-0.009752818383276463,0.00761739257723093,0.009153570979833603,0.0025489390827715397,-0.005678235553205013,-0.009684189222753048,0.015249554999172688,-0.01713678054511547,-0.004189768340438604,0.0069213369861245155,0.0012891439255326986,0.000941681966651231,0.002224273281171918,-0.0005631317617371678,0.015994863584637642,-0.0012330060126259923,-0.004223915748298168,0.0032949072774499655,0.002596024889498949,-0.010504381731152534,0.003814165713265538,0.0019571727607399225,-0.002904850523918867,-0.003671749960631132,227.0,4.989040374755859,37.11000061035156,13.651656150817871,2.861100673675537,2.9605183601379395,2.1991922855377197,1.233219861984253,0.9814082980155945,1.5093297958374023,0.45380789041519165,0.4921753704547882,1.1344828605651855,1.2434662580490112,0.10782712697982788,0.31830987334251404,0.018983257934451103,0.3377748429775238,0.15818679332733154,0.06059405580163002,0.06501240283250809,0.028118444606661797,0.1349438577890396,0.06325387954711914,0.05554255470633507,0.0545177198946476,0.07067742198705673,0.027720550075173378,0.0464027002453804,0.019617032259702682,0.04068869352340698,0.03297524154186249,0.0543149933218956,0.0530538447201252,0.03868184983730316,0.03731688857078552,0.08145347237586975,0.058139070868492126,0.02824278548359871,0.02797768823802471,0.30235928297042847,0.5974103212356567,111.99505615234375,183.60110473632812,25.659420013427734,56.85871887207031,43.04050064086914
01616148_010,orange,1,pass,..\data\raw\raw_images\01616148_010.jpg,3507.0,220.65179443359375,3.7259719371795654,0.9051710963249207,0.9894202351570129,0.2930642068386078,0.08348827809095383,1.0,-2.290469468906438e-16,1.8323756545344892e-16,0.9697299599647522,-0.007106051314622164,-0.00435288343578577,-0.0027236968744546175,0.003408058313652873,0.0021767145954072475,-0.000605073117185384,-0.0005658588488586247,0.012086565606296062,-0.0028845355845987797,-0.0049437182024121284,0.0014600660651922226,-0.003150775097310543,-0.004233256913721561,-0.002390912501141429,-0.0022403663024306297,0.001384371891617775,0.000505857344251126,-0.001966474112123251,0.0003042615426238626,0.0003114220453426242,-0.006483791396021843,-0.0033468736801296473,0.0005459139356389642,0.0017096735537052155,0.001354811480268836,9.09991649677977e-05,0.0013104950776323676,-0.0018853814108297229,-0.00045803142711520195,-0.0014547155005857348,-0.001071567996405065,0.000982868019491434,0.0016001901822164655,0.0016970696160569787,0.000587462040130049,0.000743329816032201,190.00001525878906,0.022748393937945366,2.14670467376709,1.0523490905761719,0.6766417026519775,0.2798921465873718,0.755395233631134,0.0707043930888176,0.3931754231452942,0.30124038457870483,0.1812179982662201,0.14583230018615723,0.09838683903217316,0.04690546542406082,0.09458490461111069,0.31830987334251404,1.1633184908304043e-16,0.4133482873439789,0.011993891559541225,0.0003654160536825657,0.0056832623668015,0.09108700603246689,0.014671361073851585,0.0020965535659343004,0.00012566178338602185,0.00991891324520111,0.0016337964916601777,0.2179032415151596,0.01433280948549509,0.005087066907435656,0.0027856379747390747,0.0010360694723203778,0.002880770480260253,0.00390512403100729,0.0006268777069635689,0.11639848351478577,0.01696125417947769,0.001658810069784522,0.008465353399515152,0.0016684260917827487,0.6501596570014954,0.7372721433639526,155.7521514892578,158.46405029296875,5.305963516235352,56.29686737060547,38.2783088684082
01616148_004,apple,1,pass,..\data\raw\raw_images\01616148_004.jpg,3713.5,246.35028076171875,4.042605400085449,0.7689306139945984,0.9502303004264832,0.4395390748977661,0.15073318779468536,-1.0,1.9977776310294086e-16,-1.7480553775198958e-16,-0.9320554733276367,-0.017442870885133743,0.0016833123518154025,-0.08029194921255112,-0.014616155065596104,-0.0057130674831569195,-0.00390692800283432,0.024382401257753372,-0.053509343415498734,0.0024910769425332546,-0.00566436629742384,0.031960852444171906,0.022301085293293,-0.0010295810643583536,-0.00011624888429651037,-0.013785840012133121,0.010862672701478004,0.0020711831748485565,-0.0025843153707683086,0.001998770982027054,-0.004790595732629299,-0.003957575652748346,-0.000324059248669073,-0.0062973774038255215,0.015651047229766846,0.001135972561314702,-0.0011363682569935918,-0.005641466937959194,-0.008716884069144726,-0.0035062162205576897,0.001299960189498961,0.014801224693655968,-0.009551201947033405,-0.001771175884641707,0.000663322804030031,-0.0008334167068824172,0.010102709755301476,207.0,0.7359204292297363,6.875707626342773,6.366052150726318,3.6093764305114746,1.8162881135940552,0.4912418723106384,0.1912074238061905,2.0102555751800537,0.9551107287406921,1.377986192703247,0.9605028629302979,0.7418069839477539,0.5658414959907532,0.9943556785583496,0.31830987334251404,3.5841047727653045e-16,0.3697221875190735,0.03362273424863815,0.012788248248398304,0.034553129225969315,0.11683833599090576,0.04039677977561951,0.019737232476472855,0.0023771540727466345,0.04975081980228424,0.007495052646845579,0.14497056603431702,0.03689948841929436,0.03627767041325569,0.002393494127318263,0.033118557184934616,0.0255608968436718,0.016864165663719177,0.001741897314786911,0.11575162410736084,0.04203736409544945,0.005689866840839386,0.005183518398553133,0.008205529302358627,0.13738702237606049,0.7916958928108215,124.08590698242188,108.84337615966797,18.948495864868164,54.76630783081055,44.410255432128906
01616148_002,apple,1,pass,..\data\raw\raw_images\01616148_002.jpg,3399.5,230.6934356689453,3.956650495529175,0.8027021884918213,0.9581454396247864,0.5637900829315186,0.11345897614955902,-1.0,1.0188781974998647e-16,-1.27359781304928e-16,-0.8868308663368225,0.013076063245534897,-0.003762403503060341,-0.0266984011977911,0.004601221531629562,-0.031912315636873245,-0.015441237948834896,-0.012988369911909103,-0.04675254598259926,-0.0034099637996405363,-0.003975358791649342,0.013303774408996105,-0.013248258270323277,0.0029101024847477674,0.006209312938153744,0.017718270421028137,0.006191221531480551,0.0031334073282778263,0.003233477706089616,-0.001715010148473084,0.007235492579638958,0.004457796923816204,-0.0005670388345606625,-0.008729715831577778,-0.0026470350567251444,-0.004835861269384623,-0.0034936005249619484,0.00017494232452008873,0.007202105596661568,0.00016966847761068493,-0.002349104266613722,-0.0015508198412135243,0.007156746927648783,-0.0002813686151057482,0.0034167508129030466,0.0016822039615362883,-0.011552113108336926,193.0,0.3085554838180542,9.9099702835083,2.2872538566589355,2.3622984886169434,1.294816017150879,1.6631031036376953,0.27064698934555054,0.9883724451065063,1.0585315227508545,1.0666519403457642,0.8730082511901855,1.4652783870697021,0.0569617860019207,1.2975865602493286,0.31830987334251404,2.411142017737022e-16,0.416897714138031,0.05152539536356926,0.0054471842013299465,0.01270814798772335,0.06623198091983795,0.06946352124214172,0.010023454204201698,0.004625197034329176,0.02329818531870842,0.005056168418377638,0.19609901309013367,0.0478086918592453,0.024785827845335007,0.00366024998947978,0.013039995916187763,0.007846446707844734,0.014198018237948418,0.0009995416039600968,0.07300757616758347,0.07821852713823318,0.024690402671694756,0.014328768476843834,0.002015873556956649,0.006108245346695185,0.7010802626609802,90.08921813964844,158.5982208251953,24.14236831665039,40.9047737121582,34.56679153442383
01616148_015,carrot,0,pass,..\data\raw\raw_images\01616148_015.jpg,2828.5,265.2375793457031,4.987202167510986,0.505237877368927,0.8504209518432617,0.9273165464401245,0.1344163715839386,-1.0,-1.9553335379614346e-17,0.0,-0.42581918835639954,0.003285419661551714,-0.003083599265664816,0.043342217803001404,-0.08899984508752823,-0.06425493955612183,-0.010815233923494816,-0.07915518432855606,-0.0637194812297821,0.01233724132180214,-0.0015051579102873802,0.028989125043153763,-0.029167884960770607,-0.007916501723229885,-0.014693033881485462,-0.011234805919229984,-0.015664637088775635,0.008416088297963142,-0.00029165009618736804,0.0053696949034929276,0.02069777436554432,-0.004301924724131823,-0.006458597257733345,-0.004617313388735056,-0.014071004465222359,0.007113457657396793,-0.0021574452985078096,-0.0035202326253056526,0.01320326142013073,-0.002816535299643874,-0.0013105401303619146,0.004167563281953335,-0.004273206926882267,0.0015221253270283341,-0.001341507537290454,-0.0018256384646520019,0.012877185828983784,235.00001525878906,15.874618530273438,54.74915313720703,3.574385166168213,5.028692722320557,5.786174774169922,1.3927749395370483,0.922897219657898,1.2982293367385864,1.143310308456421,0.5232910513877869,0.6372236609458923,0.3609902262687683,0.5914279222488403,0.819694459438324,0.31830987334251404,0.036053143441677094,0.34176596999168396,0.21207086741924286,0.02800486423075199,0.02322285808622837,0.11149722337722778,0.21918629109859467,0.11530455201864243,0.04791073873639107,0.026397021487355232,0.04659871757030487,0.06456083059310913,0.03545781597495079,0.07450726628303528,0.06018725037574768,0.011303044855594635,0.04657057300209999,0.04797231778502464,0.05688336491584778,0.037279609590768814,0.02506752870976925,0.0642370656132698,0.015935594215989113,0.03757424280047417,0.3870306611061096,0.7608215808868408,121.9905014038086,156.48455810546875,16.118667602539062,60.45709228515625,48.18606948852539
01616148_011,carrot,0,pass,..\data\raw\raw_images\01616148_011.jpg,3345.0,252.45079040527344,4.364943981170654,0.6595572829246521,0.94451504945755,0.7950089573860168,0.12658201158046722,-1.0,-8.694251896572538e-17,2.6082757013206595e-16,-0.6440007090568542,-0.023273905739188194,0.06724105775356293,0.1261887550354004,0.05221027135848999,-0.046158116310834885,-0.0031339130364358425,-0.018285736441612244,-0.03891827166080475,-0.019120870158076286,0.04601401835680008,-0.019590701907873154,-0.014963224530220032,-0.01207656878978014,-0.010262019000947475,0.002274390310049057,-0.015857450664043427,-0.004368319641798735,0.012608088552951813,-0.020794963464140892,-0.010433889925479889,-0.004021728876978159,-0.003024633042514324,-0.0025284532457590103,-0.006512786727398634,-0.003065952565521002,-0.0025069911498576403,-0.010047735646367073,-0.006327036768198013,0.0036134410183876753,-0.0007764343754388392,-0.004836845211684704,0.004833090119063854,-0.0027198062743991613,0.0007391396211460233,0.005690240301191807,0.0018677052576094866,216.0,3.239349842071533,27.64228630065918,18.677560806274414,2.4150402545928955,2.83450984954834,0.5982565879821777,0.8383029103279114,0.5108040571212769,1.2647947072982788,0.4168379306793213,0.7000254392623901,0.3931840658187866,0.6773823499679565,0.09216098487377167,0.31830987334251404,0.007537650875747204,0.34370797872543335,0.13456286489963531,0.06414332240819931,0.10215045511722565,0.04912277311086655,0.07876721024513245,0.05544552952051163,0.02204553410410881,0.05726982280611992,0.10847294330596924,0.11660847812891006,0.03044302575290203,0.025515608489513397,0.010436048731207848,0.0729663297533989,0.013213522732257843,0.04287305101752281,0.06948385387659073,0.04608578607439995,0.06248364597558975,0.0379064604640007,0.006221936549991369,0.04254278913140297,0.37310412526130676,0.8369771242141724,104.52692413330078,154.51678466796875,11.972830772399902,44.0316276550293,34.56671142578125
01616148_007,orange,1,pass,..\data\raw\raw_images\01616148_007.jpg,3723.5,231.0365753173828,3.7862131595611572,0.8765965104103088,0.9862269759178162,0.5294978618621826,0.11111172288656235,-1.0,1.2147721358686323e-17,-4.859088543474529e-17,-0.8858160972595215,0.002029353054240346,0.00012397620594128966,-0.009411809034645557,-0.0013899729819968343,-0.023921821266412735,-0.00023514892382081598,-0.0020070536993443966,-0.017275044694542885,-0.0007187856826931238,-0.0061268131248652935,0.00034292243071831763,0.0037481668405234814,-0.0022071015555411577,-0.00046080080210231245,0.000667101121507585,0.003422690089792013,0.002200459595769644,-0.003451119177043438,-0.0026413847226649523,-0.004648510366678238,-0.0007570914458483458,-0.00044874229934066534,-0.0022996922489255667,-0.0011401321971789002,0.003552510868757963,-0.0029167290776968002,0.0019065816886723042,0.00043725466821342707,-9.690684237284586e-05,-0.00022864916536491364,-0.0006294461200013757,-0.004569815471768379,0.0021366525907069445,-0.00030653816065751016,-0.0017957055242732167,0.0009740550885908306,195.0,0.036727577447891235,8.279243469238281,0.9504089951515198,0.4381831884384155,0.4541729688644409,0.14851614832878113,0.7895473837852478,0.13694465160369873,0.37552571296691895,0.1634688377380371,0.13940463960170746,0.2283070981502533,0.13377368450164795,0.28630194067955017,0.31830987334251404,7.381734904830393e-16,0.3734671175479889,0.046448852866888046,0.0012313490733504295,0.0055506424978375435,0.11977134644985199,0.0430850088596344,0.009016867727041245,8.353112207259983e-05,0.007158959750086069,0.0037957162130624056,0.15707005560398102,0.06266104429960251,0.005911458283662796,0.00417838990688324,0.003222695318982005,0.004943279083818197,0.006465101148933172,0.004358053207397461,0.12475056946277618,0.032016560435295105,0.020499467849731445,0.006973354145884514,0.0017864027759060264,0.5869881510734558,0.6677896976470947,122.6405029296875,196.52720642089844,13.890297889709473,43.37004470825195,42.6148681640625
01616148_020,cucumber,0,pass,..\data\raw\raw_images\01616148_020.jpg,347.0,94.91168975830078,5.095126152038574,0.4840608537197113,0.7527114748954773,0.8116089105606079,0.19892317056655884,-1.0,1.2597748970945798e-16,-1.8896623456418697e-16,-0.5556546449661255,-0.11329192668199539,-0.03364737704396248,0.08344312012195587,0.1284649670124054,-0.05602215975522995,0.020910460501909256,0.028241656720638275,-0.1513735055923462,-0.008537416346371174,-0.006827640812844038,0.0022368382196873426,-0.061865996569395065,-0.024606330320239067,-0.006896762177348137,-0.0037172026932239532,0.04430283233523369,0.0004379953898023814,0.00015732563042547554,-0.007659337017685175,-0.017419811338186264,-0.02226158417761326,0.0026806166861206293,-0.01963392086327076,-0.009357614442706108,0.007141884416341782,-0.007937416434288025,-0.0010008536046370864,0.007598245516419411,-0.012771750800311565,0.003742444096133113,0.0015348322922363877,-0.011449702084064484,-0.0021298988722264767,0.001041511190123856,0.006713395938277245,0.01581571064889431,79.99999237060547,1.9415712356567383,16.70712661743164,6.237179756164551,3.938047409057617,0.9456131458282471,2.357346773147583,0.8270013332366943,1.163521409034729,0.7653635144233704,0.05616578087210655,0.8063367605209351,0.14775894582271576,0.36407509446144104,0.09836168587207794,0.31830987334251404,1.0500391499659214e-16,0.8667981624603271,0.02698025293648243,0.005839896854013205,0.005445408634841442,1.182560682296753,0.12017776817083359,0.0016988689312711358,0.02988441474735737,0.028385836631059647,0.000688434112817049,1.203035831451416,0.2820507287979126,0.010153046809136868,0.00022997929772827774,0.0790744498372078,0.0773751363158226,0.0047495122998952866,6.81665405863896e-05,0.9649493098258972,0.4746257960796356,0.03151102364063263,0.0017684902995824814,2.7494319510878995e-05,0.6142597198486328,0.7846601009368896,18.00257682800293,188.2628936767578,2.3999528884887695,2.6973628997802734,22.73384666442871
01610963_003,orange,1,pass,..\data\raw\raw_images\01610963_003.jpg,774.0,115.05382537841797,4.135524272918701,0.7347654104232788,0.9241790771484375,0.6142738461494446,0.14700715243816376,-1.0,3.1177061973922213e-16,-3.1177061973922213e-16,-0.8406981229782104,0.03931550309062004,-0.06655022501945496,-0.01759398728609085,0.022587813436985016,-0.027396149933338165,-0.04528312385082245,-0.033477261662483215,-0.013832892291247845,-0.021024877205491066,-0.04797406122088432,0.025678101927042007,0.029751790687441826,-0.01851634681224823,-0.029707083478569984,0.027784502133727074,-0.009604991413652897,-0.0265585258603096,0.005355497356504202,0.00962525513023138,0.006554226391017437,-0.00210906146094203,0.006094103679060936,0.015359336510300636,0.002395329996943474,-0.002108745276927948,0.004173144232481718,-0.0038151622284203768,-0.013281074352562428,0.0006782612181268632,0.001243211911059916,-0.003462158842012286,0.011611850000917912,0.007822121493518353,-0.006800013594329357,0.005290464498102665,0.0028573451563715935,95.99999237060547,0.38579726219177246,5.158143997192383,4.2842607498168945,3.5950803756713867,1.9855568408966064,0.8065257668495178,1.5348021984100342,0.6488468050956726,0.6281549334526062,0.4466639757156372,0.3194330036640167,0.3704466223716736,0.09730030596256256,0.34868738055229187,0.31830987334251404,3.0428960489673745e-17,0.8246043920516968,0.014409738592803478,0.0015592239797115326,0.003977363929152489,1.0022401809692383,0.058427516371011734,0.002186726313084364,0.0070664710365235806,0.019816357642412186,0.0008618956780992448,0.8071390986442566,0.1167859137058258,0.012682824395596981,0.0001996686332859099,0.015267421491444111,0.0504072904586792,0.005649670958518982,9.042926831170917e-05,0.3616478443145752,0.1506732851266861,0.03776611015200615,0.001452133757993579,7.991416168806609e-06,0.5798950791358948,0.8141769170761108,194.317138671875,207.3268585205078,0.8292949199676514,32.65702819824219,24.84149169921875
01610963_005,orange,1,pass,..\data\raw\raw_images\01610963_005.jpg,3390.5,248.6934356689453,4.2710280418396,0.6888822317123413,0.9297956824302673,0.7590725421905518,0.1486934870481491,-1.0,2.3241408814443686e-16,-2.788969004793683e-16,-0.7328600287437439,0.01671689748764038,-0.006412442307919264,-0.0018653760198503733,-0.017923686653375626,-0.05443624407052994,0.024620862677693367,0.027131715789437294,-0.05487442761659622,0.03240217640995979,0.005546993110328913,-0.004583216272294521,-0.012745876796543598,0.004167678765952587,0.016556203365325928,-0.013964268378913403,-0.0003446116461418569,0.00993153266608715,0.004248046316206455,0.028721503913402557,0.019618283957242966,-0.0023109924513846636,0.012130562216043472,0.0017102193087339401,0.002008374547585845,0.005072230007499456,0.014002444222569466,-0.016534065827727318,-0.00776891503483057,-0.00808798335492611,0.006195399910211563,-0.00571430753916502,0.014515669085085392,-0.0007781978347338736,-0.004535422660410404,-0.008046967908740044,0.002279527485370636,211.0,1.47515070438385,22.89019775390625,2.2373781204223633,5.186312198638916,4.267476558685303,1.0017426013946533,3.7192435264587402,2.381934642791748,1.4152452945709229,1.811806082725525,1.472995638847351,0.7706601023674011,0.6632418632507324,1.319036602973938,0.31830987334251404,1.7932443470278963e-15,0.37210363149642944,0.11602583527565002,0.013456610031425953,0.020912498235702515,0.029619360342621803,0.11268554627895355,0.0460050068795681,0.013222544454038143,0.005984369199723005,0.03441334143280983,0.10152111947536469,0.08655490726232529,0.03530806303024292,0.027863409370183945,0.014504892751574516,0.022000305354595184,0.044578101485967636,0.023608310148119926,0.016459619626402855,0.08048638701438904,0.0646972507238388,0.030573179945349693,0.02250678837299347,0.08727481216192245,0.12843374907970428,149.86788940429688,189.45896911621094,55.29146957397461,54.383819580078125,40.539085388183594
01610963_009,apple,1,pass,..\data\raw\raw_images\01610963_009.jpg,1710.0,194.30865478515625,4.698876857757568,0.5691433548927307,0.8421571254730225,0.39014050364494324,0.18400895595550537,-1.0,2.6173540416306535e-16,-2.9912619131194874e-16,-0.9734459519386292,0.11773078888654709,0.041517458856105804,-0.028598180040717125,-0.015518582426011562,0.11569879204034805,-0.010308375582098961,-0.020192870870232582,-0.08915234357118607,0.05653943121433258,0.022787684574723244,0.022637411952018738,0.02782413363456726,0.07143617421388626,-0.020304812118411064,-0.02090509794652462,0.06075700372457504,0.014217291958630085,0.01694772019982338,-0.013340103439986706,0.002736660186201334,0.02154846303164959,0.0007898480980657041,0.006734396331012249,-0.021616298705339432,-0.013929452747106552,0.00990282092243433,-0.0022592281457036734,-0.006921279244124889,0.004363060463219881,0.01221999991685152,0.018992094323039055,-0.004853253252804279,-0.009229745715856552,0.0007102423696778715,-0.003557131625711918,-0.002836245344951749,161.99998474121094,0.6703281998634338,0.88715660572052,8.117288589477539,13.927215576171875,4.415122985839844,1.8684446811676025,0.6675640940666199,1.6753709316253662,0.786115825176239,2.556196689605713,0.6597597599029541,1.1117565631866455,0.15993472933769226,0.6494919061660767,0.31830987334251404,3.183729821592293e-15,0.6604028940200806,0.0075340974144637585,0.012312112376093864,0.01742921955883503,0.4449484050273895,0.0213534664362669,0.02293975092470646,0.03820420801639557,0.06201515346765518,0.008611981756985188,0.014711227267980576,0.02097472921013832,0.0989680290222168,0.0026153484359383583,0.036612652242183685,0.08987650275230408,0.04178657755255699,0.0018091131933033466,0.2510712742805481,0.017800530418753624,0.18815013766288757,0.013281997293233871,0.001378924585878849,0.22192157804965973,0.2241584211587906,92.56417083740234,205.17857360839844,43.51873779296875,49.069618225097656,26.93194580078125
01610963_008,apple,1,pass,..\data\raw\raw_images\01610963_008.jpg,1400.0,153.5391082763672,4.1035051345825195,0.7462767362594604,0.9501187801361084,0.781114399433136,0.1391955316066742,-1.0,8.774813332534793e-17,-1.579466439560932e-16,-0.6939035058021545,0.027483569458127022,-0.017477452754974365,-0.049745071679353714,-0.011624769307672977,-0.031158989295363426,0.012632950209081173,0.01851729117333889,-0.05349302291870117,0.022668540477752686,-0.019568031653761864,0.010964583605527878,-0.018261197954416275,0.0018234070157632232,-0.00037920300383120775,-0.0054670777171850204,0.011585600674152374,0.02179841883480549,-0.01814073882997036,-0.005218844395130873,0.010351364500820637,0.00023102578416001052,-0.004581030458211899,-0.007439125794917345,4.473398075788282e-05,0.004783787298947573,-0.011960787698626518,-0.0058231051079928875,0.004561347886919975,0.00023065200366545469,-0.003073744708672166,0.0013616346986964345,-0.008320863358676434,0.0014156331308186054,-0.010734272189438343,0.006275390274822712,-0.0009119009482674301,132.0,0.740005612373352,15.525599479675293,3.8471059799194336,1.34877347946167,2.9787843227386475,0.24739523231983185,1.4721368551254272,0.722793698310852,1.2092679738998413,0.5922408699989319,0.44835779070854187,0.3258872628211975,0.12399730831384659,0.22064729034900665,0.31830987334251404,2.821791002104195e-17,0.6277304291725159,0.06825447827577591,0.03582660108804703,0.017733769491314888,0.2978006601333618,0.21149882674217224,0.012402258813381195,0.13190823793411255,0.061381351202726364,0.009973064064979553,0.34586262702941895,0.24631908535957336,0.047361500561237335,0.003773355158045888,0.2062673270702362,0.09285464882850647,0.04740596190094948,0.003755660029128194,0.7318145036697388,0.04329408332705498,0.06864949315786362,0.01781940460205078,0.001384826609864831,0.5744658708572388,0.754832923412323,85.54969024658203,212.41407775878906,9.309499740600586,31.999467849731445,21.275243759155273
01610963_002,orange,1,pass,..\data\raw\raw_images\01610963_002.jpg,5619.5,308.69342041015625,4.117926120758057,0.7410589456558228,0.9488391876220703,0.24024328589439392,0.1272089183330536,-1.0,8.297091382494798e-17,-8.297091382494798e-17,-0.9773377776145935,-0.027866987511515617,0.047509994357824326,0.02000316046178341,-0.05336461588740349,-0.0516221858561039,-0.018310904502868652,0.006001482717692852,0.036173827946186066,0.02773437090218067,0.0025369676295667887,-0.026047300547361374,0.014257526025176048,-0.020976360887289047,0.01254103984683752,-0.00040364524465985596,-0.014717628248035908,0.0024168663658201694,-0.0022447959054261446,0.012772219255566597,0.005086705554276705,0.014249656349420547,0.0013066675746813416,0.012289361096918583,-0.009376509115099907,0.01372962910681963,0.013954214751720428,-0.006456471048295498,-0.012385520152747631,-0.0019075371092185378,0.003251938382163644,-0.0030103488825261593,0.004179615061730146,0.011722270399332047,-0.0037493910640478134,-0.00022566069674212486,0.01330286730080843,270.9999694824219,0.4855016767978668,2.364771842956543,7.447546482086182,8.908541679382324,3.222829580307007,1.1858984231948853,2.472371816635132,2.1839284896850586,2.530550241470337,1.4090393781661987,0.43123212456703186,2.7727649211883545,0.5634818077087402,1.0195989608764648,0.31830987334251404,0.0004831478581763804,0.06885315477848053,0.02312280423939228,0.05473027750849724,0.04406614974141121,0.08628761768341064,0.049671392887830734,0.06956955045461655,0.04481383413076401,0.049052536487579346,0.027503835037350655,0.08516090363264084,0.022569548338651657,0.025448087602853775,0.0033475125674158335,0.03969018533825874,0.04791909456253052,0.006315386854112148,0.028549177572131157,0.011512357741594315,0.029992565512657166,0.02640439011156559,0.017399102449417114,0.025685980916023254,-0.28362205624580383,-0.38233745098114014,94.58930969238281,174.17050170898438,34.90420150756836,59.7758903503418,49.9806022644043
01610963_001,orange,1,pass,..\data\raw\raw_images\01610963_001.jpg,2427.0,205.82337951660156,4.177917003631592,0.7199299931526184,0.9463832974433899,0.7394306063652039,0.11917626857757568,-1.0,1.074382810695561e-16,0.0,-0.7068321704864502,-0.016603123396635056,-0.031663451343774796,-0.06782035529613495,-0.09364159405231476,-0.051267966628074646,0.02050669491291046,0.021405844017863274,0.0006088807131163776,0.02231316827237606,-0.028232315555214882,0.02439403161406517,-0.009437558241188526,-0.02587166614830494,0.011234148405492306,-0.011484651826322079,0.003954436630010605,0.022262830287218094,-0.007620595395565033,0.00594741478562355,-0.006429786793887615,-0.015033028088510036,0.002753384178504348,-0.0003131394914817065,0.0005229978123679757,0.007832663133740425,-0.0033769512083381414,-0.0015707274433225393,0.005155065096914768,-0.005053479224443436,0.0012420754646882415,0.001008650055155158,-0.006230186205357313,0.0007779778097756207,0.00033948139753192663,0.002745704958215356,0.005577407777309418,175.99998474121094,3.6705245971679688,17.144786834716797,8.598556518554688,4.277322292327881,2.5027577877044678,2.1728529930114746,2.01755428314209,1.6969307661056519,0.8233559131622314,0.3472222685813904,0.3201979696750641,0.2487429976463318,0.3813265264034271,0.35899993777275085,0.31830987334251404,2.445942366374965e-16,0.5399526953697205,0.07056024670600891,0.027488278225064278,0.034916944801807404,0.18330860137939453,0.1299353688955307,0.030690228566527367,0.029906561598181725,0.07118592411279678,0.02702341228723526,0.16792750358581543,0.03698735311627388,0.0586630180478096,0.020749026909470558,0.044088784605264664,0.03988143056631088,0.05874596908688545,0.01947575807571411,0.17199072241783142,0.09649485349655151,0.03317195177078247,0.044254008680582047,0.016131941229104996,0.5804110169410706,0.7501602172851562,163.3426055908203,158.5071563720703,9.31765079498291,59.8460578918457,58.43910598754883
01610963_012,carrot,0,pass,..\data\raw\raw_images\01610963_012.jpg,1100.5,183.15432739257812,5.521056175231934,0.4122546315193176,0.9232382774353027,0.9817111492156982,0.118512362241745,-1.0,3.2149555720788146e-17,-1.2216831637120639e-16,-0.27169880270957947,0.011434062384068966,-0.010479810647666454,0.003907110076397657,-0.022338999435305595,-0.09157760441303253,-0.014417429454624653,-0.0011189851211383939,-0.06751444935798645,0.0014515164075419307,-0.0051791248843073845,0.0005631389212794602,-0.003209254238754511,-0.031904373317956924,-0.0010481488425284624,0.0032879600767046213,-0.020208127796649933,0.00622069975361228,-0.0009425070020370185,0.0016383208567276597,0.004660658538341522,-0.011245024390518665,-0.0009558752062730491,0.0002459688694216311,-0.005191241391003132,0.0013850294053554535,-0.0023620917927473783,0.0022825561463832855,0.006173550151288509,-0.0066258604638278484,-0.0033041546121239662,-0.0005362072843126953,0.0018917687702924013,-0.0011083110002800822,-0.0006475215777754784,4.231419006828219e-05,0.007166683208197355,166.99998474121094,4.599709510803223,53.9314079284668,0.2122325599193573,2.1734776496887207,1.0062923431396484,3.8317160606384277,0.2706902027130127,0.7981249094009399,0.39068514108657837,1.2351534366607666,0.2666911482810974,0.5793883204460144,0.01721009612083435,0.3908354938030243,0.31830987334251404,4.306084157967144e-16,0.5058827996253967,0.20517587661743164,0.041982006281614304,0.017576860263943672,0.2904333770275116,0.42315956950187683,0.13321764767169952,0.03472934663295746,0.009551349096000195,0.024765845388174057,0.26161491870880127,0.32086431980133057,0.32025811076164246,0.0888604149222374,0.03864866867661476,0.047305669635534286,0.022678526118397713,0.024808207526803017,0.268300324678421,0.2059609740972519,0.2811625003814697,0.23544847965240479,0.06114920973777771,0.44608983397483826,0.8631833791732788,143.72743225097656,195.36624145507812,6.872070789337158,39.316749572753906,60.77396011352539
01610963_014,carrot,0,pass,..\data\raw\raw_images\01610963_014.jpg,1963.0,213.3380889892578,4.8151326179504395,0.5419926047325134,0.9396840333938599,0.910070538520813,0.1607162207365036,-1.0,4.477051868844463e-17,-8.357163885556359e-17,-0.44582414627075195,-0.0325036346912384,-0.001352450461126864,0.03053513914346695,0.11124033480882645,-0.08166484534740448,0.0001673672959441319,0.0019870742689818144,-0.04056774452328682,-0.028903881087899208,0.0037965544033795595,-0.007223415654152632,-0.015971628949046135,-0.020281074568629265,-0.0023107563611119986,0.002574447076767683,-0.000444353383500129,-0.012198880314826965,0.0013106238329783082,-0.005808484740555286,-0.0072250645607709885,-0.009410115890204906,0.0027520612347871065,0.004713328089565039,-0.0016546337865293026,-0.006927452981472015,-0.003974236082285643,-0.004470631945878267,0.001410787575878203,-0.005983916576951742,0.004364530555903912,0.005613832734525204,-0.005877224262803793,-0.0054703522473573685,-0.006080007646232843,-0.002237987704575062,-0.00410205265507102,186.0,12.823409080505371,41.00362014770508,7.436067581176758,1.7085330486297607,1.8855500221252441,2.3691093921661377,0.9825870394706726,1.1160680055618286,1.073149561882019,0.920528769493103,0.6798827648162842,0.9895046353340149,1.0310884714126587,0.6412547826766968,0.31830987334251404,0.00882850680500269,0.5102983117103577,0.15092720091342926,0.10214219987392426,0.05280359834432602,0.2715435326099396,0.2526540160179138,0.09009885042905807,0.05168873816728592,0.035539910197257996,0.06254873424768448,0.04482034593820572,0.15328799188137054,0.12361268699169159,0.0688626691699028,0.0805126503109932,0.041462332010269165,0.06455516070127487,0.0583503320813179,0.01634599082171917,0.029479511082172394,0.05992729216814041,0.07936645299196243,0.05827665701508522,0.42119544744491577,0.8724890351295471,173.2124481201172,149.87603759765625,7.208820343017578,64.55016326904297,44.45763397216797
01610963_004,orange,1,pass,..\data\raw\raw_images\01610963_004.jpg,1727.0,175.68124389648438,4.227457046508789,0.7031555771827698,0.9586455821990967,0.8555954694747925,0.11539226770401001,-1.0,1.3071702286115001e-16,-1.5760207690885057e-17,-0.6014615893363953,0.013247684575617313,-0.01258774008601904,0.06567251682281494,0.004051302559673786,-0.06862156093120575,-0.0030830511823296547,0.006825558841228485,-0.04529844596982002,0.00455592991784215,0.009150872007012367,0.00887895654886961,0.008502268232405186,-0.01863207295536995,3.4034292184514925e-05,0.010620536282658577,-0.0060497778467834,0.003406735835596919,0.005470785312354565,0.012699535116553307,-0.011409612372517586,-0.004033747129142284,0.00025105802342295647,0.0021589412353932858,-0.013681481592357159,0.0036149811930954456,0.0049162437207996845,-0.001365216332487762,-0.004574875347316265,-0.0008344756788574159,0.0011446153512224555,-0.005356574431061745,-0.011123416014015675,0.0015222346410155296,0.003731435863301158,-0.01021343283355236,0.001943170907907188,149.99996948242188,1.5086346864700317,24.298614501953125,2.728394031524658,2.3562889099121094,0.25288280844688416,1.3929716348648071,1.172254204750061,0.3518694341182709,0.866085410118103,0.682182252407074,0.11583593487739563,0.23051570355892181,0.24890583753585815,0.35868123173713684,0.31830987334251404,1.130666826551629e-16,0.6244819760322571,0.09265105426311493,0.009399146772921085,0.013648861087858677,0.38470131158828735,0.24793878197669983,0.029607808217406273,0.027654090896248817,0.037895988672971725,0.010808364488184452,0.020342107862234116,0.21906784176826477,0.09833622723817825,0.009386819787323475,0.02574179694056511,0.0339626744389534,0.03780362382531166,0.006853880360722542,0.11223026365041733,0.008044752292335033,0.10837463289499283,0.038752369582653046,0.0020586815662682056,0.5809974074363708,0.8028972744941711,192.79312133789062,188.17359924316406,3.839052438735962,45.67310333251953,34.71558380126953
01610963_020,cucumber,0,pass,..\data\raw\raw_images\01610963_020.jpg,3896.0,294.7350769042969,4.721960067749023,0.5635924935340881,0.8440207839012146,0.41666287183761597,0.15434856712818146,-1.0,3.591570243229718e-17,-4.788760324306291e-17,-0.9055335521697998,0.006352259311825037,0.09616473317146301,-0.009096590802073479,-0.0017952329944819212,-0.08337903767824173,0.02419094741344452,-0.01537945494055748,0.07250005751848221,0.0010287663899362087,-0.003220431273803115,-0.09468089789152145,-0.014406256377696991,-0.04325530305504799,-0.004989846609532833,-0.022756902500987053,-0.07820982486009598,0.023496383801102638,-0.020454077050089836,0.0013411336112767458,-0.0026966040022671223,0.023288827389478683,-0.010101636871695518,-0.018558140844106674,-0.025449922308325768,-0.0031260449904948473,0.0011816414771601558,-0.0005579681019298732,0.014997940510511398,0.0032977114897221327,-0.009630289860069752,0.0030719374772161245,-0.01051101740449667,-0.012895668856799603,-0.01068819034844637,0.007842150516808033,-0.005022225435823202,250.0,1.7583554983139038,8.827921867370605,10.832616806030273,17.14870834350586,9.61337661743164,3.564849376678467,2.749281167984009,3.6215925216674805,2.1576292514801025,1.8750978708267212,1.3137729167938232,1.789371371269226,2.1497223377227783,0.487712562084198,0.31830987334251404,0.00015898037236183882,0.2976244390010834,0.04227258265018463,0.03506660833954811,0.04156051203608513,0.085915707051754,0.02012229524552822,0.09781475365161896,0.008882313035428524,0.05098271369934082,0.05229340121150017,0.047774940729141235,0.05517720803618431,0.11772296577692032,0.015200380235910416,0.059939995408058167,0.015271197073161602,0.06506972759962082,0.032651305198669434,0.004248079843819141,0.02402975969016552,0.027912268415093422,0.015398738905787468,0.007873103022575378,-0.03874858468770981,0.04635734111070633,42.07284927368164,152.58229064941406,67.871337890625,40.27925109863281,63.22719192504883
01610963_015,carrot,0,pass,..\data\raw\raw_images\01610963_015.jpg,1409.5,194.12489318847656,5.170691967010498,0.47001585364341736,0.9161521196365356,0.954804539680481,0.13823460042476654,-1.0,7.258508551663838e-17,-2.2722288790851127e-16,-0.3461470901966095,-0.023004597052931786,-0.014142370782792568,0.01800076849758625,0.08439728617668152,-0.08869508653879166,0.0022675683721899986,-0.0033381308894604445,-0.06737982481718063,-0.01679197885096073,-0.00856840517371893,-0.008634915575385094,-0.006666898727416992,-0.02132749930024147,-0.002810572274029255,0.004693695809692144,-0.0026236912235617638,-0.012272455729544163,-0.003227947046980262,-0.0007774264086037874,-0.010349850170314312,-0.009938392788171768,0.0006191456341184676,0.005935093853622675,-0.0048061637207865715,-0.003708052681759,-0.005018153693526983,-0.0025540036149322987,-0.01041469071060419,-0.005895749665796757,0.003721789689734578,0.003085621865466237,0.0006282594986259937,-0.0019901066552847624,-0.003607666352763772,0.0018523953622207046,-0.001151842763647437,172.99996948242188,15.411808013916016,47.860557556152344,1.829540491104126,1.0558143854141235,2.223771572113037,3.087160587310791,0.4854591190814972,0.43824031949043274,0.5308195948600769,1.1132768392562866,0.2616289258003235,0.46127164363861084,0.22745054960250854,0.22028487920761108,0.31830987334251404,4.318846297504306e-16,0.51743084192276,0.18154500424861908,0.11957576870918274,0.056688472628593445,0.33957183361053467,0.331768661737442,0.11910432577133179,0.0858914852142334,0.014994870871305466,0.07370005548000336,0.15625609457492828,0.30640217661857605,0.18754754960536957,0.09388261288404465,0.0451214462518692,0.02283765934407711,0.04864424094557762,0.07497241348028183,0.13189759850502014,0.13203981518745422,0.18090692162513733,0.119083933532238,0.0818115770816803,0.47625190019607544,0.8399146795272827,165.38409423828125,192.78958129882812,7.5865583419799805,52.09532165527344,53.68775177001953
01610963_011,carrot,0,pass,..\data\raw\raw_images\01610963_011.jpg,4735.0,323.5634765625,4.702182769775391,0.5683434009552002,0.8659473061561584,0.646573543548584,0.14545761048793793,-1.0,-1.0548579071679613e-16,1.265829462131774e-16,-0.8446142077445984,0.045727524906396866,-0.07452119141817093,0.043045155704021454,0.012071696110069752,-0.02529122680425644,-0.05445850268006325,0.014701944775879383,-0.0926562026143074,-0.030009189620614052,-0.048253800719976425,-0.03446097671985626,0.0760287418961525,-0.007581932935863733,0.007426413707435131,0.03658527508378029,0.025799065828323364,-0.03129898011684418,-0.008989177644252777,0.023936107754707336,-0.020558269694447517,0.003150736214593053,0.015083507634699345,-0.013934600166976452,-0.027868276461958885,-0.0046393428929150105,0.0033923471346497536,-0.01081030536442995,-0.021203497424721718,0.009489131160080433,-0.00593008566647768,-0.010822521522641182,0.015523562207818031,0.01038462296128273,-0.014250568114221096,-0.002528150798752904,0.007111034356057644,278.0,2.280714988708496,21.33257484436035,5.126317977905273,10.434991836547852,14.316269874572754,5.732851982116699,4.898778438568115,2.2611827850341797,4.069222927093506,2.011883497238159,1.2476412057876587,3.084416389465332,0.905825674533844,0.8753111958503723,0.31830987334251404,0.0017351044807583094,0.181513711810112,0.1070917472243309,0.015527519397437572,0.013987611047923565,0.0733913704752922,0.009546044282615185,0.025385471060872078,0.010610250756144524,0.024205459281802177,0.07502014935016632,0.009413483552634716,0.07084711641073227,0.03703195974230766,0.05091249942779541,0.012123133055865765,0.02970058098435402,0.007323665078729391,0.024838272482156754,0.009247352369129658,0.0226474329829216,0.018550539389252663,0.0320102795958519,0.03511393070220947,-0.1778327375650406,-0.3458176255226135,90.39363861083984,179.40492248535156,39.37451171875,58.75992965698242,47.01271057128906
01674115_001,apple,1,pass,..\data\raw\raw_images\01674115_001.jpg,393.0,86.08325958251953,4.342325687408447,0.6664460301399231,0.8694690465927124,0.7648929357528687,0.17682260274887085,-1.0,2.5809787411064096e-16,-3.3302950558896976e-16,-0.6901502013206482,0.020740043371915817,-0.05207284539937973,0.05744875594973564,-0.05906489118933678,-0.04329546540975571,-0.020514028146862984,-0.09312117099761963,-0.09770607203245163,0.011003879830241203,0.0019746439065784216,0.0005885067512281239,0.0389498695731163,-0.00044313399121165276,-0.005531799513846636,0.05246177315711975,0.013532415963709354,0.0008663301123306155,-0.008188074454665184,-0.0017467073630541563,-0.000643394305370748,-0.011585143394768238,0.0029853745363652706,0.013614577241241932,0.004597798455506563,-0.010497471317648888,0.006865424104034901,-0.0071658785454928875,0.005807110574096441,-0.00175595679320395,0.010205503553152084,-0.011733533814549446,0.003133168211206794,0.0012939751613885164,0.0009423798182979226,0.002179292030632496,-0.011315896175801754,71.99999237060547,0.859211802482605,9.868049621582031,2.9401700496673584,3.5885326862335205,0.8753191828727722,0.6876929998397827,0.41619673371315,0.8902735710144043,0.6065284609794617,0.3815726935863495,0.2266865074634552,0.1461549997329712,0.2522144913673401,0.3251267969608307,0.31830987334251404,1.518470670586864e-16,0.8791788816452026,0.01603088527917862,0.001621954725123942,0.0016604537377133965,1.234748363494873,0.07234688103199005,0.0009431695798411965,0.008597144857048988,0.008963584899902344,6.732187466695905e-05,1.314270257949829,0.17304305732250214,0.005914236418902874,5.577365300268866e-05,0.023980921134352684,0.025715505704283714,0.0004628351016435772,1.0012311577156652e-05,1.1238900423049927,0.2981771230697632,0.01965421997010708,0.00044652525684796274,1.1631899496933329e-06,0.6292746663093567,0.7215412855148315,162.02325439453125,199.1651153564453,8.453551292419434,32.619293212890625,43.15696716308594
01674115_004,apple,1,pass,..\data\raw\raw_images\01674115_004.jpg,1288.0,182.16651916503906,5.075871467590332,0.48774024844169617,0.8306998014450073,0.8675467371940613,0.17615766823291779,-1.0,3.146341602012031e-17,-1.2585366408048124e-16,-0.48259472846984863,-0.003058918984606862,-0.032538656145334244,0.17351727187633514,0.1160217896103859,-0.0875372439622879,0.0076353056356310844,0.05116257071495056,-0.08291587233543396,-0.020703360438346863,0.02620687708258629,-0.00957505963742733,-0.021289126947522163,-0.018885742872953415,-0.006355485413223505,-0.021645141765475273,0.015119762159883976,-0.015798889100551605,0.009522901847958565,0.006962564308196306,0.006488892249763012,-0.008751045912504196,0.005445153918117285,0.023639529943466187,-0.014177264645695686,0.003056633286178112,0.007512995507568121,0.01776355504989624,-0.0017780921189114451,-0.002372168470174074,-0.0006943313637748361,0.001192826428450644,-0.01228339970111847,-0.0048609329387545586,0.0027112236712127924,-0.009081408381462097,-0.014312930405139923,153.99996948242188,11.537647247314453,33.38507843017578,8.319308280944824,1.756471037864685,1.9911365509033203,3.637403964996338,1.4568675756454468,1.3334016799926758,1.264143705368042,0.7480109930038452,0.3458220362663269,0.9757394194602966,0.6520047783851624,0.22199510037899017,0.31830987334251404,2.8013423032684963e-16,0.6518364548683167,0.0927361398935318,0.05642138794064522,0.038466677069664,0.48038437962532043,0.2627485394477844,0.030087491497397423,0.1514735370874405,0.09942354261875153,0.027329586446285248,0.14026334881782532,0.30938664078712463,0.09104402363300323,0.016468515619635582,0.1536385715007782,0.0880337581038475,0.09275075793266296,0.01568041555583477,0.06565429270267487,0.19397567212581635,0.10793700069189072,0.05445456504821777,0.011119912378489971,-0.013074989430606365,0.23881316184997559,76.9590072631836,170.51609802246094,48.4577522277832,52.77946090698242,55.86338806152344
01674115_020,cucumber,0,pass,..\data\raw\raw_images\01674115_020.jpg,1064.0,236.65179443359375,7.255026340484619,0.23874366283416748,0.5373737215995789,0.6305409669876099,0.12635138630867004,-1.0,6.854467218378636e-17,-1.3708934436757272e-16,-0.405807226896286,0.02787589654326439,0.23939774930477142,-0.5706820487976074,0.008800388313829899,0.13745059072971344,0.016894321888685226,0.022670025005936623,-0.2816842198371887,0.025047674775123596,0.061196476221084595,0.01234282273799181,-0.009719115681946278,-0.009945239871740341,-0.002948377514258027,0.011669767089188099,-0.01964627578854561,0.02232925035059452,-0.02575341798365116,0.04145941883325577,0.0002199318550992757,0.0010948886629194021,-0.019217882305383682,-0.003076158231124282,-0.031752098351716995,0.005360215436667204,-0.010031909681856632,0.03011343814432621,0.007908312603831291,0.007111805025488138,-0.014499298296868801,-0.0015845129964873195,0.007926827296614647,-0.005857385694980621,-0.012630158104002476,0.003664728719741106,0.005474040284752846,206.0,19.357810974121094,38.77122497558594,5.132633686065674,11.185561180114746,9.793895721435547,4.212214946746826,3.39920711517334,3.4150583744049072,0.30965736508369446,3.2157955169677734,1.1028416156768799,0.5370983481407166,1.5111016035079956,0.77418452501297,0.31830987334251404,1.4135933803984414e-15,0.5690304040908813,0.08701355755329132,0.04893594980239868,0.016539735719561577,0.15496627986431122,0.2868584990501404,0.009241679683327675,0.1793368011713028,0.053293392062187195,0.01932530663907528,0.4024406969547272,0.40076306462287903,0.03849942982196808,0.008469932712614536,0.28231924772262573,0.06180308759212494,0.08524604886770248,0.0034421817399561405,0.5195360779762268,0.2637318968772888,0.0697302296757698,0.0378035269677639,0.0037631355226039886,-0.6960169076919556,-0.6672787666320801,14.875,224.69178771972656,7.7345452308654785,6.197226047515869,17.311386108398438
01674115_019,cucumber,0,pass,..\data\raw\raw_images\01674115_019.jpg,1271.0,194.50967407226562,5.455924987792969,0.42215606570243835,0.7511820197105408,0.6681559681892395,0.16510996222496033,-1.0,1.1852161454015e-16,-1.1852161454015e-16,-0.8393974900245667,-0.1356813609600067,-0.09917809814214706,0.0006065910565666854,-0.06557496637105942,0.18606437742710114,0.16501133143901825,0.10339969396591187,-0.026596112176775932,-0.009987909346818924,-0.028406929224729538,-0.010794676840305328,-0.03972112759947777,0.04751460254192352,0.0917801484465599,0.017085909843444824,0.0452253557741642,0.02195560559630394,0.03058089315891266,-0.028051381930708885,-0.014456193894147873,0.008190516382455826,0.006344624795019627,0.006154184229671955,0.0026207745540887117,-0.0026354112196713686,0.008479779586195946,-0.015402371995151043,0.010050865821540356,0.013380050659179688,-0.0014630374498665333,0.020687829703092575,-0.0076596904546022415,0.0014144015731289983,-0.018215356394648552,0.005941078066825867,0.008111456409096718,168.0,1.6118216514587402,4.349804878234863,10.067054748535156,19.795804977416992,3.905630350112915,5.6323113441467285,3.1770541667938232,0.7050761580467224,0.6091283559799194,0.4723301827907562,1.7821106910705566,0.6064268946647644,0.6020632982254028,1.0110180377960205,0.31830987334251404,7.955999155569371e-17,0.7122881412506104,0.01735021360218525,0.01276122685521841,0.008890824392437935,0.6164031624794006,0.04638899117708206,0.020251436159014702,0.04360930621623993,0.0346231684088707,0.005456267856061459,0.22469967603683472,0.032597798854112625,0.09545307606458664,0.0070161474868655205,0.05599543824791908,0.06038524582982063,0.026922760531306267,0.001996214734390378,0.09770816564559937,0.04754417762160301,0.21142642199993134,0.03973335027694702,0.00030416875961236656,-0.6448991298675537,-0.12772785127162933,12.921829223632812,215.06195068359375,26.238170623779297,10.092263221740723,42.677833557128906
01674115_017,cucumber,0,pass,..\data\raw\raw_images\01674115_017.jpg,140.5,100.32589721679688,8.463984489440918,0.17541229724884033,0.6474654078483582,0.7315161824226379,0.439007431268692,-1.0,1.455856539287948e-16,-2.426427521363614e-16,-0.5421633720397949,-0.02038913406431675,-0.033292289823293686,0.16201439499855042,0.016411324962973595,0.0427597314119339,-0.007376245688647032,0.07427651435136795,-0.05353469029068947,-0.06429912149906158,0.06535074859857559,-0.055285774171352386,-0.07215846329927444,-0.03473540022969246,-0.0503603033721447,0.047531500458717346,-0.0070874569937586784,-0.0001877552567748353,0.005214892793446779,0.06709497421979904,-0.04612831771373749,-0.017967307940125465,-0.004824357572942972,0.04471287131309509,0.04724148288369179,-0.006166526116430759,0.04139212891459465,0.02246949076652527,-0.014822050929069519,-0.03640168532729149,-0.023367714136838913,-0.031638000160455704,0.03941061720252037,0.021930238232016563,0.00814548134803772,-0.009007534943521023,-0.05165605992078781,84.99999237060547,1.8402386903762817,12.018948554992676,7.864933490753174,2.108100652694702,1.464287519454956,2.0571298599243164,2.306743621826172,2.2828242778778076,3.094270706176758,3.2301220893859863,0.9072665572166443,1.5761204957962036,1.2281091213226318,1.1232845783233643,0.31830987334251404,0.09086478501558304,0.3904987871646881,0.21043173968791962,0.4731358289718628,0.07809208333492279,0.02902303636074066,0.3531253933906555,0.13976112008094788,0.36930227279663086,0.19240666925907135,0.1293696016073227,0.5771422982215881,0.5376670360565186,0.10733547806739807,0.14218781888484955,0.08931972831487656,0.3560139238834381,0.08895272016525269,0.14286473393440247,0.6334590911865234,0.3104200065135956,0.2422654777765274,0.1108124628663063,0.14831113815307617,0.5094637274742126,0.06111162155866623,32.43098449707031,192.30703735351562,33.09429168701172,38.31893539428711,23.942155838012695
01674115_015,carrot,0,pass,..\data\raw\raw_images\01674115_015.jpg,330.5,76.87005615234375,4.2283549308776855,0.7028568983078003,0.9456366300582886,0.7974116206169128,0.17015041410923004,-1.0,3.580213715163855e-17,-4.475267143954819e-17,-0.686899721622467,0.01412989478558302,0.06603898108005524,0.03813302889466286,0.0038774393033236265,-0.02427726425230503,-0.030433472245931625,-0.05359484627842903,-0.0818839743733406,0.0014466282445937395,0.01304598618298769,-0.007595390547066927,-0.01124187745153904,0.0010544204851612449,-0.028179477900266647,0.01642555743455887,0.012658118270337582,-0.0050771343521773815,-0.009762844070792198,-0.02166248857975006,0.019492346793413162,-0.0020819560158997774,-0.0063154324889183044,0.01032449584454298,-0.0035742372274398804,-0.00669786985963583,-0.006821341346949339,0.007695045787841082,0.00017118180403485894,-0.00039007552550174296,0.007587079890072346,0.007928051985800266,0.003632919630035758,-0.0014638969441875815,0.0018194790463894606,0.002265443094074726,-0.006624244619160891,69.0,0.4268638789653778,8.998377799987793,1.9231888055801392,2.46077823638916,1.4165841341018677,0.35357433557510376,0.9106156826019287,0.6083740592002869,0.42076051235198975,0.1182510256767273,0.2988165318965912,0.384121298789978,0.16380397975444794,0.22284671664237976,0.31830987334251404,1.9919897490217015e-16,0.8917039632797241,0.013678503222763538,0.000995876849628985,0.0015895195538178086,1.2909139394760132,0.06261372566223145,0.0005576603580266237,0.005339151713997126,0.008619378320872784,0.00014599373389501125,1.4471715688705444,0.15311332046985626,0.0035288480576127768,5.460543616209179e-05,0.01513713225722313,0.024866696447134018,0.0010582554386928678,6.336894784908509e-06,1.3490171432495117,0.2722037136554718,0.011869353242218494,0.0004439545446075499,3.875609309034189e-06,-0.3255329132080078,-0.9259218573570251,45.70764923095703,252.42076110839844,5.5392961502075195,5.844459056854248,5.264895915985107
01666596_015,apple,1,pass,..\data\raw\raw_images\01666596_015.jpg,1758.5,177.9238739013672,4.2429022789001465,0.698045551776886,0.9381168484687805,0.8111531734466553,0.1614450067281723,-1.0,4.765260123103659e-17,1.906103925164372e-18,-0.6574687361717224,-0.025038722902536392,0.01523665152490139,0.06396908313035965,0.0020854147151112556,-0.038097281008958817,-0.012358268722891808,-0.020904384553432465,-0.04940347746014595,-0.015800716355443,0.014207510277628899,0.005792118143290281,-0.011048062704503536,0.010065055452287197,-0.015598458237946033,-0.008144892752170563,-0.01418648287653923,-0.014366526156663895,0.0050464048981666565,-0.021103937178850174,0.005680027883499861,0.008199801668524742,-0.010508201085031033,-0.0019302479922771454,0.009198155254125595,-0.009925350546836853,-0.004314717371016741,0.001818598248064518,0.0011942044366151094,0.011200199835002422,-0.003222891828045249,0.006837544031441212,-0.0011155472602695227,-0.00594656728208065,-0.004254937171936035,0.005242924205958843,0.0009768191957846284,150.99998474121094,1.4582306146621704,19.710128784179688,4.214780807495117,1.7660549879074097,2.100679636001587,2.162357807159424,1.000746726989746,1.4071918725967407,0.6372114419937134,1.1621007919311523,0.6848458647727966,0.6238252520561218,0.2462196946144104,0.6279246211051941,0.31830987334251404,5.129607374898156e-17,0.6374543309211731,0.07413637638092041,0.009494852274656296,0.015472400933504105,0.3990536630153656,0.2083301544189453,0.014413892291486263,0.027978455647826195,0.04662427306175232,0.009911260567605495,0.012637383304536343,0.1998126357793808,0.05066356062889099,0.0030582118779420853,0.022756224498152733,0.047428179532289505,0.04009538143873215,0.004046048503369093,0.1749509871006012,0.01108921505510807,0.06297071278095245,0.013020654208958149,0.0020095815416425467,0.5390554666519165,0.8077660202980042,160.74822998046875,146.02561950683594,6.9359965324401855,31.782981872558594,38.918724060058594
01666596_014,apple,1,pass,..\data\raw\raw_images\01666596_014.jpg,1788.0,164.16651916503906,3.8824048042297363,0.8336969017982483,0.9693683981895447,0.4791867136955261,0.10817728191614151,-1.0,3.532621382312249e-17,-3.532621382312249e-17,-0.9028074741363525,-0.05798223614692688,0.03397724777460098,0.008339122869074345,0.029244448989629745,-0.01084833312779665,-0.04298276826739311,-0.02603774331510067,-0.0053281020373106,-0.013869226910173893,0.025541385635733604,-0.0019318428821861744,-0.031356532126665115,-0.002933654235675931,-0.03072395920753479,0.013988897204399109,-0.00014816957991570234,0.007170384284108877,0.011158176697790623,-0.007964490912854671,-0.0019316062098369002,-0.0033523826859891415,-0.006933617405593395,0.0031727151945233345,-0.0018114505801349878,0.006870961748063564,0.000668335531372577,-0.000772746920119971,0.001512200222350657,-0.0004404630744829774,-0.00276914332062006,0.0014540853444486856,0.0034522246569395065,0.0016162577085196972,-0.0031197089701890945,-0.0022923850920051336,-0.0007529861759394407,135.99998474121094,0.42981839179992676,4.28336238861084,4.963030815124512,4.49294900894165,1.805104374885559,0.7579438090324402,0.8110365867614746,0.0741100162267685,0.3272740840911865,0.13159729540348053,0.32883670926094055,0.1140536516904831,0.13715246319770813,0.1661103218793869,0.31830987334251404,1.7629530988753228e-16,0.6681705713272095,0.01846710965037346,0.0014136777026578784,0.014288394711911678,0.45264920592308044,0.054394595324993134,0.008873640559613705,0.004515700042247772,0.0541597381234169,0.002690773457288742,0.04863795265555382,0.05507683381438255,0.0388968363404274,0.001718666753731668,0.004435721784830093,0.08601886034011841,0.013693399727344513,0.0002450021274853498,0.33376556634902954,0.006071293260902166,0.07478976994752884,0.009497170336544514,0.0003774297656491399,0.22685284912586212,0.9184386730194092,154.80722045898438,123.91976165771484,9.54196834564209,50.70781326293945,39.08755111694336
01666596_003,orange,1,pass,..\data\raw\raw_images\01666596_003.jpg,2844.0,202.65179443359375,3.800018072128296,0.8702389597892761,0.9845941066741943,0.5634757280349731,0.10387783497571945,-1.0,2.749453064919698e-17,-5.498906129839396e-17,-0.8667159080505371,0.0040534730069339275,0.013663548044860363,0.006736987270414829,-0.014605727978050709,-0.024722404778003693,-0.0034314242657274008,-0.0031687975861132145,-0.02017381228506565,0.007874512113630772,0.002130155684426427,-0.006199826952069998,-0.008010927587747574,-0.0005565467872656882,0.0004557319334708154,0.0021710165310651064,0.001781648606993258,0.0038272168021649122,0.0007810147944837809,-0.0041765496134757996,0.0014653922989964485,-0.0004748694191221148,-0.0033085450995713472,-0.0017959133256226778,0.0006784895667806268,0.0026747642550617456,-0.0024019910488277674,0.002053359756246209,-0.0018779318779706955,5.077802779851481e-05,9.629159467294812e-05,-0.0009222187218256295,-0.0017293039709329605,0.0006662801024504006,-0.0008133830851875246,0.00017433885659556836,0.0020238934084773064,171.99998474121094,0.19929836690425873,8.397860527038574,1.5142982006072998,0.37294337153434753,1.0699925422668457,0.08976259082555771,0.45894327759742737,0.14115789532661438,0.29465848207473755,0.039445944130420685,0.10600720345973969,0.1192137598991394,0.3858622908592224,0.1038811057806015,0.31830987334251404,3.4262278899133516e-16,0.5067464113235474,0.04139753431081772,0.0021201223134994507,0.007490713614970446,0.06468135863542557,0.07712217420339584,0.006228405982255936,0.0025910695549100637,0.017218952998518944,0.004752724431455135,0.26366379857063293,0.00545970955863595,0.0128847761079669,0.0014447402209043503,0.0046407063491642475,0.006492377258837223,0.014730038121342659,0.0017872598255053163,0.0778718888759613,0.09461932629346848,0.005768769420683384,0.0038086313288658857,0.0007124305120669305,0.5217247605323792,0.7178845405578613,112.8532943725586,184.37632751464844,14.000059127807617,35.074676513671875,51.61978530883789
01666596_002,orange,1,pass,..\data\raw\raw_images\01666596_002.jpg,3090.5,211.2375946044922,3.7997655868530273,0.8703545928001404,0.9856482148170471,0.6406174898147583,0.09595020860433578,-1.0,1.571947169269478e-16,-2.2777195054678927e-16,-0.8189413547515869,-0.009398898109793663,-0.0020724311470985413,0.005086029414087534,0.00285565247759223,-0.02857382781803608,0.0028267402667552233,0.0014675870770588517,-0.028707655146718025,-0.004317507613450289,-0.0014528731117025018,-0.00338447792455554,-0.005119044799357653,-0.005825255531817675,0.002012833021581173,-0.0006824350566603243,0.0026005879044532776,0.002009208779782057,-0.0035726232454180717,0.001634247717447579,-0.0029916581697762012,-0.0014059215318411589,0.0015908862696960568,-0.0011033156188204885,-0.00041793251875787973,0.0038423738442361355,0.0006604533409699798,0.00047229096526280046,-0.0010290439240634441,-0.001819348894059658,-0.0010408798698335886,-0.00047635589726269245,-0.000978517928160727,0.0030944389291107655,-0.0003360250557307154,4.634934157365933e-05,0.0009937011636793613,181.0,0.17146117985248566,12.202518463134766,1.1226881742477417,0.5594268441200256,0.5294305086135864,0.3433881402015686,0.4367454946041107,0.07684474438428879,0.5063365697860718,0.25347837805747986,0.1981908231973648,0.12483006715774536,0.18791863322257996,0.12133951485157013,0.31830987334251404,8.862074269714237e-16,0.46098726987838745,0.0624304860830307,0.002152269473299384,0.005360134411603212,0.0010335400002077222,0.09712017327547073,0.013027810491621494,0.0015501987654715776,0.01106687169522047,0.002241952810436487,0.2241123616695404,0.037919629365205765,0.018596690148115158,0.004874701611697674,0.005470035597681999,0.0030107905622571707,0.006092984229326248,0.0010954095050692558,0.0049985116347670555,0.11451158672571182,0.023922216147184372,0.010600741021335125,0.0021645419765263796,0.5416771173477173,0.7653183341026306,122.95034790039062,187.32180786132812,10.282429695129395,44.657554626464844,32.557159423828125
01666596_001,orange,1,pass,..\data\raw\raw_images\01666596_001.jpg,2758.0,219.6223602294922,4.181955814361572,0.7185400724411011,0.9247275590896606,0.48203834891319275,0.1276879459619522,1.0,-8.76385550552418e-17,1.1685141115195234e-16,0.9510972499847412,-0.05552119016647339,0.15013542771339417,-0.01762428507208824,0.010099982842803001,0.0882522314786911,0.039245281368494034,0.009349229745566845,-0.012597069144248962,0.02141641266644001,-0.00598494615405798,-0.04708302766084671,-0.036216795444488525,0.012264341115951538,-0.013848687522113323,-0.02334168739616871,0.031703051179647446,-0.001538228476420045,-0.005224435590207577,0.013617643155157566,0.01996602490544319,-0.004657634533941746,-6.247664714464918e-05,0.014419822953641415,-0.009146979078650475,-0.0013663313584402204,0.007219025865197182,-0.004630698822438717,-0.007253632880747318,0.006013175006955862,0.007962345145642757,-0.007770146708935499,0.008669999428093433,0.008591904304921627,-0.003956033382564783,0.0010170107707381248,0.004302886314690113,183.99998474121094,0.874916136264801,6.902561664581299,8.234210968017578,7.291869163513184,4.598474502563477,2.8752171993255615,1.3704849481582642,1.5256779193878174,1.1358006000518799,0.8320298790931702,0.3109968602657318,0.2815721035003662,0.1671038717031479,0.031080033630132675,0.31830987334251404,3.7940090662155767e-16,0.5065277814865112,0.043088559061288834,0.008402631618082523,0.020128300413489342,0.08330991864204407,0.0886099562048912,0.026546163484454155,0.009842031635344028,0.04444218799471855,0.01116695161908865,0.2259780764579773,0.012813190929591656,0.06771986931562424,0.007350793574005365,0.015632979571819305,0.014397303573787212,0.03689949959516525,0.005842370912432671,0.08746126294136047,0.10121054202318192,0.03504175320267677,0.026352746412158012,0.005804585758596659,0.41063541173934937,0.7302924990653992,101.8565444946289,166.87127685546875,17.042369842529297,33.27695083618164,49.172733306884766
01666596_016,carrot,0,pass,..\data\raw\raw_images\01666596_016.jpg,1070.0,166.91168212890625,5.102639198303223,0.4826364815235138,0.9340898990631104,0.9711202383041382,0.11483681946992874,-1.0,3.568127282925475e-17,-5.709004049727454e-17,-0.325911283493042,0.004461606498807669,-0.007376832887530327,-0.03200612589716911,-0.048570603132247925,-0.0996687263250351,0.0018489197827875614,0.00822740513831377,-0.07851003110408783,0.0072887251153588295,-0.006453616078943014,0.0028689000755548477,-0.007264532148838043,-0.020434359088540077,0.004105477128177881,0.002439538948237896,-0.02713467925786972,0.00985373742878437,0.0002945735468529165,0.00307595357298851,-0.000957946409471333,-0.008780018426477909,0.002106432104483247,-0.00014364864910021424,-0.008313118480145931,0.004548262804746628,-0.003659310983493924,0.0029295359272509813,0.0028634297195822,-0.0019536660984158516,0.001917713088914752,0.0007086055120453238,-0.00022581829398404807,0.0036973687820136547,0.0007741876761429012,-0.0007391311228275299,0.0010849602986127138,151.99998474121094,7.75253963470459,45.0499382019043,1.3927881717681885,1.9447795152664185,1.410670280456543,2.3168301582336426,0.8529653549194336,0.27328476309776306,0.6547995805740356,0.40901875495910645,0.6709312200546265,0.1448240429162979,0.2689923942089081,0.17910347878932953,0.31830987334251404,2.0797049076191107e-16,0.5889006853103638,0.15920566022396088,0.05376564338803291,0.025835584849119186,0.3887961208820343,0.40529483556747437,0.08119672536849976,0.09661911427974701,0.03000464104115963,0.028818191960453987,0.2326751947402954,0.3989981412887573,0.25011417269706726,0.0434599295258522,0.04551994055509567,0.04776060953736305,0.06778249144554138,0.023424427956342697,0.24234329164028168,0.2194269448518753,0.3063134253025055,0.15028823912143707,0.024937497451901436,0.41498038172721863,0.9094763994216919,143.26852416992188,167.08631896972656,0.727109968662262,27.031017303466797,46.051700592041016
01666596_017,carrot,0,pass,..\data\raw\raw_images\01666596_017.jpg,1237.5,206.89443969726562,5.881339073181152,0.363293319940567,0.9052670001983643,0.9823033213615417,0.10794952511787415,-1.0,-0.0,0.0,-0.2549112141132355,-0.007483800873160362,-0.016871364787220955,-0.030377080664038658,-0.03602935001254082,-0.10498884320259094,0.009942561388015747,0.011915967799723148,-0.056122276932001114,0.0034792411606758833,-0.007243527565151453,0.000990843283943832,-0.003645094344392419,-0.03473057225346565,0.0041889320127666,0.0039236885495483875,-0.024606892839074135,0.0035159664694219828,-0.0027779070660471916,0.006218466907739639,-0.000117051626148168,-0.01584998518228531,0.0016931877471506596,0.0014517767122015357,-0.013619672507047653,0.0021024972666054964,0.0009547590161673725,0.004648739006370306,0.0007959948270581663,-0.006006201729178429,0.0008720818441361189,-0.0026780767366290092,-0.005425252486020327,0.0004810417303815484,0.000248171592829749,0.0016610886668786407,0.0023821997456252575,175.00001525878906,14.6022367477417,55.33600616455078,5.1914591789245605,2.5372626781463623,1.713330626487732,3.3167643547058105,0.5368378758430481,0.7931783199310303,0.5426421761512756,0.6865457892417908,0.229079008102417,0.16318146884441376,0.22918273508548737,0.32017529010772705,0.31830987334251404,0.008963068015873432,0.43647268414497375,0.23809178173542023,0.07815738767385483,0.02499513328075409,0.2987683415412903,0.3573695123195648,0.18717904388904572,0.0364864356815815,0.06034867838025093,0.04667331650853157,0.28327086567878723,0.26093217730522156,0.2892528474330902,0.15059737861156464,0.042979177087545395,0.01789889484643936,0.041478633880615234,0.05827530473470688,0.22337277233600616,0.2037535011768341,0.21707457304000854,0.2294986993074417,0.12329048663377762,0.39130476117134094,0.919704794883728,137.17044067382812,150.95399475097656,0.9167999029159546,31.756656646728516,48.5311279296875
01666596_012,apple,1,pass,..\data\raw\raw_images\01666596_012.jpg,1085.0,133.8822479248047,4.064509391784668,0.7606652975082397,0.9341368675231934,0.5904204249382019,0.13425032794475555,1.0,-3.33195299053505e-17,-8.329882476337625e-18,0.859879732131958,0.046061672270298004,0.07201147079467773,0.0169700738042593,0.024043893441557884,0.02564956806600094,-0.058299873024225235,-0.010305802337825298,0.028838662430644035,-0.021098675206303596,0.03232331573963165,-0.04628414288163185,0.023856807500123978,0.02953876182436943,-0.004874874372035265,0.031355805695056915,-0.019622743129730225,-0.02277081459760666,-0.00661987392231822,0.007974491454660892,-0.008332546800374985,0.0038296335842460394,0.014477122575044632,-0.002699180506169796,0.016835786402225494,0.0030571052338927984,-0.004757017362862825,-0.0014951855409890413,-0.003325530095025897,-0.004933021031320095,-0.0004799769667442888,-0.0030877506360411644,0.002726773964241147,0.0009316836949437857,0.007056025322526693,-0.0038635535165667534,-0.003843640210106969,113.9999771118164,0.15095357596874237,6.379347801208496,5.328357696533203,3.3304851055145264,2.4392831325531006,2.349668264389038,0.6863606572151184,0.7325581312179565,0.16383856534957886,0.3803185522556305,0.1762927919626236,0.3593851327896118,0.17172713577747345,0.09019748866558075,0.31830987334251404,5.225040856529624e-17,0.7743512392044067,0.01954115554690361,0.002563243266195059,0.006679974962025881,0.8072992563247681,0.07337784767150879,0.003193154465407133,0.010709723457694054,0.031214315444231033,0.0009724374976940453,0.44599294662475586,0.12778975069522858,0.01718628592789173,0.000511273683514446,0.02003742754459381,0.07178014516830444,0.005916256923228502,0.0001219252371811308,0.046747174113988876,0.12683479487895966,0.04595467075705528,0.003582332283258438,4.149391679675318e-05,0.45181724429130554,0.8320596814155579,164.56781005859375,132.361328125,9.471114158630371,54.797828674316406,40.09306716918945
01666596_018,carrot,0,pass,..\data\raw\raw_images\01666596_018.jpg,836.0,183.5391082763672,6.347832202911377,0.31185945868492126,0.9013476967811584,0.9913380146026611,0.15129251778125763,-1.0,2.5936497915145174e-17,-2.074919833211614e-16,-0.2020869106054306,0.003108210628852248,0.0025814047548919916,-0.011466627940535545,-0.023715613409876823,-0.10906130075454712,0.004140532575547695,-0.010776209644973278,-0.057611312717199326,0.00016989521100185812,0.0014535147929564118,0.0021697322372347116,-0.008242766372859478,-0.03697957098484039,0.0010123408865183592,-0.0006220957147888839,-0.022414572536945343,0.0015438685659319162,-0.00034872861579060555,-0.0015228156698867679,-0.0028191928286105394,-0.015222260728478432,0.0010880969930440187,0.0005139805725775659,-0.010346497409045696,0.0018110887613147497,0.0015318201621994376,-0.0025868467055261135,0.0004239280824549496,-0.008728224784135818,0.0013805264607071877,-0.00047477101907134056,-0.0069436440244317055,0.0009883343009278178,0.0006089062662795186,0.0018510509980842471,-0.0017062097322195768,161.99998474121094,9.822235107421875,56.6287956237793,1.7743186950683594,2.008871078491211,1.3469563722610474,4.633305072784424,0.1379251629114151,1.1247402429580688,0.4376950263977051,1.1741513013839722,0.2306840419769287,0.50920569896698,0.2702028751373291,0.47572919726371765,0.31830987334251404,2.6488821961142346e-16,0.48540544509887695,0.2236194759607315,0.06300928443670273,0.024133745580911636,0.295931875705719,0.4327164590358734,0.16025133430957794,0.03931053355336189,0.03469797223806381,0.037232328206300735,0.2993219494819641,0.34117230772972107,0.3549346625804901,0.11842082440853119,0.04345794767141342,0.06450902670621872,0.01561794150620699,0.042452067136764526,0.3131062090396881,0.26278308033943176,0.32814961671829224,0.2833111584186554,0.09025371074676514,0.3874872028827667,0.9212197661399841,137.75054931640625,158.00762939453125,0.9959215521812439,31.870342254638672,39.089683532714844
01666596_011,apple,1,pass,..\data\raw\raw_images\01666596_011.jpg,1996.5,173.4385986328125,3.8816027641296387,0.8340415358543396,0.9755680561065674,0.5665760040283203,0.11916106939315796,-1.0,6.527710362340999e-17,0.0,-0.8592976927757263,-0.0328950509428978,0.036724794656038284,0.038048192858695984,0.0026551990304142237,-0.008616968989372253,-0.010935444384813309,-0.02025061473250389,-0.014567937701940536,-0.0233407374471426,0.031733494251966476,-0.005162822548300028,-0.007120538968592882,0.009714724496006966,-0.016362564638257027,-0.0017947625601664186,-0.00405524019151926,-0.01657192036509514,0.01362235751003027,-0.0010547729907557368,-0.005825733300298452,0.008103318512439728,-0.005200795829296112,0.00307640852406621,0.0009870314970612526,-0.00698672141879797,0.00538267707452178,0.002078269375488162,-0.004385026637464762,0.006969813257455826,-0.00013735235552303493,-0.000642957747913897,0.00255499011836946,0.0004114407056476921,0.0011817498598247766,-0.002922548446804285,-0.0006418172852136195,149.0,0.7902664542198181,6.410114288330078,5.4846954345703125,1.682676076889038,2.1205642223358154,1.2515710592269897,1.0478712320327759,0.4539218842983246,0.5800663828849792,0.31753653287887573,0.2656570374965668,0.31645458936691284,0.07265318930149078,0.14745745062828064,0.31830987334251404,1.5759830165653488e-16,0.6347296833992004,0.02847457118332386,0.003430508077144623,0.015998324379324913,0.3594808876514435,0.07692532241344452,0.004314538557082415,0.009050324559211731,0.053806062787771225,0.006685132626444101,0.13242501020431519,0.06171341985464096,0.016153739765286446,0.0022174117621034384,0.00425861356779933,0.06744875758886337,0.02885928563773632,0.0022007660008966923,0.3139221966266632,0.03409674018621445,0.024357551708817482,0.011412311345338821,0.0010857635643333197,0.2955542504787445,0.7846007943153381,134.5038604736328,125.70849609375,17.007980346679688,72.8018798828125,39.688629150390625
01666596_013,apple,1,pass,..\data\raw\raw_images\01666596_013.jpg,1920.5,181.2375946044922,4.135624408721924,0.7347297668457031,0.937744140625,0.49462294578552246,0.15729166567325592,-1.0,2.3245125171499764e-16,-1.9924393382282364e-16,-0.8664882183074951,-0.06985770910978317,0.027350053191184998,0.022114861756563187,0.06115683540701866,-0.006011516787111759,-0.03663545101881027,0.0006276373751461506,0.022166498005390167,-0.028967736288905144,0.0329408198595047,0.010788075625896454,-0.019318899139761925,-0.01996431313455105,-0.007153617683798075,0.01719941943883896,0.024869568645954132,0.00436612032353878,0.01249665766954422,-0.0008527869358658791,-0.002935232827439904,-0.02270677499473095,0.014817522838711739,0.012064596638083458,0.002658464014530182,0.0007284487364813685,-8.735548180993646e-05,-0.001764514367096126,0.00031445082277059555,-0.010477615520358086,0.012356535531580448,-0.0001988589356187731,0.0017213684041053057,-0.002455996349453926,0.006599640008062124,0.0013168646255508065,-0.0024923256132751703,150.99998474121094,1.0991708040237427,5.113240718841553,7.478178024291992,2.8988120555877686,2.05670166015625,2.573291540145874,0.5160146355628967,2.15417742729187,0.32682502269744873,0.9402716755867004,0.5400546789169312,0.8455187678337097,0.27757319808006287,0.7322481870651245,0.31830987334251404,1.4844883704875114e-16,0.6439095139503479,0.01932619884610176,0.0031769941560924053,0.022778324782848358,0.3878153860569,0.051501382142305374,0.006436234340071678,0.006232325918972492,0.07737315446138382,0.006091004703193903,0.1012532040476799,0.04153825342655182,0.027218256145715714,0.004268408287316561,0.002751109888777137,0.1005939170718193,0.02554471231997013,0.001207450870424509,0.31344926357269287,0.023910222575068474,0.05073259770870209,0.020720792934298515,0.0022287173196673393,0.3455737233161926,0.8171970844268799,125.82573699951172,133.25137329101562,14.012068748474121,56.174781799316406,51.06911087036133
01475980_003,apple,1,pass,..\data\raw\raw_images\01475980_003.jpeg,4606.0,295.7644958496094,4.357968330383301,0.6616703867912292,0.9100968241691589,0.6569055914878845,0.13209328055381775,1.0,1.6469525984933364e-16,-2.0586908142911195e-16,0.7832752466201782,-0.007651761174201965,-0.04844207689166069,-0.13471567630767822,0.013879537582397461,0.04881701618432999,-0.02231377176940441,0.015011953189969063,0.0456424355506897,-0.015795137733221054,-0.03614538908004761,0.07064232230186462,-0.013512490317225456,0.02639402449131012,-0.01306877750903368,-0.0031757105607539415,0.0038104907143861055,-0.001227440545335412,-0.004547614138573408,0.0029609345365315676,0.010115510784089565,-0.005566910374909639,0.008296879939734936,0.012658168561756611,0.006969711277633905,0.0056021930649876595,0.004395708907395601,-0.00835293997079134,0.0043525490909814835,-0.005330624990165234,0.002868883078917861,-0.005572468973696232,0.01067831739783287,-0.010149620473384857,-0.001030498300679028,-0.0030405193101614714,-0.005832265131175518,256.0,1.1819427013397217,22.023502349853516,21.150402069091797,1.7121403217315674,2.3480677604675293,1.854791283607483,1.2199442386627197,2.102497100830078,1.0718979835510254,1.3505470752716064,0.7497004866600037,2.2286293506622314,0.8072909116744995,0.5351287126541138,0.31830987334251404,0.010581662878394127,0.14180949330329895,0.09782443940639496,0.07984253019094467,0.1289282590150833,0.17402240633964539,0.03754521906375885,0.02130276709794998,0.027818597853183746,0.03213619068264961,0.030492637306451797,0.11824234575033188,0.07151637226343155,0.008469215594232082,0.015749821439385414,0.009287293069064617,0.06791164726018906,0.054281532764434814,0.019965361803770065,0.02624286711215973,0.04778634011745453,0.04755634069442749,0.032547932118177414,0.024266334250569344,-0.11804836243391037,-0.2258293628692627,65.27257537841797,188.1878662109375,47.37202835083008,44.431800842285156,42.63087844848633
01475980_015,carrot,0,pass,..\data\raw\raw_images\01475980_015.jpeg,491.0,111.88224792480469,5.049175262451172,0.49291151762008667,0.8554006814956665,0.9335412979125977,0.1929432898759842,-1.0,-2.9452778179020315e-17,7.068666630615978e-17,-0.41894397139549255,-0.004572219215333462,0.010316596366465092,-0.05340576171875,0.00017021507665049285,-0.09887894243001938,0.00877552293241024,-0.06293325871229172,-0.045779742300510406,0.002161368727684021,-0.002192247426137328,0.001942490111105144,-0.00830063782632351,-0.02778906375169754,-0.002258661203086376,0.0026046878192573786,-0.042886216193437576,-0.004214935470372438,0.0028903926722705364,0.020497824996709824,0.015327095054090023,-0.012403219006955624,-0.0017083537532016635,-0.006941347848623991,-0.007854482159018517,-0.0019509006524458528,-0.0002734092704486102,-0.005789618473500013,0.003991074860095978,-0.0034956983290612698,-0.001633555511943996,0.003480672836303711,0.007486739661544561,8.952953976404388e-06,-0.002768642269074917,-0.013447490520775318,-0.006833115592598915,91.99999237060547,0.9778891801834106,22.6799259185791,1.417313575744629,3.382563352584839,0.6886803507804871,1.0282174348831177,0.5801427364349365,0.490601122379303,0.3713022768497467,0.16154323518276215,0.42425161600112915,0.5273504257202148,0.21155379712581635,0.24906747043132782,0.31830987334251404,7.017469444654866e-17,0.8218664526939392,0.0512753427028656,0.003056911053135991,0.0035299791488796473,1.0070788860321045,0.208692267537117,0.009142669849097729,0.015231105498969555,0.01673739030957222,0.0012033877428621054,0.8736667633056641,0.42409518361091614,0.05089481174945831,0.0016101098153740168,0.038891781121492386,0.03939559683203697,0.007646777201443911,0.00029123289277777076,0.5820889472961426,0.5776700973510742,0.1431688517332077,0.011317257769405842,0.0002877580700442195,0.8211507797241211,0.5682550668716431,69.39962768554688,142.48512268066406,1.516302227973938,17.17194366455078,21.72121238708496
01475980_018,cucumber,0,pass,..\data\raw\raw_images\01475980_018.jpeg,4155.5,306.8944396972656,4.760771751403809,0.5544406771659851,0.8714480400085449,0.7774403691291809,0.14574532210826874,-1.0,8.288321282768265e-17,-8.288321282768265e-17,-0.7067188620567322,-0.04568689689040184,0.04163237661123276,-0.025673381984233856,-0.03850848972797394,-0.10144161432981491,-0.02042115479707718,-0.008961180225014687,-0.031101003289222717,0.054817989468574524,0.022564880549907684,-0.006905269809067249,-0.00238549942150712,-0.019879432395100594,0.022002605721354485,0.06402942538261414,-0.06557293236255646,-0.009134580381214619,-0.006941869854927063,-0.01706366054713726,0.008066128008067608,0.021280892193317413,0.027293100953102112,-0.0070938244462013245,0.002696194453164935,0.009570963680744171,0.009905730374157429,0.02091326378285885,-0.013956072740256786,-0.0024922743905335665,-0.0028258878737688065,-0.0015634434530511498,0.00024242217477876693,0.009577115997672081,0.0036426354199647903,-0.010981814935803413,0.016564007848501205,275.0,0.623681366443634,34.0595588684082,4.623660087585449,11.519902229309082,5.681950569152832,11.729546546936035,4.2090067863464355,1.9194536209106445,4.577369213104248,1.0962556600570679,2.684474468231201,1.294911503791809,1.1383652687072754,0.41587886214256287,0.31830987334251404,0.010219836607575417,0.2486243098974228,0.14283905923366547,0.012635212391614914,0.011405221186578274,0.016716793179512024,0.009661615826189518,0.09678438305854797,0.00994388572871685,0.011006707325577736,0.03138512745499611,0.08336342126131058,0.07136329263448715,0.040094804018735886,0.02255133166909218,0.019422851502895355,0.02416752092540264,0.0503523014485836,0.009575091302394867,0.01896960288286209,0.016535835340619087,0.011683771386742592,0.03075372241437435,0.039744313806295395,-0.10512248426675797,-0.10173337906599045,90.7580337524414,191.68002319335938,56.16991424560547,71.09016418457031,54.89212417602539
01475980_006,orange,1,pass,..\data\raw\raw_images\01475980_006.jpeg,2986.0,213.480224609375,3.906724214553833,0.8233497142791748,0.9758169651031494,0.6437752842903137,0.09735501557588577,-1.0,1.2920554550633392e-17,3.8761663651900176e-17,-0.8041703104972839,-0.002600531093776226,0.015784285962581635,-0.0013684803852811456,0.03171958029270172,-0.04426448792219162,0.0038308140356093645,0.006790430285036564,-0.002784707583487034,-0.009237644262611866,0.0032377929892390966,-0.005061570089310408,0.0030268009286373854,-0.01765277236700058,0.0065156579948961735,0.003175041638314724,-0.004768357612192631,-0.004523630253970623,-0.005156107246875763,0.0046219127252697945,0.00327495438978076,0.0020664718467742205,0.0016752788797020912,0.0005301862256601453,0.0018712636083364487,-0.003826437285169959,0.008144199848175049,0.006575040053576231,-0.0004411508853081614,-0.008074295707046986,0.0051016369834542274,0.0005583689780905843,0.003988903947174549,-0.0034129919949918985,0.0023994615767151117,-0.007441052235662937,5.0871487474069e-05,181.99998474121094,0.9033089280128479,12.432917594909668,2.5919766426086426,3.6442017555236816,0.686823844909668,0.8065061569213867,0.589668333530426,0.4432681202888489,1.4040052890777588,1.1494762897491455,0.2139085829257965,0.21580319106578827,0.1917174756526947,0.2854143977165222,0.31830987334251404,8.160418645988376e-16,0.4743918478488922,0.06171534210443497,0.00706795509904623,0.011417518369853497,0.02911938726902008,0.09304533153772354,0.026354137808084488,0.0018532921094447374,0.018557975068688393,0.008562945760786533,0.22664368152618408,0.03726619482040405,0.05120128393173218,0.012134834192693233,0.017208363860845566,0.0052006980404257774,0.01601264253258705,0.00660925917327404,0.04427214711904526,0.10564743727445602,0.0032289307564496994,0.02549072541296482,0.006746642757207155,0.5512995719909668,0.7417892217636108,211.6488037109375,159.07472229003906,11.373265266418457,62.364768981933594,36.218692779541016
01475980_002,apple,1,pass,..\data\raw\raw_images\01475980_002.jpeg,2771.0,209.8822479248047,3.987102746963501,0.7904874086380005,0.9705779552459717,0.6122851967811584,0.07502634078264236,-1.0,2.7038347158818884e-17,-1.0815338863527554e-16,-0.8220910429954529,-0.023250317201018333,-0.0026590507477521896,-0.031504884362220764,-0.012814278714358807,0.0048448764719069,-0.04811771959066391,-0.035330966114997864,-0.025363318622112274,0.01037647109478712,0.00027955451514571905,-0.01526226382702589,-0.03493668511509895,0.013528487645089626,-0.03515265882015228,0.011538354679942131,0.0012728929286822677,0.01713949628174305,0.005313994362950325,-0.004184226505458355,-0.0015824520960450172,-0.0017481261165812612,-0.019514575600624084,0.006940225604921579,0.007445634808391333,0.014402291737496853,0.00811892468482256,0.0017589298076927662,-0.0034082981292158365,-0.01038080733269453,0.002053783740848303,0.012682506814599037,0.006143030244857073,0.009614207781851292,0.0008209390798583627,-0.004088951740413904,0.0007133568869903684,189.99998474121094,1.5461087226867676,10.90993595123291,2.1793792247772217,7.257240295410156,2.229701280593872,3.0237362384796143,1.1246635913848877,1.0464940071105957,2.0163066387176514,0.9373716115951538,1.4650160074234009,1.0124011039733887,0.4647751450538635,0.19189050793647766,0.31830987334251404,1.452067257989067e-16,0.5062291622161865,0.04862608760595322,0.006959748454391956,0.00842860247939825,0.08063933998346329,0.08950430154800415,0.022778013721108437,0.00818703044205904,0.016790134832262993,0.01177719421684742,0.23322658240795135,0.01855364255607128,0.06151887774467468,0.013411132618784904,0.012297987006604671,0.019280897453427315,0.03274524584412575,0.009517091326415539,0.09019756317138672,0.0959104597568512,0.05054182931780815,0.04399678483605385,0.0039120204746723175,0.36497971415519714,0.7693750858306885,96.29194641113281,153.34182739257812,16.24057960510254,28.169639587402344,47.81214141845703
01475980_012,carrot,0,pass,..\data\raw\raw_images\01475980_012.jpeg,2031.5,203.9238739013672,4.524385929107666,0.6138899326324463,0.9040943384170532,0.821182906627655,0.1416868418455124,-1.0,6.136178646895559e-17,-9.545166637005427e-17,-0.5938745737075806,-0.036344923079013824,0.036005012691020966,-0.03442906588315964,0.14341361820697784,-0.06914021074771881,-0.00023943612177390605,-0.03701865300536156,-0.0811208188533783,-0.04175300523638725,-0.003061167895793915,-0.006411791313439608,-0.04291483759880066,-4.548574452201137e-06,-0.004082123748958111,0.023986004292964935,-0.008278900757431984,-0.010506290011107922,-0.001825752668082714,0.0003315440262667835,-0.0029415751341730356,0.00043636278132908046,0.006607372779399157,-0.008506803773343563,-0.003562707221135497,-0.002885317662730813,-0.006252152845263481,-0.015181373804807663,0.0017090789042413235,0.0020865595433861017,0.003302251920104027,0.0005861761164851487,-0.006838022731244564,0.0003107141819782555,-0.002865685150027275,0.008152583613991737,-0.006888483185321093,176.99998474121094,4.110638618469238,28.684301376342773,13.562996864318848,3.3719868659973145,0.6848524212837219,1.957524299621582,1.5070829391479492,0.19566625356674194,1.6793146133422852,0.33802181482315063,0.5634664297103882,0.5143056511878967,0.45080459117889404,0.7882816195487976,0.31830987334251404,1.2682401973089985e-15,0.5431095957756042,0.10817904025316238,0.07103089243173599,0.06099406257271767,0.24488580226898193,0.21450860798358917,0.046866536140441895,0.09824574738740921,0.12347843497991562,0.04413751885294914,0.02846701815724373,0.11653142422437668,0.08750533312559128,0.0294753760099411,0.061347030103206635,0.09084653854370117,0.10390929877758026,0.02722310833632946,0.08546718955039978,0.06386677175760269,0.026461845263838768,0.06257355958223343,0.018310390412807465,0.892234742641449,0.3320102095603943,88.17727661132812,116.6808090209961,8.985112190246582,42.894073486328125,34.35660934448242
01475980_016,cucumber,0,pass,..\data\raw\raw_images\01475980_016.jpeg,2413.5,248.8355712890625,5.065108776092529,0.48981520533561707,0.8138594031333923,0.812346339225769,0.15866714715957642,-1.0,1.2859949343257347e-16,-5.1439798034773877e-17,-0.6179167628288269,0.07584722340106964,0.05459592118859291,-0.12242322415113449,-0.0032931738533079624,-0.03574727103114128,0.041411660611629486,0.02434585615992546,-0.1403539478778839,0.006565805524587631,-0.036101747304201126,0.04977329075336456,-0.026058120653033257,0.011418991722166538,-0.009829354472458363,-0.033977970480918884,0.028293916955590248,0.038110144436359406,-0.05121565982699394,-0.03579704090952873,0.012305551208555698,0.00902307778596878,-0.011751857586205006,-0.011539345607161522,0.00013529378338716924,0.014266028068959713,-0.011324871331453323,0.01938367635011673,-0.005438658408820629,-0.012887048535048962,-0.006887840107083321,0.013575206510722637,-0.014620695263147354,0.0009470704826526344,-0.0018483230378478765,0.006551835220307112,0.009744144044816494,206.99998474121094,5.84754753112793,33.41571807861328,9.109030723571777,10.289142608642578,5.026483058929443,2.675462007522583,7.256575584411621,2.088928461074829,1.0136581659317017,1.0845104455947876,0.9742218255996704,1.2461532354354858,1.6935756206512451,1.577919363975525,0.31830987334251404,5.511573573740033e-17,0.4644518196582794,0.1253807693719864,0.036473650485277176,0.03586602956056595,0.09226640313863754,0.23284363746643066,0.02902974747121334,0.0935133621096611,0.08351410925388336,0.024864554405212402,0.06400439888238907,0.07585006207227707,0.04876255616545677,0.02771414816379547,0.06726869940757751,0.07462072372436523,0.04153236374258995,0.025423619896173477,0.0023201219737529755,0.07983634620904922,0.03428933024406433,0.07538404315710068,0.024648815393447876,0.053815193474292755,0.3431527614593506,95.61357879638672,174.35821533203125,41.661380767822266,68.15582275390625,54.588565826416016
01475980_010,orange,1,pass,..\data\raw\raw_images\01475980_010.jpeg,448.0,135.05381774902344,6.380692958831787,0.3086555600166321,0.702194333076477,0.9619671702384949,0.1588945984840393,-1.0,4.145165831264507e-17,5.5268879956008396e-17,-0.22612977027893066,0.02586723119020462,0.010834033600986004,0.051483552902936935,-0.10860733687877655,-0.0982668399810791,-0.014501504600048065,-0.002936938079074025,-0.08393344283103943,0.007674305234104395,0.0002542113361414522,-0.013079199008643627,-0.0066525437869131565,-0.023574719205498695,-0.007024276535958052,-0.0068585979752242565,-0.011378622613847256,0.004743651021271944,-0.0015811346238479018,-0.0063811070285737514,0.0017249498050659895,-0.013471257872879505,-0.008961731567978859,-0.018059009686112404,-0.006493534427136183,0.0023809410631656647,-0.0036625447683036327,-0.0037817752454429865,-0.0004598127561621368,-0.004386799409985542,-0.005756658501923084,-4.144871491007507e-05,-0.002544759539887309,0.0020660797599703074,0.0004989319131709635,0.005783926695585251,0.0007481845677830279,116.0,22.920000076293945,33.97917175292969,3.7791688442230225,2.165001630783081,2.9155426025390625,1.6560169458389282,0.3320468068122864,1.168392539024353,0.6494346857070923,0.9743736386299133,0.31054601073265076,0.4983147382736206,0.44227612018585205,0.1366828829050064,0.31830987334251404,1.4758593546862562e-16,0.7404117584228516,0.09535868465900421,0.07627411186695099,0.030850335955619812,0.7748672366142273,0.3134552836418152,0.03705554082989693,0.2574879825115204,0.08138205111026764,0.021493200212717056,0.6132702827453613,0.4880995750427246,0.14592692255973816,0.017972931265830994,0.36086541414260864,0.05394595116376877,0.08429872989654541,0.012324124574661255,0.4459226727485657,0.5363625288009644,0.2637326419353485,0.08300238847732544,0.00950174406170845,-0.6767747402191162,-0.7358982563018799,96.5621337890625,238.475341796875,0.5939141511917114,4.697725296020508,8.314626693725586
01475980_019,cucumber,0,pass,..\data\raw\raw_images\01475980_019.jpeg,3058.5,275.7228698730469,4.985612869262695,0.5055601000785828,0.8828113675117493,0.8600999116897583,0.13075730204582214,-1.0,4.335203959553665e-17,-8.67040791910733e-17,-0.58176189661026,0.046261899173259735,0.08709666132926941,0.06902916729450226,0.09229062497615814,0.027232354506850243,0.054949481040239334,-0.019649894908070564,-0.0773208811879158,-0.00931610632687807,0.08879382908344269,-0.0026377923786640167,0.03974948450922966,0.016927551478147507,0.03386002406477928,-0.014418237842619419,0.022979749366641045,-0.030223272740840912,0.02741849422454834,-0.02193286456167698,0.0002215193526353687,-0.005382525734603405,-0.0017218212597072124,-0.012634826824069023,0.013658695854246616,-0.012103901244699955,-0.01481862273067236,-0.01968545839190483,-0.002038148231804371,0.0029808131512254477,-0.010130723007023335,-0.007220690604299307,0.009568911045789719,0.0031192838214337826,-0.013807602226734161,-0.00460194144397974,0.011262401007115841,243.00003051757812,7.420706272125244,36.44053268432617,17.69795036315918,9.073790550231934,12.304615020751953,2.6755895614624023,3.505814790725708,2.9811384677886963,3.07090163230896,1.717045783996582,1.0598286390304565,1.3094019889831543,0.7642673254013062,0.912801206111908,0.31830987334251404,0.015069708228111267,0.36668723821640015,0.14507314562797546,0.06126006692647934,0.0680440217256546,0.07027260959148407,0.14671315252780914,0.015999380499124527,0.03913899138569832,0.00828677136451006,0.10000790655612946,0.06097695231437683,0.009455985389649868,0.0427098385989666,0.044284697622060776,0.046826742589473724,0.008297231048345566,0.06162695586681366,0.07003368437290192,0.029419174417853355,0.09166684746742249,0.06375207006931305,0.07908771932125092,0.0687185525894165,0.517107367515564,0.8294230103492737,155.42910766601562,143.66835021972656,6.123232841491699,58.82499313354492,34.24693298339844
01475980_008,orange,1,pass,..\data\raw\raw_images\01475980_008.jpeg,2302.0,194.65179443359375,4.0570068359375,0.7634811401367188,0.9459626078605652,0.5895848870277405,0.11806784570217133,-1.0,-0.0,4.474806238917504e-17,-0.8322203755378723,-0.06760269403457642,-0.04127425327897072,-0.0159289613366127,0.031439460813999176,0.011958620510995388,0.02648795396089554,0.0047684358432888985,-0.0009472758392803371,-0.04445267841219902,-0.03803083673119545,0.00977617409080267,0.002980251098051667,0.005064781755208969,0.030409855768084526,0.0037186804693192244,0.006074707955121994,-0.012987807393074036,-0.02582509070634842,-0.005370378028601408,-0.000426941376645118,-0.005720234476029873,0.009060573764145374,-0.005353183951228857,0.005948430858552456,-0.001368040801025927,-0.008773372508585453,0.0021804135758429766,0.002557616215199232,-0.014112373813986778,-0.006597795523703098,0.00022333617380354553,0.0021439820993691683,-0.0013318473938852549,0.004321231972426176,0.0016131778247654438,1.8867400285671465e-05,163.99998474121094,0.8489363789558411,7.474233627319336,7.628855228424072,2.737696886062622,3.724885940551758,2.3364007472991943,2.124723434448242,0.8680022954940796,0.48208922147750854,1.3955894708633423,0.4871600270271301,0.8161123394966125,0.5445783138275146,0.3388102650642395,0.31830987334251404,4.856606869287972e-16,0.5816070437431335,0.03398091718554497,0.002908754860982299,0.025439590215682983,0.23315846920013428,0.07477160543203354,0.008680982515215874,0.0056907101534307,0.0763133317232132,0.013293826952576637,0.1998087614774704,0.02518407069146633,0.029041757807135582,0.004088385961949825,0.003969015087932348,0.07520835101604462,0.04863964021205902,0.005603407509624958,0.2277243733406067,0.06851491332054138,0.03929619863629341,0.018923617899417877,0.0014577216934412718,0.5787344574928284,0.7839078903198242,221.98448181152344,144.1517791748047,6.525020599365234,45.400238037109375,38.39719009399414
01475980_004,apple,1,pass,..\data\raw\raw_images\01475980_004.jpeg,3131.0,242.93606567382812,4.341606616973877,0.6666669249534607,0.9233264327049255,0.5614283680915833,0.147551491856575,-1.0,-0.0,-5.3105448620880056e-17,-0.8905490040779114,-0.02506665512919426,0.09879809617996216,0.07300090789794922,-0.0011621098965406418,-0.07537268847227097,-0.0004236517706885934,-0.04842163622379303,-0.02216942235827446,0.0019067307002842426,0.016810795292258263,-0.05342727527022362,-0.010128889232873917,-0.005347211379557848,-0.022748716175556183,0.0394572913646698,-0.018294764682650566,0.010668477043509483,0.004930553957819939,0.022580461576581,0.0065252697095274925,0.003519256366416812,0.015975268557667732,-0.00017371008289046586,0.007903586141765118,-0.005043526645749807,0.007960543036460876,-0.02529345452785492,-0.0007959060021676123,-0.010690615512430668,0.002883740235120058,0.0006911376840434968,0.007699817419052124,0.007534005679190159,-0.010146043263375759,0.006335122045129538,-0.007020295597612858,203.99998474121094,0.7364629507064819,11.992653846740723,12.551360130310059,7.70599889755249,3.13413405418396,2.641374349594116,2.675990581512451,0.6922582387924194,1.8042489290237427,1.3986623287200928,1.3377948999404907,0.829402506351471,1.112155795097351,0.5133345723152161,0.31830987334251404,2.9726719222074197e-16,0.43377360701560974,0.05336480587720871,0.0070830583572387695,0.05760274827480316,0.009177390486001968,0.08225596696138382,0.03554963693022728,0.0045194984413683414,0.10272654891014099,0.010114189237356186,0.16414505243301392,0.026118986308574677,0.08000712841749191,0.008873400278389454,0.015885883942246437,0.006370574701577425,0.018515674397349358,0.015926336869597435,0.002250298159196973,0.07286178320646286,0.049798399209976196,0.02676740474998951,0.0011090678162872791,0.005946813616901636,0.08373985439538956,75.4814453125,171.76654052734375,63.77003479003906,47.59307861328125,54.5788459777832
01475980_020,cucumber,0,pass,..\data\raw\raw_images\01475980_020.jpeg,2740.0,203.19595336914062,3.881859064102173,0.8339313268661499,0.9838420152664185,0.4954129159450531,0.09526239335536957,-1.0,-4.2811778158976214e-17,5.708237087863495e-17,-0.9071851968765259,0.052102040499448776,-0.018279045820236206,0.0021805097348988056,-0.04376581311225891,0.011267290450632572,-0.0091707156971097,-0.0021548704244196415,-0.04234008491039276,0.035283736884593964,-0.009754571132361889,-0.008080080151557922,-0.009758195839822292,0.0150267593562603,0.0005555748357437551,-0.002596649108454585,0.007287581916898489,0.013030610047280788,-0.0056602563709020615,-0.0007726987823843956,0.009811794385313988,0.0008482736302539706,-0.0013377979630604386,0.0023680932354182005,0.004676135256886482,-0.003260796656832099,0.002093829680234194,0.00941131915897131,0.004533359315246344,-0.004587720613926649,0.0024900748394429684,-0.0012411412317305803,0.0014783110236749053,-0.004072817973792553,0.005826218519359827,-0.0007176552899181843,-0.0020639782305806875,180.0,0.568446695804596,5.0029520988464355,7.059066295623779,3.350571393966675,2.7435824871063232,0.21110554039478302,0.3603467047214508,1.03914213180542,0.9216294288635254,0.13876795768737793,0.24745024740695953,0.5237037539482117,0.35479286313056946,0.41190794110298157,0.31830987334251404,1.7151532032469701e-15,0.5202859044075012,0.02729078382253647,0.0007113334722816944,0.024646654725074768,0.09330710023641586,0.05324936658143997,0.01074407622218132,0.0008573089726269245,0.06054292246699333,0.014855636283755302,0.2586089074611664,0.0023559785913676023,0.034457553178071976,0.001975549850612879,0.0016724859597161412,0.02787165530025959,0.048286210745573044,0.001438387669622898,0.11100762337446213,0.062063924968242645,0.03595397621393204,0.007281320169568062,0.002942063147202134,0.4622563123703003,0.8704825043678284,163.0911407470703,124.50052642822266,4.878199577331543,34.72616958618164,25.908620834350586
01475980_014,carrot,0,pass,..\data\raw\raw_images\01475980_014.jpeg,1394.5,217.5807342529297,5.826545715332031,0.370158314704895,0.7266805768013,0.9195611476898193,0.16351622343063354,-1.0,-2.5848681112594094e-17,1.5509208998428701e-16,-0.31913331151008606,-0.07452224940061569,-0.06365860253572464,0.18286989629268646,0.016005175188183784,-0.07740988582372665,0.03816743567585945,-0.06335338205099106,-0.1121111586689949,0.007084481883794069,-0.02968590334057808,-0.002729737665504217,-0.004099864512681961,-0.03880034014582634,0.003559070872142911,0.031157679855823517,-0.0315011627972126,0.01252420898526907,0.009503337554633617,-0.010206400416791439,-0.013132446445524693,-0.005387810990214348,-0.014856488443911076,-0.008668565191328526,-0.004956889431923628,-0.006108872126787901,0.008019555360078812,0.007670653518289328,-0.00041804189095273614,0.0030415470246225595,-2.1090976588311605e-05,-0.004992208443582058,-0.004037688486278057,-0.0016172158066183329,-0.005904060788452625,-0.010676664300262928,0.005462242756038904,188.99996948242188,11.204171180725098,56.56557083129883,5.0078206062316895,0.49420076608657837,3.5748887062072754,3.633857488632202,1.586178183555603,1.6685773134231567,0.3153526782989502,0.17683212459087372,1.1855723857879639,0.8819242715835571,0.8024699091911316,0.9544757008552551,0.31830987334251404,2.6416429760909666e-16,0.44561779499053955,0.207735076546669,0.06893113255500793,0.062077466398477554,0.13720981776714325,0.40268585085868835,0.10807813704013824,0.14954446256160736,0.09065770357847214,0.06934608519077301,0.11078973114490509,0.23714123666286469,0.24708689749240875,0.047798268496990204,0.19463707506656647,0.028582433238625526,0.1534574329853058,0.051907967776060104,0.15870113670825958,0.13873034715652466,0.16913792490959167,0.11459057778120041,0.019718632102012634,0.8887246251106262,0.22710292041301727,55.04161071777344,95.15972900390625,11.90455150604248,37.39055252075195,39.436702728271484
01475980_005,apple,1,pass,..\data\raw\raw_images\01475980_005.jpeg,3232.0,280.0243835449219,4.92561149597168,0.517952024936676,0.8485166430473328,0.8059679269790649,0.11597977578639984,-1.0,1.4083198591479545e-16,-2.6509550445548435e-16,-0.6551588773727417,-0.05941802263259888,-0.1081775352358818,-0.054967690259218216,-0.01618937775492668,0.020150059834122658,0.011327952146530151,0.08115141093730927,-0.018625972792506218,-0.029722750186920166,-0.06232723221182823,0.014458945021033287,-0.028615498915314674,0.014833226799964905,0.05113717168569565,0.06243690848350525,-0.013195960782468319,-0.005579895805567503,-0.003351605264469981,0.009409266524016857,-0.030472777783870697,0.025991277769207954,0.019666222855448723,-0.003735340666025877,0.006601203233003616,-0.007575796917080879,0.006733895279467106,0.002411426743492484,-0.007835419848561287,0.004841834306716919,-5.032980698160827e-05,0.005619496572762728,-0.005049364175647497,-0.013073763810098171,0.007730488199740648,-0.01908288337290287,-0.002591561060398817,256.0,6.42428731918335,27.607492446899414,18.747011184692383,8.151566505432129,3.8414835929870605,10.870109558105469,2.485427141189575,2.8928046226501465,2.0061347484588623,1.1388424634933472,0.9325785040855408,1.3819814920425415,2.0430538654327393,2.5263891220092773,0.31830987334251404,0.008271345868706703,0.3845687210559845,0.11042245477437973,0.01592172682285309,0.05932006612420082,0.03396264836192131,0.10225982218980789,0.02231966331601143,0.019797388464212418,0.09129385650157928,0.04649864509701729,0.07635847479104996,0.07006275653839111,0.044515304267406464,0.046971969306468964,0.0393851213157177,0.06644641607999802,0.02820851467549801,0.030729152262210846,0.0549246221780777,0.07337186485528946,0.04089220613241196,0.04523204639554024,0.0561797209084034,0.12754617631435394,0.6228193640708923,102.70329284667969,129.8227081298828,27.266935348510742,49.67338562011719,32.520938873291016
01475980_009,orange,1,pass,..\data\raw\raw_images\01475980_009.jpeg,3324.5,313.1198425292969,5.4305949211120605,0.4261034429073334,0.79249107837677,0.6504453420639038,0.14179839193820953,-1.0,-4.733978137570374e-17,9.467956275140748e-17,-0.6628761887550354,-0.07043098658323288,-0.011791620403528214,0.04925644025206566,-0.2851314842700958,-0.12597835063934326,0.06485261023044586,-0.0796276107430458,-0.009943913668394089,0.041041549295186996,-0.03141780197620392,0.03694360703229904,0.11612839251756668,-0.007251839153468609,0.019428560510277748,-0.054971788078546524,-0.09782540798187256,-0.026184290647506714,-0.022261090576648712,0.014915060251951218,0.01479503232985735,-0.004150134511291981,0.006727790459990501,0.014413743279874325,-0.003980041481554508,0.016308307647705078,-0.018823325634002686,-0.007915089838206768,-0.00030372542096301913,-0.0003128213866148144,0.006831742357462645,0.014773755334317684,0.0016806243220344186,0.007729910314083099,0.013486485928297043,0.006987663917243481,0.0034135631285607815,263.0,8.531291007995605,28.18390464782715,20.916751861572266,14.188580513000488,8.321941375732422,4.770193099975586,2.525923490524292,1.6880319118499756,1.6331489086151123,0.6846363544464111,3.2000749111175537,1.2213919162750244,1.28263258934021,2.0211431980133057,0.31830987334251404,0.022501932457089424,0.36487793922424316,0.05934063345193863,0.11547090858221054,0.0507296621799469,0.014461902901530266,0.04676899313926697,0.09007663279771805,0.041440609842538834,0.019232915714383125,0.060103755444288254,0.10581692308187485,0.08149436116218567,0.08018361032009125,0.04316476359963417,0.116190105676651,0.021143276244401932,0.07493878155946732,0.03281484916806221,0.015757139772176743,0.036655161529779434,0.026902664452791214,0.01844428852200508,0.02384822815656662,0.3506418764591217,0.4661567807197571,182.68382263183594,169.47267150878906,29.745134353637695,75.99604034423828,48.088104248046875
01475980_001,apple,1,pass,..\data\raw\raw_images\01475980_001.jpeg,1042.5,216.75230407714844,6.713139533996582,0.27884218096733093,0.6782693266868591,0.7377253770828247,0.15936313569545746,-1.0,-4.4381068821164866e-17,-8.876213764232973e-17,-0.4306653141975403,0.010935129597783089,0.3880371153354645,-0.6020954251289368,-0.36758947372436523,-0.09361706674098969,0.1126885935664177,0.20143310725688934,-0.04381909221410751,-0.08721034228801727,0.029443450272083282,-0.005146144889295101,0.05174943432211876,0.01969778537750244,-0.02853516861796379,0.05204746872186661,0.013841092586517334,0.02240767516195774,0.03796225041151047,-0.014819246716797352,-0.007785134017467499,0.004056815057992935,-0.004096541553735733,0.0037536900490522385,0.016261402517557144,0.005437954794615507,-0.0022874309215694666,-0.04199495539069176,0.004248129669576883,0.016981173306703568,-0.015777887776494026,0.003136283252388239,-0.004769694991409779,0.0029405460227280855,0.01717924326658249,0.003920671064406633,-0.006670147180557251,188.99998474121094,29.035804748535156,34.05048370361328,9.171928405761719,2.678478240966797,11.482495307922363,8.986538887023926,1.248225212097168,3.687196969985962,2.1298396587371826,1.044529676437378,0.9025453925132751,1.2653695344924927,0.7220356464385986,1.434188961982727,0.31830987334251404,1.4305015344541765e-16,0.6708810329437256,0.04926750808954239,0.05676037818193436,0.026877153664827347,0.47752881050109863,0.14129097759723663,0.015654578804969788,0.20161481201648712,0.08401545882225037,0.01449868455529213,0.0016459362814202905,0.16365443170070648,0.06139221787452698,0.0067899636924266815,0.30246615409851074,0.09604781866073608,0.06383368372917175,0.0055895536206662655,0.3500356674194336,0.1689663827419281,0.11907164007425308,0.0301793422549963,0.0034921765327453613,0.5284293293952942,0.8042660355567932,102.81809997558594,129.41563415527344,7.938780784606934,19.559457778930664,31.753034591674805
01475980_007,orange,1,pass,..\data\raw\raw_images\01475980_007.jpeg,3687.5,324.7767028808594,5.348337650299072,0.43931111693382263,0.850830614566803,0.688035786151886,0.14419162273406982,1.0,-5.033057199439742e-17,0.0,0.690384566783905,0.1332920491695404,0.2682863473892212,-0.396761417388916,0.17277459800243378,0.004717187024652958,-0.03086121380329132,0.13305124640464783,0.12618409097194672,0.05885085463523865,0.05851981043815613,0.007511634845286608,-0.05067448690533638,0.002042593900114298,-0.0709039717912674,-0.016668805852532387,-0.004503172356635332,-0.05618508905172348,0.027306614443659782,0.0003765225410461426,-0.007177043706178665,0.0204536821693182,0.029924672096967697,5.1009155868086964e-05,0.004129708744585514,-0.0021584960632026196,-0.02047208696603775,-0.010758301243185997,-0.001987388590350747,-0.002125341445207596,0.008097566664218903,-0.009768359363079071,-0.005073487758636475,0.004304360598325729,-0.005251500755548477,0.00010075193858938292,-0.004195645917207003,273.0,26.3631534576416,41.56026840209961,6.320068359375,9.777670860290527,8.111001014709473,5.427196025848389,4.23042106628418,3.597256660461426,2.7919671535491943,0.41674503684043884,0.9999288320541382,0.306972861289978,1.874330759048462,0.8067721724510193,0.31830987334251404,1.4248670712890409e-15,0.2514568865299225,0.11916909366846085,0.08918985724449158,0.04693254455924034,0.12522171437740326,0.09684038907289505,0.03203190863132477,0.0905313789844513,0.03448805585503578,0.009086349047720432,0.0017507212469354272,0.10145360231399536,0.038570813834667206,0.017952628433704376,0.023004958406090736,0.07053755968809128,0.05051422119140625,0.006241966970264912,0.0752035528421402,0.030216200277209282,0.027987169101834297,0.018458381295204163,0.006244348362088203,0.5656673312187195,0.7346293926239014,197.1926727294922,130.48208618164062,11.140253067016602,68.81412506103516,24.988149642944336
01483309_005,apple,1,pass,..\data\raw\raw_images\01483309_005.jpg,3661.5,308.2914123535156,5.094855785369873,0.4841122329235077,0.8017297983169556,0.8247764110565186,0.15211880207061768,-1.0,2.035720604250563e-17,-4.071441208501126e-17,-0.6004686951637268,-0.0031112225260585546,-0.02359670214354992,0.016232052817940712,-0.10311807692050934,-0.05363238602876663,0.010075892321765423,-0.008224837481975555,-0.10310323536396027,-0.005439772270619869,0.004923616535961628,0.06282179802656174,0.06682664155960083,-0.0047225202433764935,-0.003802459454163909,0.0003274422779213637,-0.04128444939851761,-0.003812525188550353,-4.736309347208589e-05,-0.018656881526112556,0.004486394114792347,-0.004426269792020321,-0.002145571168512106,-0.008329317905008793,-0.002847484312951565,0.00793240312486887,-0.0014873981708660722,-0.013149643316864967,-0.02651839517056942,-0.009109503589570522,-0.006012437399476767,-0.024963023141026497,0.012405943125486374,0.004016061779111624,0.0007398136076517403,0.003425111062824726,-0.0035082653630524874,259.0,8.364045143127441,42.07510757446289,9.25890827178955,3.9340322017669678,8.43221664428711,0.9784143567085266,1.109692096710205,1.0488723516464233,3.0369715690612793,4.048878192901611,0.2142532914876938,2.4619853496551514,0.9300515055656433,1.3205186128616333,0.31830987334251404,0.0287826769053936,0.2748013138771057,0.17126840353012085,0.062350016087293625,0.05246615409851074,0.04076635092496872,0.0655868798494339,0.08707258105278015,0.07049574702978134,0.08004090189933777,0.03736376389861107,0.030675431713461876,0.06070481985807419,0.026079855859279633,0.035688869655132294,0.02120344527065754,0.06899392604827881,0.03468216955661774,0.008561371825635433,0.061987172812223434,0.0321246013045311,0.03415343910455704,0.03778199478983879,0.014907106757164001,0.0928896963596344,0.23322854936122894,84.29878997802734,147.45201110839844,47.629981994628906,49.904144287109375,63.548973083496094
01483309_020,cucumber,0,pass,..\data\raw\raw_images\01483309_020.jpg,210.5,207.0365753173828,14.269902229309082,0.06171174347400665,0.2636192739009857,0.9460893273353577,0.1860615611076355,-1.0,2.813630369052992e-17,-3.001205815222457e-16,-0.05685177445411682,-0.0011812449665740132,0.05808405205607414,0.10403214395046234,-0.022766821086406708,-0.09660252928733826,0.0077608851715922356,0.038299914449453354,-0.016800232231616974,-0.019547976553440094,0.02366352453827858,-0.01446252129971981,0.020479628816246986,-0.015857622027397156,-0.004361321683973074,0.00830833613872528,-0.002350357361137867,-0.011071682907640934,0.02829432673752308,-0.022786559537053108,0.010292073711752892,-0.01337920967489481,-0.004875741899013519,0.00803171657025814,-0.010261375457048416,-0.0050259726122021675,0.013354280963540077,-0.008198097348213196,0.01759737730026245,-0.003974894527345896,-0.004036594182252884,-0.0029116736259311438,-0.002652572700753808,0.0010956620099022985,0.013268801383674145,-0.006263053975999355,0.006216580513864756,170.99996948242188,4.982515335083008,65.73410034179688,7.2088799476623535,1.2524058818817139,6.440052032470703,3.7857561111450195,3.4519965648651123,1.1597836017608643,1.9196425676345825,1.3404054641723633,1.5168026685714722,0.8962801694869995,0.41439124941825867,0.8332250118255615,0.31830987334251404,0.011329831555485725,0.3737899661064148,0.27831536531448364,0.18221324682235718,0.06907040625810623,0.3137000799179077,0.3398786783218384,0.24756553769111633,0.3932420313358307,0.041374579071998596,0.1062903106212616,0.36915668845176697,0.2723079025745392,0.3240179717540741,0.2138483226299286,0.2091999351978302,0.30342715978622437,0.19161757826805115,0.11875397711992264,0.21639439463615417,0.3819562494754791,0.22717362642288208,0.30476048588752747,0.17342427372932434,0.9110473394393921,0.06538466364145279,64.79364776611328,158.61587524414062,12.194157600402832,47.886226654052734,23.410114288330078
01483309_017,cucumber,0,pass,..\data\raw\raw_images\01483309_017.jpg,795.5,196.26702880859375,6.958685874938965,0.25951075553894043,0.6659690141677856,0.9801087379455566,0.16659609973430634,-1.0,3.014165750187693e-17,-1.6498591126425007e-16,-0.18287020921707153,-0.018580324947834015,-0.009027688764035702,-0.06265974789857864,0.024147411808371544,-0.08532585948705673,-0.003642301307991147,-0.03322770074009895,-0.0855153426527977,-0.01289449818432331,-0.009044071659445763,0.012689224444329739,0.02259344421327114,-0.025617746636271477,0.0006233933963812888,0.00032401588396169245,-0.03284147381782532,-0.016514981165528297,-0.007454240694642067,0.0061846161261200905,0.004098784644156694,-0.006844617426395416,0.0013786106137558818,-0.001319877803325653,-0.008460278622806072,-0.008801509626209736,-0.0038691593799740076,0.005065606907010078,0.0010575492633506656,-0.0005133881350047886,0.0015351071488112211,0.003910385072231293,-0.0061227306723594666,-0.011341391131281853,-0.003989128861576319,-0.0006615227903239429,0.0014471834292635322,170.99998474121094,9.820631980895996,61.96970748901367,3.157679557800293,0.4968947470188141,3.4770030975341797,3.7285196781158447,1.4822157621383667,0.6524425745010376,1.7805190086364746,0.4815561771392822,1.0516668558120728,0.9788440465927124,1.3242720365524292,0.6149314045906067,0.31830987334251404,1.6502304836503125e-16,0.4282305836677551,0.24842560291290283,0.0827021598815918,0.042909618467092514,0.17920315265655518,0.46091747283935547,0.17432910203933716,0.08350487798452377,0.06567112356424332,0.06869257986545563,0.19535203278064728,0.3328181207180023,0.3752921521663666,0.12155113369226456,0.14286746084690094,0.09712480008602142,0.07903490215539932,0.07744874805212021,0.27936893701553345,0.19382503628730774,0.3664390444755554,0.2661643326282501,0.08912473917007446,0.8698529601097107,-0.03212002292275429,113.33673095703125,129.70181274414062,15.091201782226562,60.22805404663086,29.242488861083984
01483309_008,orange,1,pass,..\data\raw\raw_images\01483309_008.jpg,882.5,114.46803283691406,3.8532471656799316,0.8463619351387024,0.9703133702278137,0.582186222076416,0.13494333624839783,-1.0,2.18639400128171e-16,-2.6722595113650653e-16,-0.8408969640731812,0.004869099240750074,0.0002799277426674962,0.0031712825875729322,0.007024836726486683,-0.02867223508656025,7.469004049198702e-05,0.003942542243748903,-0.006228260695934296,-0.005716932937502861,0.0015291351592168212,0.0031098846811801195,0.01205373927950859,-0.0011574815725907683,0.007576895412057638,0.012688197195529938,-0.0004966394626535475,-0.0035459385253489017,0.0016999493818730116,-0.0024288904387503862,-0.003814863506704569,0.0022026922088116407,0.005510848481208086,-0.0021743555553257465,0.003911573439836502,-0.0015481256414204836,0.0020870338194072247,-0.0007234907825477421,0.005948022473603487,0.0026440166402608156,0.003169467905536294,0.0021858662366867065,-0.0009133370476774871,0.0005188837531022727,0.00041349948151037097,0.0009435229585506022,-0.0032410528510808945,94.99998474121094,0.04662856459617615,5.064823150634766,0.10429950058460236,0.6533094644546509,0.7437262535095215,0.6872578859329224,0.2462194710969925,0.18293970823287964,0.27917900681495667,0.23005005717277527,0.3249301612377167,0.18641963601112366,0.17252403497695923,0.16537782549858093,0.31830987334251404,1.6562478586471663e-17,0.8121110796928406,0.014193521812558174,9.754418715601787e-05,0.0001620414259377867,0.950226366519928,0.056628935039043427,0.001135704223997891,0.00043521486804820597,0.0008319945191033185,0.00022690383775625378,0.6983267068862915,0.1098799780011177,0.00627993606030941,0.00013512234727386385,0.0009281394304707646,0.0022805174812674522,0.0014850167790427804,2.2294800146482885e-05,0.20989277958869934,0.13394160568714142,0.017377380281686783,0.0009761875844560564,1.9098964912700467e-05,0.5154315233230591,0.8496484756469727,174.54994201660156,201.04403686523438,3.203660011291504,49.01588439941406,42.02228546142578
01483309_011,carrot,0,pass,..\data\raw\raw_images\01483309_011.jpg,775.5,168.46803283691406,6.0495991706848145,0.34336549043655396,0.8640668392181396,0.9761391878128052,0.1374138742685318,-1.0,4.352165794322432e-17,-1.4507219314408107e-16,-0.2465297430753708,-0.021762439981102943,-0.0023977793753147125,0.005364089738577604,0.10221973806619644,-0.09210330247879028,0.0018782773986458778,0.014066694304347038,-0.06856798380613327,-0.013896185904741287,6.395035597961396e-05,0.012125406414270401,0.023712167516350746,-0.021578077226877213,-0.001236195326782763,-0.00035118215600959957,-0.022142745554447174,-0.01720738410949707,-0.00165706651750952,-0.0014999436680227518,0.0013706408208236098,-0.0072925882413983345,0.0011876869248226285,-0.0030023313593119383,-0.006868434604257345,-0.008875002153217793,0.000490309321321547,0.003327750600874424,-0.004422732628881931,-0.0022894497960805893,-0.0018369982717558742,0.0002964739687740803,-0.002013750607147813,-0.006517473608255386,0.0029009883292019367,-0.0028709061443805695,-0.004989995621144772,148.99998474121094,25.07819366455078,44.46622848510742,2.2081966400146484,1.7099279165267944,4.060894012451172,1.5045794248580933,0.9665189981460571,0.5401919484138489,1.4130100011825562,0.37110206484794617,0.7202280759811401,0.25821977853775024,0.5252557396888733,0.30362093448638916,0.31830987334251404,6.855797324803621e-16,0.6299419403076172,0.14409197866916656,0.12507891654968262,0.05150267109274864,0.5550052523612976,0.3454219400882721,0.08369379490613937,0.2100791484117508,0.027314161881804466,0.060079820454120636,0.3651323616504669,0.44533663988113403,0.18540234863758087,0.06246810033917427,0.07907341420650482,0.08753667026758194,0.09225741773843765,0.05569315701723099,0.20981258153915405,0.4306938946247101,0.23888616263866425,0.12510491907596588,0.0526052862405777,0.4561036229133606,0.8887333273887634,98.52291107177734,191.77203369140625,1.3205162286758423,21.767824172973633,47.78038787841797
01483309_019,cucumber,0,pass,..\data\raw\raw_images\01483309_019.jpg,667.5,190.61016845703125,7.377690315246582,0.23087078332901,0.5435667634010315,0.9541196227073669,0.13593612611293793,-1.0,-7.802533990883633e-17,-1.9694946715249955e-16,-0.15290291607379913,0.004472333937883377,-0.01293915044516325,0.14132444560527802,0.008329684846103191,-0.08412573486566544,-0.004201627802103758,0.012602328322827816,-0.04910779744386673,0.002607319736853242,-0.0026757523883134127,0.030667448416352272,-0.017798209562897682,-0.030864480882883072,-0.005212691146880388,-0.003483591368421912,-0.0193270705640316,0.0005769224953837693,-0.00026877946220338345,0.013216394931077957,-0.00875039305537939,-0.011251579970121384,-0.002541270572692156,-0.008281509391963482,-0.012007017619907856,2.6745421564555727e-05,-0.00021219793416094035,0.010724760591983795,0.00044113010517321527,-0.005388760007917881,-0.001825328334234655,-0.0034146017860621214,-0.01066668052226305,0.00073760817758739,-7.656224624952301e-05,0.005445427726954222,0.0009391888161189854,166.99998474121094,4.358098983764648,61.27116012573242,4.143675804138184,1.90890371799469,0.7958548665046692,5.747885704040527,1.372104525566101,0.5050984621047974,0.36912277340888977,1.7064462900161743,0.8187486529350281,0.07827963680028915,0.09338270872831345,0.619321882724762,0.31830987334251404,5.090851713268781e-16,0.4553980231285095,0.2332659512758255,0.06784822046756744,0.05872721970081329,0.24103881418704987,0.4403933584690094,0.15470866858959198,0.17135977745056152,0.05330386012792587,0.08903110027313232,0.2782672047615051,0.30656734108924866,0.3677036464214325,0.08651527762413025,0.18303737044334412,0.10456206649541855,0.15852317214012146,0.09356656670570374,0.2417152374982834,0.25092312693595886,0.3334943354129791,0.2600720226764679,0.033022601157426834,0.852294921875,-0.2647631764411926,93.16090393066406,120.01329803466797,13.664783477783203,60.766048431396484,40.206214904785156
01483309_013,carrot,0,pass,..\data\raw\raw_images\01483309_013.jpg,712.0,193.82337951660156,7.263837814331055,0.2381647825241089,0.7506589293479919,0.9906407594680786,0.11452991515398026,-1.0,1.8554910182289366e-17,-1.979190551793097e-16,-0.15577469766139984,-0.0043890890665352345,0.004156605340540409,-0.0222871582955122,0.054097726941108704,-0.10920517146587372,-0.0011480124667286873,-0.017842460423707962,-0.04897451773285866,-0.0015656298492103815,-0.0008096020901575685,-0.014229566790163517,0.009337395429611206,-0.035516172647476196,0.001703144982457161,-0.011523119173943996,-0.015058956108987331,-0.0035496363416314125,-1.7520349501864985e-05,-0.010321698151528835,-0.0005006149876862764,-0.017391163855791092,-0.0001580448733875528,0.0020291577093303204,-0.004136794712394476,-0.0011252491967752576,-0.0005137632833793759,-0.007126677315682173,-0.0030300726648420095,-0.01004723645746708,0.0017501076217740774,0.0006506209028884768,-0.0036204687785357237,-0.0019629718735814095,-0.0011942234123125672,-0.005622321739792824,-0.0012517223367467523,163.99998474121094,25.507001876831055,57.203590393066406,4.666342735290527,3.6257612705230713,3.913874864578247,4.152059555053711,0.5574689507484436,1.7967227697372437,1.1124087572097778,1.0401448011398315,0.030284030362963676,1.0186138153076172,0.35492923855781555,0.4019692540168762,0.31830987334251404,0.019049542024731636,0.5106095671653748,0.2123928666114807,0.1604595184326172,0.03360863775014877,0.37416592240333557,0.4051404893398285,0.15564973652362823,0.11582545936107635,0.08801721781492233,0.06079067662358284,0.2952163815498352,0.4087902307510376,0.302078515291214,0.12487578392028809,0.01014749426394701,0.13705605268478394,0.023010674864053726,0.07300841063261032,0.3193499743938446,0.3112527132034302,0.35333824157714844,0.23036909103393555,0.10679545253515244,0.5088988542556763,0.8556690812110901,108.28678894042969,193.44403076171875,2.7013862133026123,33.94928741455078,55.25156021118164
01483309_006,orange,1,pass,..\data\raw\raw_images\01483309_006.jpg,2006.0,184.79393005371094,4.125933647155762,0.7381852269172668,0.9373831748962402,0.551965057849884,0.1754675805568695,-1.0,-0.0,0.0,-0.8803933262825012,-0.024535614997148514,-0.01722935400903225,0.01059778407216072,0.029607659205794334,-0.025072423741221428,0.028606299310922623,0.020770492032170296,-0.033887699246406555,0.006831098347902298,0.014097856357693672,-0.0040199304930865765,-0.018901150673627853,0.010999137535691261,0.012904297560453415,-0.024737097322940826,-0.009215851314365864,-0.004136204719543457,-0.0022152073215693235,-0.0010076607577502728,0.015302376821637154,0.0017611123621463776,0.00046378784463740885,0.004301864188164473,0.010051652789115906,0.007128912955522537,0.003023022087290883,-0.0008953742799349129,-0.017491543665528297,0.00045365135883912444,0.002968595828860998,0.0017089099856093526,0.0013819229789078236,0.007707369979470968,0.002735198475420475,0.0017908812733367085,0.008590705692768097,149.99998474121094,0.36001965403556824,7.123866558074951,2.8132078647613525,3.427825927734375,1.2777029275894165,1.3428354263305664,1.1976014375686646,0.5123006105422974,1.6053259372711182,0.4807233512401581,0.3425728976726532,1.279839277267456,1.1357632875442505,0.3774655759334564,0.31830987334251404,2.6669576145108454e-16,0.6332237124443054,0.029820594936609268,0.0033888977486640215,0.008063399232923985,0.3537138104438782,0.08312565088272095,0.008137795142829418,0.009481547400355339,0.02871865965425968,0.0013638483360409737,0.13970868289470673,0.07347524166107178,0.03292210400104523,0.0016797686694189906,0.006305561866611242,0.04105476289987564,0.00680078798905015,0.0006322804838418961,0.3112162947654724,0.03004014678299427,0.055418577045202255,0.008581415750086308,0.000310813746182248,0.07190655171871185,0.6102846264839172,96.91642761230469,158.67579650878906,28.271163940429688,93.41039276123047,46.57982635498047
01483309_016,cucumber,0,pass,..\data\raw\raw_images\01483309_016.jpg,992.5,231.52186584472656,7.348974227905273,0.23267856240272522,0.5666571259498596,0.9518258571624756,0.12455859035253525,-1.0,-0.0,8.534965365607897e-17,-0.16681328415870667,-0.010180282406508923,0.0005382219678722322,0.12461189925670624,0.007031303830444813,-0.08163200318813324,0.005554114002734423,-0.011430398561060429,-0.040106482803821564,-0.009367388673126698,-0.0005694624269381166,0.044222258031368256,0.0019706168677657843,-0.02058444172143936,0.005569993983954191,-0.0005057636881247163,-0.03421376273036003,-0.004973804112523794,-0.0017853460740298033,0.001800214173272252,0.002228653756901622,-0.01155941653996706,0.005680078640580177,0.005183437839150429,-0.016522936522960663,-0.0004979001823812723,-0.0027967195492237806,-0.00230101658962667,0.004000325221568346,-0.0084729865193367,0.003855715272948146,0.01132075022906065,-0.011889124289155006,0.0002733753644861281,-0.0035014660097658634,-0.004180264193564653,0.00023209699429571629,192.99996948242188,4.852128505706787,67.15471649169922,4.144410133361816,0.6786986589431763,2.5544180870056152,4.606752395629883,1.052304744720459,0.6720865964889526,0.25289931893348694,1.68696129322052,0.2218623012304306,0.3678196370601654,0.44718313217163086,0.5795034766197205,0.31830987334251404,0.017134930938482285,0.3411090672016144,0.2864091098308563,0.08410519361495972,0.06578810513019562,0.3390439748764038,0.28093621134757996,0.24874287843704224,0.11402511596679688,0.0691138207912445,0.13573883473873138,0.2929895222187042,0.2616173028945923,0.26271316409111023,0.1878717690706253,0.1297542005777359,0.12301027029752731,0.01558223832398653,0.18546026945114136,0.259420782327652,0.2079298049211502,0.23884440958499908,0.2345142513513565,0.111684150993824,0.8329072594642639,-0.13186900317668915,101.99908447265625,120.58073425292969,16.72675132751465,53.21540832519531,42.45767593383789
01471890_009,apple,1,pass,..\data\raw\raw_images\01471890_009.jpeg,2930.0,240.79393005371094,4.44848108291626,0.635018527507782,0.8882825374603271,0.6858793497085571,0.15855976939201355,-1.0,1.0292157713999604e-16,0.0,-0.7804308533668518,0.04328426718711853,0.06844774633646011,-0.011125246994197369,-0.12010002136230469,-0.08434741199016571,0.03485160320997238,-0.009488125331699848,-0.03827324137091637,0.007820062339305878,0.01274439413100481,0.005030058324337006,0.06947304308414459,-0.01220464613288641,-0.01902948133647442,-0.010715881362557411,-0.03345337510108948,0.006627729628235102,-0.00375028932467103,-0.02212146669626236,-0.00877091009169817,0.011052479967474937,0.00383840873837471,0.022237805649638176,0.0011521420674398541,0.0032915258780121803,0.0012379232794046402,0.005286999512463808,-0.003253346076235175,-0.008217940106987953,0.004297634586691856,-0.002709027146920562,0.0178341306746006,-0.0014809401473030448,0.00037560530472546816,-0.0027071970980614424,-0.00022609335428569466,205.99998474121094,2.344460964202881,20.35261344909668,13.121538162231445,3.7734930515289307,4.369884967803955,2.3605196475982666,2.302652359008789,1.854217767715454,0.7338443398475647,1.7065134048461914,0.948823869228363,1.3733599185943604,1.680721402168274,1.1551382541656494,0.31830987334251404,3.3292619403918434e-16,0.44008615612983704,0.08981312811374664,0.067486971616745,0.06364589184522629,0.052095167338848114,0.09992673993110657,0.054917458444833755,0.046431392431259155,0.09412772208452225,0.03118465095758438,0.11450744420289993,0.06470616906881332,0.08411017805337906,0.025111988186836243,0.10049682855606079,0.022700978443026543,0.0344085767865181,0.021351953968405724,0.03631202131509781,0.10111919045448303,0.014176973141729832,0.03252905234694481,0.011539741419255733,0.3312852084636688,0.5773824453353882,130.36428833007812,147.22433471679688,25.845317840576172,72.48136901855469,63.916873931884766
01471890_006,apple,1,pass,..\data\raw\raw_images\01471890_006.jpeg,506.0,93.45584106445312,4.154618740081787,0.7280269265174866,0.9396471381187439,0.6463057994842529,0.15522964298725128,-1.0,3.101856821285664e-17,-3.101856821285664e-17,-0.8062019348144531,0.06864684820175171,0.014853125438094139,-0.01631077378988266,-0.0655895471572876,0.02555835247039795,0.062054067850112915,0.060491230338811874,-0.06366042792797089,0.01548351813107729,0.019900385290384293,-0.012775401584804058,0.023292405530810356,0.02451794594526291,0.04308043792843819,-0.003325299359858036,0.02111886627972126,-0.010699172504246235,0.0013154760235920548,-0.0010209922911599278,0.0140940947458148,0.007979420013725758,0.007278759963810444,-0.008325464092195034,-0.00649532675743103,-0.008063149638473988,-0.004479087423533201,0.0035626834724098444,0.0012621005298569798,0.009246505796909332,-0.006107337307184935,0.001507815788500011,-0.00406426377594471,-0.0018051525112241507,0.0017775783780962229,0.005505192093551159,0.004136575385928154,85.99999237060547,0.5305237174034119,5.585728645324707,4.583284378051758,4.7329912185668945,0.5973684191703796,1.5221017599105835,0.4888800084590912,0.18831844627857208,0.5413253903388977,0.5728892683982849,0.2274758219718933,0.3617316484451294,0.23665224015712738,0.09421156346797943,0.31830987334251404,1.5224597987217376e-16,0.8657599687576294,0.010738914832472801,0.000627457513473928,0.003072811756283045,1.1754450798034668,0.04723339155316353,0.001409668941050768,0.0031412802636623383,0.016250114887952805,0.0001688496267888695,1.1769520044326782,0.10835116356611252,0.008659278973937035,0.00014703927445225418,0.008015397936105728,0.04517977312207222,0.0011930413311347365,3.633335654740222e-05,0.8977711200714111,0.17526888847351074,0.027962416410446167,0.00114903983194381,8.725667612452526e-06,0.9878960847854614,0.04254145920276642,25.872726440429688,223.3727264404297,4.297460079193115,2.129059076309204,19.94723129272461
01471890_015,carrot,0,pass,..\data\raw\raw_images\01471890_015.jpeg,1181.5,213.52186584472656,6.211914539337158,0.32565587759017944,0.7318055033683777,0.9503623247146606,0.18178264796733856,-1.0,-7.822403530941647e-17,5.2149356872944314e-17,-0.3072359263896942,-0.01574421301484108,-0.05235528200864792,-0.011031902395188808,0.06049839034676552,-0.08997806906700134,0.02657219022512436,0.08440156280994415,-0.07699722051620483,-0.022016925737261772,-0.018563559278845787,0.012146406807005405,-0.01967395842075348,-0.027864787727594376,0.026351677253842354,-0.015934240072965622,0.005493750795722008,-0.0035076404456049204,-0.013695938512682915,0.01417098194360733,0.006043329834938049,-0.01903308928012848,0.010588834062218666,-0.015293301083147526,0.008335390128195286,-0.005272746551781893,-0.002100881189107895,0.020541954785585403,0.004217587877064943,-0.014233183115720749,0.0010492331348359585,0.007008031476289034,-0.010916649363934994,-0.0011263021733611822,0.0049550761468708515,-0.013671990483999252,0.0037579871714115143,175.0,8.933753967285156,51.976806640625,6.784097194671631,8.915447235107422,2.609659194946289,4.573303699493408,0.7804669737815857,2.341738700866699,2.2361106872558594,1.2456951141357422,0.8449340462684631,1.002670407295227,1.2472739219665527,0.584632933139801,0.31830987334251404,1.283364499977816e-16,0.5155953764915466,0.18659429252147675,0.07901512831449509,0.041383158415555954,0.2985128164291382,0.38134539127349854,0.11482801288366318,0.11269654333591461,0.06019078195095062,0.04570743441581726,0.1849791556596756,0.33369842171669006,0.24080505967140198,0.08057436347007751,0.07503389567136765,0.03678000718355179,0.09349187463521957,0.04298825189471245,0.1818116307258606,0.22011549770832062,0.2103755921125412,0.16867470741271973,0.061072323471307755,0.4121449291706085,0.9099351763725281,142.03858947753906,197.9936981201172,1.3304544687271118,23.746116638183594,24.204605102539062
01471890_002,cucumber,0,pass,..\data\raw\raw_images\01471890_002.jpeg,1040.5,207.0365753173828,6.418388843536377,0.3050406873226166,0.7116963267326355,0.9675148129463196,0.1564902514219284,-1.0,-1.2228421099246997e-17,-4.8913684396987986e-17,-0.24042443931102753,-0.03760479763150215,0.014929316937923431,0.0968027412891388,-0.023621316999197006,-0.08567913621664047,-0.0017307102680206299,-0.0443764328956604,-0.026757927611470222,-0.02012857422232628,-0.0008751979912631214,0.03918110951781273,0.005889924243092537,-0.019611258059740067,0.004407839849591255,-0.027634788304567337,-0.0244583897292614,-0.010613017715513706,-0.0030010028276592493,0.020786209031939507,0.008069596253335476,-0.011160414665937424,0.00397084653377533,-0.001322078867815435,-0.02184893935918808,-0.0034578489139676094,-0.006334489677101374,-0.0033548905048519373,0.0054365298710763454,-0.005828416906297207,0.0026637783739715815,0.003629879793152213,-0.013707242906093597,-0.0012348586460575461,-0.000560323940590024,0.0019363065948709846,0.0037295417860150337,170.99998474121094,13.49795913696289,52.2170295715332,8.388354301452637,2.5206663608551025,1.59256911277771,3.0148262977600098,1.3170669078826904,1.5291049480438232,0.7318846583366394,0.7561343312263489,0.3943401277065277,1.019120216369629,0.3416561782360077,0.4397118091583252,0.31830987334251404,8.667351983052314e-17,0.5003038644790649,0.20495757460594177,0.05023680254817009,0.03731381520628929,0.38240522146224976,0.3587883412837982,0.1418343335390091,0.06875350326299667,0.0237457063049078,0.06287804245948792,0.3627151548862457,0.28285133838653564,0.28774192929267883,0.09038247168064117,0.069664366543293,0.06135030835866928,0.05538008734583855,0.07419908046722412,0.21891503036022186,0.2731707692146301,0.24452023208141327,0.2214379608631134,0.04760710522532463,0.1330396831035614,-0.6522166728973389,49.0656623840332,151.25997924804688,25.84654426574707,26.352083206176758,37.69833755493164
01471890_008,apple,1,pass,..\data\raw\raw_images\01471890_008.jpeg,3216.0,221.1370849609375,3.899451732635498,0.826423704624176,0.967072606086731,0.601338803768158,0.11524886637926102,-1.0,2.5442259815250455e-16,-3.053071230769614e-16,-0.836307942867279,-0.0023230009246617556,-0.0013106309343129396,-0.024407440796494484,-0.04530274122953415,-0.031005771830677986,0.007484614383429289,0.02033768966794014,-0.02259703539311886,0.007760444190353155,-0.006186353508383036,0.011141117662191391,0.028737176209688187,-0.0059537990018725395,0.005510651506483555,-0.021140750497579575,-0.014040214009582996,-0.0032785243820399046,0.0050898059271276,0.011219476349651814,0.0002608278300613165,0.001231177244335413,-0.006004495080560446,-0.0027159310411661863,0.0024424882140010595,-0.0025024516507983208,0.0009514141129329801,-0.007829368114471436,-0.0038550160825252533,0.0005573317757807672,0.00083509850082919,0.009254704229533672,0.000695156108122319,-0.0021521071903407574,-0.002374559873715043,-0.004418354015797377,-0.0010127669665962458,187.99998474121094,0.5761248469352722,10.82107162475586,4.665448188781738,3.228574752807617,1.0579403638839722,0.8800652027130127,1.3171836137771606,0.95196133852005,0.16623970866203308,0.873890221118927,0.8324083089828491,0.49732425808906555,0.13617517054080963,0.3933393061161041,0.31830987334251404,2.0387405414053206e-15,0.4405721426010132,0.05659061297774315,0.01198336947709322,0.02315637841820717,0.02713341824710369,0.07863792032003403,0.020249376073479652,0.008842360228300095,0.04540935531258583,0.005264356266707182,0.20882311463356018,0.04890485107898712,0.043044738471508026,0.0038304212503135204,0.02876168303191662,0.009835141710937023,0.0114351287484169,0.0014661634340882301,0.02532075345516205,0.08799679577350616,0.019842689856886864,0.0057759396731853485,0.001813962822780013,0.3554590046405792,0.6965674757957458,145.11053466796875,161.093017578125,20.0892276763916,47.315223693847656,49.650333404541016
01471890_019,orange,1,pass,..\data\raw\raw_images\01471890_019.jpeg,2422.5,191.5807342529297,3.8924221992492676,0.8294113874435425,0.9695817232131958,0.5347596406936646,0.12456931173801422,-1.0,8.933610834321293e-17,-1.4889350287628005e-16,-0.8667598962783813,-0.009018590673804283,-0.01580190286040306,-0.020980199798941612,-0.029474860057234764,-0.01757577620446682,0.007799603044986725,0.015660278499126434,-0.004271338228136301,-0.0013470345875248313,-0.015120243653655052,-0.003322296543046832,0.004376937169581652,-0.001977205742150545,0.00895985309034586,-0.00492900563403964,-0.008085191249847412,-0.0009984278585761786,-0.012565158307552338,0.0019275147933512926,0.007180877961218357,0.0036174915730953217,0.006308204028755426,-0.0025989841669797897,-0.006087504792958498,-0.0014210387598723173,-0.005597085691988468,0.007069338578730822,-0.001643347553908825,0.001860645948909223,0.0019576260820031166,-0.004107038956135511,0.0052175698801875114,0.002741777105256915,0.00031661626417189837,0.0026208304334431887,-0.0026661406736820936,162.99998474121094,0.4642184376716614,6.989638328552246,2.205252170562744,1.7928944826126099,1.3731322288513184,0.6746158599853516,1.045432209968567,0.663372278213501,0.12024343013763428,0.10049711912870407,0.3885921537876129,0.8018904328346252,0.44289740920066833,0.5982499122619629,0.31830987334251404,4.0712651844667747e-16,0.5722390413284302,0.030753761529922485,0.0035004739183932543,0.009449134580790997,0.1989898830652237,0.06949879229068756,0.00796423014253378,0.006225373595952988,0.025372810661792755,0.005553952418267727,0.24244125187397003,0.02526693418622017,0.025484483689069748,0.0022818937432020903,0.004319801926612854,0.017217222601175308,0.02023393101990223,0.0027245304081588984,0.2233784794807434,0.06867698580026627,0.025492815300822258,0.009163417853415012,0.0014980299165472388,0.6249245405197144,0.7641790509223938,194.79161071777344,199.79161071777344,4.604244232177734,37.49067687988281,54.70881652832031
01471890_011,carrot,0,pass,..\data\raw\raw_images\01471890_011.jpeg,2031.5,232.12489318847656,5.150071620941162,0.4737871289253235,0.8821102976799011,0.9566094279289246,0.14476962387561798,-1.0,1.9718544523764867e-16,-2.2689831547103526e-16,-0.3640211820602417,0.03350084275007248,-0.005370057187974453,-0.01234358735382557,-0.08770564943552017,-0.08095564693212509,0.007865682244300842,0.020985465496778488,-0.09949428588151932,0.021755514666438103,-0.003691302612423897,-0.021045297384262085,-0.013969502411782742,-0.011375189758837223,0.0026309313252568245,0.001037165755406022,-0.022942552343010902,0.015274584293365479,-0.0036884951405227184,0.0023887434508651495,0.006833340972661972,0.001391181955114007,0.006023786496371031,0.001685545896179974,-0.0031341835856437683,0.010641016066074371,-0.001414721948094666,0.008129741996526718,0.009719397872686386,0.0008169676875695586,0.0008742999052628875,-0.0024241884239017963,-0.0020633761305361986,0.003906312398612499,-0.00019112536392640322,0.00013010438124183565,0.00444378424435854,210.99998474121094,14.21259593963623,58.388336181640625,4.943667888641357,2.2745981216430664,5.034002780914307,0.9027915000915527,2.1756372451782227,0.9121983051300049,1.156361699104309,0.17642579972743988,0.19691118597984314,0.3368866741657257,0.13012920320034027,0.16911083459854126,0.31830987334251404,0.028960272669792175,0.3939307630062103,0.22327321767807007,0.10571036487817764,0.0332769937813282,0.17002658545970917,0.31346395611763,0.13584886491298676,0.029236240312457085,0.04029271751642227,0.0715646967291832,0.15232370793819427,0.14781531691551208,0.16719365119934082,0.08267819136381149,0.04686831310391426,0.040438778698444366,0.05296464264392853,0.07960335165262222,0.13145436346530914,0.03458921238780022,0.06718511879444122,0.059813808649778366,0.0564153715968132,0.3932745158672333,0.7365293502807617,168.32833862304688,167.3213348388672,17.20707130432129,62.9060173034668,43.23843765258789
01471890_001,cucumber,0,pass,..\data\raw\raw_images\01471890_001.jpeg,1175.5,263.1198425292969,7.674361705780029,0.2133660465478897,0.6457017064094543,0.9889909029006958,0.12272108346223831,-1.0,-9.852560683828301e-18,7.882048547062641e-17,-0.14375919103622437,-0.06114991754293442,-0.0599604994058609,0.053804416209459305,0.0012087681097909808,-0.08074600249528885,0.050074540078639984,-0.026353610679507256,-0.10691717267036438,-0.005588975269347429,-0.04798826202750206,-0.00041494116885587573,0.028814349323511124,-0.04420563951134682,0.020150192081928253,0.020341215655207634,-0.03290315717458725,0.005427094176411629,-0.005117808002978563,0.0033436401281505823,-0.004909306298941374,-0.011514222249388695,-0.007035343907773495,-0.0014598015695810318,-0.0008970206836238503,-0.01066594384610653,0.0056162141263484955,0.015954025089740753,-0.007937039248645306,0.0076106637716293335,-0.0026725975330919027,-0.006476649548858404,-0.008909964002668858,-0.012308663688600063,-0.004112081602215767,0.004622344393283129,-0.0017100600525736809,213.0,6.589565753936768,74.86512756347656,12.083330154418945,7.377474784851074,4.471051216125488,6.962930679321289,3.7740166187286377,2.9444234371185303,1.0822266340255737,0.4401243329048157,1.3147660493850708,1.1231049299240112,0.7462430000305176,0.7300347089767456,0.31830987334251404,0.002873952267691493,0.15367469191551208,0.3814341723918915,0.08833227306604385,0.028929444029927254,0.1190614104270935,0.2808528542518616,0.3627815544605255,0.12194570899009705,0.041538894176483154,0.028708791360259056,0.20448608696460724,0.1617863029241562,0.2964338958263397,0.3144753575325012,0.08999786525964737,0.09498289972543716,0.041419513523578644,0.019647736102342606,0.2464524656534195,0.1294482946395874,0.19545909762382507,0.2509240210056305,0.2546965479850769,0.35452157258987427,-0.5312867164611816,75.4793472290039,154.96649169921875,27.126510620117188,25.625886917114258,44.594573974609375
01471890_012,carrot,0,pass,..\data\raw\raw_images\01471890_012.jpeg,805.0,204.79393005371094,7.2180376052856445,0.24119681119918823,0.7826932668685913,0.9898830652236938,0.1540011465549469,-1.0,-0.0,-4.748905108032261e-17,-0.16930027306079865,0.0018573006382212043,0.014459261670708656,0.04849834367632866,-0.02802649326622486,-0.1048867329955101,-0.002106280531734228,0.007677756249904633,-0.03760683909058571,0.0029097935184836388,0.005530559923499823,0.0134256761521101,0.00048686660011298954,-0.03325137495994568,-0.0017910252790898085,0.0034769633784890175,-0.012096012011170387,0.0021968698129057884,0.00475008599460125,-0.005799259524792433,0.0038931502494961023,-0.014842062257230282,-0.0007070485735312104,-0.004853979684412479,-0.0024405226577073336,-0.0011447938159108162,0.00638505769893527,0.007992968894541264,0.0020695733837783337,-0.011668449267745018,-0.001585605787113309,-0.00012909727229271084,-0.0024464293383061886,0.00010167640721192583,0.003266147570684552,1.2782104022335261e-05,0.0017437308561056852,170.0,13.299768447875977,59.982421875,5.105500221252441,1.7923941612243652,2.8904776573181152,4.232644081115723,0.988395631313324,0.8354650139808655,0.8207424879074097,1.5826600790023804,0.7305787801742554,0.6486426591873169,0.21784691512584686,0.46706363558769226,0.31830987334251404,0.009716944769024849,0.45447322726249695,0.23922015726566315,0.09061112254858017,0.030660070478916168,0.3378162086009979,0.3810383975505829,0.19169768691062927,0.06370026618242264,0.06134350970387459,0.057069532573223114,0.3182098865509033,0.3347400724887848,0.31458553671836853,0.1586325764656067,0.06609553843736649,0.05649711564183235,0.057807717472314835,0.07385609298944473,0.3071221709251404,0.2788313627243042,0.3035704791545868,0.2588654160499573,0.1333724558353424,-0.3810959756374359,-0.7387052774429321,19.469135284423828,227.97531127929688,17.419513702392578,9.057114601135254,9.740255355834961
01471890_014,carrot,0,pass,..\data\raw\raw_images\01471890_014.jpeg,1910.5,229.72286987304688,5.255701541900635,0.4549340605735779,0.8674233555793762,0.9589274525642395,0.1390630453824997,-1.0,1.7387421179159367e-16,-2.608113176873905e-16,-0.34747183322906494,0.029706807807087898,-0.0008410147274844348,-0.03876565396785736,-0.06688585132360458,-0.07256516069173813,-0.0017050032038241625,0.019106928259134293,-0.09173619002103806,0.022910917177796364,-0.002346932655200362,-0.01817338354885578,-0.002884190995246172,-0.009373754262924194,-0.0003708566364366561,0.011685657314956188,-0.009159095585346222,0.015311908908188343,-0.0005348065751604736,0.012044006958603859,0.007522640749812126,0.0004968266002833843,0.003665533382445574,0.00963632296770811,-0.002758114831522107,0.010260957293212414,0.0019175708293914795,0.007375235203653574,0.0019014201825484633,0.0021134531125426292,0.00660629803314805,0.0069552077911794186,-0.0026276307180523872,0.007379712071269751,0.002547917189076543,-0.00043468474177643657,0.0007282731821760535,197.0,10.298770904541016,54.82444763183594,5.601401329040527,3.830143928527832,3.973076343536377,2.336277484893799,1.361274003982544,1.6637283563613892,0.7241052389144897,1.9406236410140991,0.6472334861755371,0.9637019634246826,0.34479284286499023,1.0801838636398315,0.31830987334251404,0.018170127645134926,0.38828298449516296,0.23315612971782684,0.09857041388750076,0.03753674402832985,0.17745700478553772,0.3242499530315399,0.15049630403518677,0.02518879622220993,0.03522954508662224,0.07055685669183731,0.1589098572731018,0.16860446333885193,0.1932632029056549,0.0948127955198288,0.031838368624448776,0.05456291139125824,0.03539494425058365,0.07612127810716629,0.12977568805217743,0.06969346106052399,0.07930944859981537,0.09310024231672287,0.06391610205173492,0.5962510108947754,0.7157314419746399,140.22438049316406,196.14527893066406,10.788098335266113,43.8614616394043,38.395050048828125
01471890_017,orange,1,pass,..\data\raw\raw_images\01471890_017.jpeg,2274.0,195.1370849609375,4.0920844078063965,0.7504481673240662,0.9427860975265503,0.6063976883888245,0.14053215086460114,-1.0,5.929458270884677e-17,-5.929458270884677e-17,-0.8057519793510437,-0.008502875454723835,0.015062960796058178,0.033736590296030045,-0.07404553145170212,-0.02632135897874832,-0.012236901558935642,-0.007808144204318523,0.00475560687482357,0.022835329174995422,0.017420083284378052,-0.014333750121295452,0.001403598696924746,-0.01981448568403721,-0.0077536869794130325,0.02294895611703396,0.0031786563340574503,0.018555346876382828,0.002785199088975787,-0.007159493397921324,-0.004938282538205385,-0.015824895352125168,0.003701031906530261,0.004410654306411743,0.004367131739854813,0.011910351924598217,-0.0026308277156203985,0.0024123063776642084,-0.0001743317407090217,-0.004055219702422619,0.0038929081056267023,0.0025070346891880035,-0.01513346005231142,0.0023154474329203367,0.0007818265003152192,-0.006080016493797302,0.012137082405388355,162.0,0.9370134472846985,9.4049654006958,4.963414192199707,3.0645177364349365,1.780577540397644,1.4077882766723633,1.3126980066299438,1.812949299812317,1.4602946043014526,0.10540217906236649,0.38173240423202515,0.47992610931396484,0.32666558027267456,0.4231047034263611,0.31830987334251404,1.1638551656118287e-16,0.5872068405151367,0.03891470283269882,0.011232669465243816,0.019007764756679535,0.24580197036266327,0.08760736137628555,0.013174781575798988,0.019914118573069572,0.052371662110090256,0.009430314414203167,0.1969870775938034,0.036665238440036774,0.04015573859214783,0.006193055305629969,0.013092131353914738,0.04362916946411133,0.03239443525671959,0.004729223437607288,0.24385589361190796,0.07230348140001297,0.04240328446030617,0.02261495590209961,0.00343801430426538,0.42448416352272034,0.6739579439163208,188.69651794433594,198.7478790283203,19.325458526611328,61.42218017578125,43.567378997802734
01471890_007,apple,1,pass,..\data\raw\raw_images\01471890_007.jpeg,758.0,145.68124389648438,5.291380882263184,0.4488196074962616,0.7904066443443298,0.863325834274292,0.17047768831253052,-1.0,4.044179320744848e-17,-8.088358641489697e-17,-0.5150433778762817,-0.03288932889699936,0.021796677261590958,0.16543205082416534,0.036005180329084396,-0.00427240738645196,-0.04248280078172684,-0.018721770495176315,-0.022414445877075195,-0.0449635311961174,0.04707661643624306,0.03998693451285362,0.015702832490205765,0.006626898888498545,-0.01038739737123251,0.04884842038154602,0.0033240553457289934,-0.026477813720703125,0.0470753014087677,0.005416337866336107,-0.02958999015390873,0.007336622104048729,-0.011282545514404774,-0.009404188022017479,-0.01630578562617302,-0.010187587700784206,0.01732952892780304,-0.0076559665612876415,-0.019245579838752747,-0.0035837877076119184,-0.0083893658593297,-0.018287690356373787,0.006993597373366356,-0.006724135484546423,-0.0020992762874811888,-0.00198555295355618,-0.0075804912485182285,119.9999771118164,0.44159308075904846,19.19489860534668,8.424818992614746,4.583185195922852,5.128561019897461,2.1027884483337402,3.305689811706543,1.576582431793213,0.2758082449436188,0.8482933640480042,0.2815723717212677,0.6051257252693176,0.11066441237926483,0.30395954847335815,0.31830987334251404,6.842932350172707e-17,0.7876948118209839,0.046163298189640045,0.01163508277386427,0.014206434600055218,0.8804491758346558,0.17424553632736206,0.0036741786170750856,0.04914480447769165,0.05699504166841507,0.006498748902231455,0.6456676125526428,0.3149440586566925,0.018445881083607674,0.001715571735985577,0.09667465090751648,0.10186749696731567,0.03569953516125679,0.001506520202383399,0.2987412214279175,0.36349236965179443,0.04495512694120407,0.010426243767142296,0.001164108980447054,-0.05615820735692978,-0.9973669648170471,32.82905960083008,245.8034210205078,1.3152024745941162,2.0018513202667236,4.380185127258301
01471890_018,orange,1,pass,..\data\raw\raw_images\01471890_018.jpeg,26.5,25.414213180541992,4.936892509460449,0.5155875086784363,0.9464285373687744,0.9645836353302002,0.2740158140659332,-1.0,5.80004942092739e-18,-1.0440089371259608e-16,-0.3543088734149933,-0.010432400740683079,0.016407616436481476,0.015025384724140167,0.049729228019714355,-0.07271534204483032,0.011912834830582142,-0.00676400912925601,-0.07284083217382431,-0.020370421931147575,0.0016609334852546453,-0.023169411346316338,0.006860850378870964,-0.0033603280317038298,0.0007855609292164445,-0.003554577473551035,-0.05070750042796135,-0.008034157566726208,-0.004323662258684635,0.000940735568292439,-0.011056002229452133,0.013222984969615936,0.0038888861890882254,0.008555501699447632,-0.01461554504930973,-0.004052066244184971,-0.0004259482375346124,-0.00023899786174297333,-0.0005964355077594519,0.00889129564166069,0.0029487910214811563,-0.004245182033628225,-0.0010177529184147716,-0.0012068430660292506,-0.00247366726398468,-0.0027162921614944935,-0.008003691211342812,24.99999237060547,0.9143118262290955,6.7973103523254395,0.4269470274448395,0.09563636779785156,0.43792596459388733,0.23902952671051025,0.11275102198123932,0.4359707534313202,0.1548485904932022,0.23981115221977234,0.08803672343492508,0.2690359950065613,0.2690359950065613,0.08803672343492508,0.31830987334251404,9.256217228917384e-17,0.20458635687828064,0.3684200942516327,0.46205878257751465,0.15891119837760925,0.14035779237747192,0.510461688041687,0.3224164545536041,0.632938027381897,0.11821690946817398,0.21471555531024933,0.1158495768904686,0.28356367349624634,0.5190322995185852,0.2789169251918793,0.13222560286521912,0.7751749157905579,0.19665056467056274,0.21319995820522308,0.5045768618583679,0.4997707009315491,0.23603683710098267,0.5293644070625305,0.23638461530208588,-0.5582427382469177,-0.8295790553092957,67.11458587646484,252.3229217529297,0.36651507019996643,0.5375444293022156,1.2032490968704224
01471890_016,orange,1,pass,..\data\raw\raw_images\01471890_016.jpeg,474.5,99.49747467041016,4.567661762237549,0.6023126244544983,0.900379478931427,0.8635874390602112,0.11014723032712936,-1.0,1.0489802926074045e-16,-2.62245079769296e-16,-0.5280091762542725,0.06762158870697021,0.00028262505657039583,0.08501602709293365,-0.10912128537893295,-0.05384286865592003,0.004230489954352379,0.002400127472355962,-0.0750068798661232,0.02785319648683071,-0.002464395947754383,-0.01959490031003952,0.015487181954085827,-0.006926889531314373,-0.007170133292675018,-0.03353409469127655,-0.006098202429711819,0.009299513883888721,-0.008735660463571548,-0.009144172072410583,0.018771151080727577,0.003485981374979019,-0.008500630035996437,0.004440312273800373,-0.008872202597558498,0.0027555834967643023,-0.0023206656333059072,0.009929842315614223,0.006676755845546722,0.004396816715598106,-0.0008000489324331284,0.007840760052204132,-0.0022896851878613234,-0.0025917442981153727,0.003647326026111841,0.000945341307669878,0.0027528295759111643,84.99998474121094,3.125868320465088,16.360488891601562,5.6242241859436035,1.5129488706588745,1.1236363649368286,1.6833163499832153,1.0545122623443604,0.5954798460006714,0.1359502077102661,0.4831400513648987,0.06806366890668869,0.2837594151496887,0.24308979511260986,0.317425936460495,0.31830987334251404,1.7996425956834388e-16,0.8464261293411255,0.03321902081370354,0.009460924193263054,0.008103895001113415,1.1000733375549316,0.14061814546585083,0.003537328215315938,0.0451609306037426,0.03968064859509468,0.0017171616200357676,1.0376068353652954,0.3045399487018585,0.020041335374116898,0.0006368951289914548,0.10733368247747421,0.09863806515932083,0.011186846531927586,0.000247889052843675,0.7468063831329346,0.456304669380188,0.057763729244470596,0.004603025037795305,0.00011913563503185287,-0.5274360179901123,-0.7872719168663025,35.306949615478516,227.0308837890625,9.397252082824707,10.056231498718262,12.160882949829102
01471890_010,apple,1,pass,..\data\raw\raw_images\01471890_010.jpeg,1875.5,281.8061218261719,6.507165908813477,0.29677414894104004,0.6172453761100769,0.7945761680603027,0.14939334988594055,-1.0,4.973739415969074e-17,-1.4921218578779467e-16,-0.43734899163246155,0.10056667774915695,0.06440160423517227,-0.025747090578079224,-0.1932615339756012,-0.08653517067432404,-0.02502717822790146,-0.07025005668401718,-0.24446138739585876,0.0415872298181057,-0.005346025340259075,0.07823789864778519,0.05524700507521629,-0.010379914194345474,-0.029443975538015366,0.0019717568065971136,0.014453180134296417,0.005789630580693483,-0.013363665901124477,-0.04432957246899605,0.023059891536831856,0.024340936914086342,-0.0017271345714107156,0.01971883699297905,0.008167898282408714,0.010592853650450706,0.012136627919971943,0.022109635174274445,0.015217281877994537,0.001073304913006723,-0.009263631887733936,-0.0032655762042850256,-0.023573655635118484,-0.004258410073816776,-0.0017888594884425402,-0.0018021685536950827,-0.008428443223237991,234.99998474121094,16.835750579833984,65.13916015625,26.055543899536133,16.46648406982422,4.08509635925293,2.7599217891693115,4.070231914520264,0.8099972605705261,2.985377788543701,1.5444884300231934,0.8925018310546875,1.684524416923523,1.2723292112350464,0.8608354926109314,0.31830987334251404,0.014265893027186394,0.35363277792930603,0.18744894862174988,0.20164044201374054,0.13450196385383606,0.04218606650829315,0.2509680986404419,0.07890267670154572,0.125478133559227,0.13553068041801453,0.12682777643203735,0.06597670912742615,0.18053431808948517,0.0392073392868042,0.07996822148561478,0.11973430961370468,0.10507695376873016,0.17319363355636597,0.07207036763429642,0.06223737448453903,0.061322230845689774,0.09145478159189224,0.022330883890390396,0.06562716513872147,0.40027132630348206,0.29046252369880676,105.32447052001953,177.62738037109375,33.99563980102539,73.79515075683594,40.47671127319336
01460705_002,carrot,0,pass,..\data\raw\raw_images\01460705_002.jpeg,1086.5,228.9533233642578,6.945956707000732,0.26046279072761536,0.649238109588623,0.9568853378295898,0.1332501769065857,-1.0,1.0919810616840144e-17,-1.747169698694423e-16,-0.1994645595550537,0.04413101449608803,-0.011846896260976791,0.11088497191667557,-0.07763537764549255,-0.0767841637134552,0.002159235766157508,0.02983953431248665,-0.04663262143731117,0.031233355402946472,-0.0019869375973939896,0.045129578560590744,-0.004317892715334892,-0.017558326944708824,-0.000853108474984765,0.030474893748760223,-0.018697893247008324,0.017217326909303665,-0.0013986164703965187,0.009109492413699627,-0.013628602959215641,-0.010914355516433716,0.004091005772352219,0.00010361305612605065,-0.015397308394312859,0.005967102013528347,-0.0014481095131486654,0.00381086440756917,-0.0041681258007884026,-0.007423697505146265,0.00167075137142092,-0.0069403317756950855,-0.017555944621562958,0.0012390465708449483,0.0007956131012178957,-0.0012509169755503535,-0.0008675145800225437,206.99998474121094,28.621992111206055,65.80335235595703,3.8915820121765137,1.2149220705032349,6.050302028656006,3.3106586933135986,2.0821573734283447,0.9777479767799377,1.8246043920516968,0.42494913935661316,1.0265798568725586,0.5359399914741516,0.6262606382369995,0.3203912079334259,0.31830987334251404,0.043244533240795135,0.48905858397483826,0.20477956533432007,0.16708843410015106,0.039719995111227036,0.3281964063644409,0.37030094861984253,0.1282261610031128,0.12133681774139404,0.07734901458024979,0.08184999972581863,0.2755615711212158,0.3137437403202057,0.24793699383735657,0.07808824628591537,0.0751829594373703,0.13202841579914093,0.06725095957517624,0.09387875348329544,0.2842062711715698,0.18191847205162048,0.2693003714084625,0.1365097016096115,0.061849445104599,0.3939383327960968,0.861730694770813,115.96305847167969,162.44332885742188,9.40787124633789,48.12021255493164,26.170690536499023
01460705_008,orange,1,pass,..\data\raw\raw_images\01460705_008.jpeg,45.5,44.041629791259766,6.529164791107178,0.29477760195732117,0.6546762585639954,0.6195808053016663,0.30743756890296936,-1.0,2.424398348059348e-16,-1.9395187049172578e-16,-0.7977284789085388,-0.05447477102279663,-0.08784264326095581,-0.42913031578063965,0.12940332293510437,0.021677624434232712,0.019411422312259674,-0.10466591268777847,-0.04902791976928711,-0.09219492971897125,-0.004946960601955652,0.05662953853607178,0.0008352279546670616,0.020803237333893776,0.013566343113780022,0.002149246633052826,-0.0026566118467599154,-0.04601519554853439,0.006269920617341995,0.01444246992468834,0.016672609373927116,-0.009732482023537159,-0.010860287584364414,-0.076203852891922,0.024666281417012215,-0.04579324647784233,-0.023632820695638657,-0.0167966540902853,-0.0030883667059242725,0.0206643994897604,-0.0038869965355843306,0.01421534363180399,0.005442911293357611,-0.002393683884292841,-0.02818452939391136,-0.03292035683989525,-0.02436165325343609,36.999996185302734,1.57416832447052,3.4687376022338867,6.084787845611572,0.5087599754333496,1.17269766330719,0.6685578227043152,1.3149369955062866,1.279929280281067,0.14231151342391968,0.8945203423500061,0.7741681933403015,0.6314988732337952,0.8972744941711426,0.5097472667694092,0.31830987334251404,3.949628606263097e-17,0.8856517672538757,0.010904827155172825,0.01983506791293621,0.013301989063620567,1.2887084484100342,0.04476607218384743,0.003804884385317564,0.10038351267576218,0.06327050924301147,0.001264990889467299,1.52767014503479,0.09650323539972305,0.020767996087670326,0.0014208368957042694,0.2672637403011322,0.15175162255764008,0.007032664492726326,0.0005635116249322891,1.6765192747116089,0.1534740924835205,0.05892918258905411,0.00959740485996008,0.00024126417702063918,-0.45639437437057495,-0.5730101466178894,93.80487823486328,250.51219177246094,22.601612091064453,44.965145111083984,3.1205217838287354
01460705_013,apple,1,pass,..\data\raw\raw_images\01460705_013.jpeg,3038.5,216.75230407714844,3.9321863651275635,0.812721312046051,0.9804775714874268,0.7520624995231628,0.11795686930418015,-1.0,1.3511439440682071e-16,-1.71963768683731e-16,-0.7336569428443909,0.01574520207941532,0.007916687987744808,-0.01635768823325634,-0.02583710476756096,-0.03541482612490654,0.0038944582920521498,0.01566391810774803,-0.05681312456727028,0.019561124965548515,0.0018572607077658176,0.0051972228102386,0.009351097978651524,0.0035876180045306683,0.005363970994949341,-0.009353586472570896,-0.006563904229551554,0.00739694619551301,0.0024473012890666723,0.0010281241266056895,-0.00492899538949132,0.004806219134479761,0.0009716919157654047,-0.0024969838559627533,0.0046757920645177364,0.006444483995437622,0.00014747932436876,-0.004006034228950739,0.002189197111874819,0.0011434443295001984,0.00040768898907117546,0.0014086151495575905,0.0005060810944996774,-0.0004701909492723644,-0.0016181404935196042,-0.00015984199126251042,0.002980947494506836,188.99996948242188,0.7190811038017273,19.600990295410156,4.526544570922852,1.5967738628387451,0.9455297589302063,1.2639696598052979,1.0765398740768433,0.19567063450813293,0.3920610845088959,0.1891525834798813,0.523087203502655,0.23023444414138794,0.15831837058067322,0.21278627216815948,0.31830987334251404,3.308275110936842e-16,0.4419271647930145,0.09853942692279816,0.012450187467038631,0.019853048026561737,0.013832961209118366,0.14695340394973755,0.025004945695400238,0.007046832237392664,0.032190561294555664,0.014969712123274803,0.15113554894924164,0.04834657907485962,0.03213481605052948,0.006635031197220087,0.026529362425208092,0.005078151822090149,0.023728899657726288,0.010122722014784813,0.021018411964178085,0.140287846326828,0.04725063592195511,0.01636655256152153,0.0024167229421436787,0.4380141794681549,0.7401448488235474,133.84652709960938,158.810791015625,15.731579780578613,50.62019348144531,39.546329498291016
01460705_019,cucumber,0,pass,..\data\raw\raw_images\01460705_019.jpeg,1757.0,208.65179443359375,4.977786540985107,0.5071510672569275,0.9345744848251343,0.9478169083595276,0.13540546596050262,-1.0,-0.0,-4.7476537492015906e-17,-0.38672950863838196,-0.012700699269771576,0.00784498080611229,0.050628334283828735,0.05239957198500633,-0.08421086519956589,-0.0029112109914422035,0.014112574979662895,-0.050631191581487656,-0.006139201577752829,0.007632916327565908,0.00012605469964910299,0.0015545093920081854,-0.019485071301460266,-0.0017417656490579247,0.010427412576973438,-0.024523485451936722,0.0022300456184893847,0.0037045602221041918,-0.00304533657617867,-0.007982520386576653,-0.005173237528651953,0.004413648508489132,0.010139872319996357,-0.010491076856851578,0.004334051162004471,0.001110181910917163,-0.0054955617524683475,-0.006024426314979792,-0.001406030380167067,0.007426667492836714,0.0031236077193170786,-0.005173054989427328,0.0035771008115261793,-0.0008360579377040267,-0.0007458449108526111,-0.003179737599566579,178.0,6.398869514465332,45.71861267089844,4.036343574523926,2.5768001079559326,0.9010592699050903,1.0938100814819336,0.14713633060455322,1.5645091533660889,0.20503681898117065,1.1206663846969604,0.22470352053642273,1.0675277709960938,0.47341665625572205,0.6878126859664917,0.31830987334251404,0.0017452844185754657,0.4749341905117035,0.19239693880081177,0.07004553079605103,0.03869718313217163,0.2752753794193268,0.30816450715065,0.12889868021011353,0.04605894535779953,0.03100667893886566,0.055223483592271805,0.16661638021469116,0.17745648324489594,0.2080795168876648,0.09016811102628708,0.059349484741687775,0.009064671583473682,0.04561348631978035,0.05572374537587166,0.0636630728840828,0.0540640726685524,0.10905633866786957,0.1401367485523224,0.06605448573827744,0.9865169525146484,-0.0897899717092514,92.58635711669922,79.41526794433594,3.9383842945098877,33.00177764892578,31.860794067382812
01460705_007,orange,1,pass,..\data\raw\raw_images\01460705_007.jpeg,2268.0,186.71067810058594,3.920555591583252,0.817550539970398,0.9813933372497559,0.7723841667175293,0.09320821613073349,-1.0,5.570925106179693e-17,-1.3927312765449232e-16,-0.70570307970047,0.001364073483273387,-0.00041348126251250505,-0.0155332675203681,-0.005125591065734625,-0.035220917314291,0.005385293625295162,0.01943623460829258,-0.048330795019865036,0.004773725755512714,0.0006534515996463597,0.0011444559786468744,-0.0017375133465975523,-0.0003300015232525766,0.002060443628579378,-0.003566108411177993,-0.012906333431601524,0.003387817647308111,0.002794453874230385,0.006271082907915115,0.00026867000269703567,0.009168018586933613,0.003857302013784647,-0.00302479462698102,-0.004585740622133017,0.0027024445589631796,0.004124440252780914,0.004532100632786751,-0.005769204348325729,0.005836906842887402,0.0007695462554693222,0.00047011158312670887,0.0032953096088021994,0.003786906599998474,0.0043341112323105335,-0.0008330508717335761,-0.0018197526223957539,166.0,0.7257426977157593,18.690031051635742,1.1841206550598145,0.9693358540534973,0.8273651599884033,1.151991605758667,0.4770689010620117,1.3696144819259644,0.5655202865600586,0.32339978218078613,0.5419387221336365,0.2602487802505493,0.286577045917511,0.14957696199417114,0.31830987334251404,7.175376238357768e-17,0.5660082697868347,0.08038440346717834,0.0027428704779595137,0.004520817659795284,0.21992073953151703,0.18641912937164307,0.01916499435901642,0.006088894791901112,0.01158083975315094,0.002747361082583666,0.14864341914653778,0.09160291403532028,0.053259529173374176,0.0035848813131451607,0.0020710870157927275,0.006976019125431776,0.009770730510354042,0.0011785414535552263,0.15118101239204407,0.12888994812965393,0.0305455531924963,0.01195288822054863,0.001779009005986154,0.5853357911109924,0.7666065692901611,205.4651336669922,183.15603637695312,7.700064659118652,59.74641418457031,43.77516555786133
01460705_011,apple,1,pass,..\data\raw\raw_images\01460705_011.jpeg,2334.5,190.61016845703125,3.945019245147705,0.8074424862861633,0.9786208271980286,0.7493389248847961,0.11360813677310944,-1.0,1.831904360108681e-16,-2.1633917628078355e-16,-0.7305126786231995,0.015490503050386906,0.0019675481598824263,0.02593005821108818,-0.02994733303785324,-0.03689184412360191,-0.00669083883985877,-0.011828582733869553,-0.04628266394138336,0.010295112617313862,0.006075815763324499,-0.001061983173713088,0.004004315473139286,0.001189733506180346,-0.001950882258825004,-0.002139422809705138,-0.010123227722942829,0.005455288104712963,0.004017030820250511,0.0034231136087328196,0.0016458051977679133,0.011992266401648521,-0.0027880242560058832,0.000974292226601392,-0.005955417174845934,0.002278531203046441,0.0017200034344568849,-0.0016566271660849452,-0.0039906990714371204,0.007895847782492638,-0.00025287046446464956,0.003125846618786454,-0.000862420944031328,0.0011086298618465662,0.001497015357017517,0.000215272419154644,-0.001601533149369061,167.0,0.45186105370521545,17.11664390563965,3.679027795791626,0.8028631806373596,1.1361173391342163,1.0940346717834473,0.6213001012802124,1.3113898038864136,0.21708741784095764,0.7342059016227722,0.2115251123905182,0.11541599780321121,0.2541350722312927,0.24935662746429443,0.31830987334251404,6.458264910322477e-17,0.5600623488426208,0.07496879994869232,0.009168116375803947,0.014390743337571621,0.20305980741977692,0.16940899193286896,0.01662316918373108,0.0156695656478405,0.03635246679186821,0.008402865380048752,0.1673610508441925,0.07292478531599045,0.043400973081588745,0.003781032981351018,0.011777142994105816,0.024877384305000305,0.026113279163837433,0.0036175965797156096,0.1562325358390808,0.12821994721889496,0.016898684203624725,0.012191906571388245,0.002634648932144046,0.4465658962726593,0.7813817858695984,149.20587158203125,159.37742614746094,13.151453971862793,56.20143127441406,31.14592742919922
01460705_010,orange,1,pass,..\data\raw\raw_images\01460705_010.jpeg,2871.5,209.4385986328125,3.9084296226501465,0.822631299495697,0.981541633605957,0.7454739212989807,0.09542510658502579,-1.0,2.5190362804648867e-17,-8.816626981627103e-17,-0.7314246892929077,0.009427856653928757,-0.003450221149250865,-0.005827052053064108,0.005827197339385748,-0.04272043704986572,0.004943162202835083,0.015018614940345287,-0.03471394255757332,0.00404516514390707,-0.0037602761294692755,0.00370693183504045,0.0015047999331727624,-0.003550037508830428,0.005388215649873018,0.0013266262831166387,-0.01857108250260353,0.004541725851595402,0.0016617191722616553,0.007195764221251011,-0.008734731003642082,0.008525516837835312,0.005240630358457565,-0.0004108076973352581,-0.0058359140530228615,0.006957343779504299,0.0028327391482889652,0.000469518534373492,-0.0035195949021726847,0.006217875052243471,0.0031058294698596,-4.550566882244311e-05,-0.002906709210947156,0.0036497488617897034,0.0011771873105317354,-0.0010202581761404872,0.0020071121398359537,184.99998474121094,1.4169731140136719,18.71059226989746,1.384799838066101,1.7279837131500244,0.5960633158683777,1.63986337184906,1.1371365785598755,1.2119412422180176,0.7042903304100037,0.6799841523170471,0.09557241946458817,0.15100301802158356,0.3207276165485382,0.3554418087005615,0.31830987334251404,9.927929179166621e-16,0.4730316996574402,0.09111412614583969,0.0023696045391261578,0.005008480977267027,0.05390295013785362,0.14673955738544464,0.031082145869731903,0.0037080231122672558,0.009985332377254963,0.0033916563261300325,0.17408707737922668,0.03357736021280289,0.057793308049440384,0.008531722240149975,0.0036059715785086155,0.0036712377332150936,0.00954871904104948,0.003119459142908454,0.06078966706991196,0.1484474241733551,0.01656309887766838,0.01671159267425537,0.004505312070250511,0.6051667928695679,0.7868481874465942,210.3180389404297,180.2266387939453,3.4794323444366455,45.22966384887695,48.64295959472656
01460705_004,carrot,0,pass,..\data\raw\raw_images\01460705_004.jpeg,1167.5,218.61016845703125,6.397965908050537,0.3069912791252136,0.7539554238319397,0.9828442335128784,0.14838601648807526,-1.0,3.539501870647465e-17,-1.415800748258986e-16,-0.2199956178665161,0.028682217001914978,0.007843777537345886,-0.017763789743185043,-0.0588250607252121,-0.09252350777387619,0.016290243715047836,0.025659995153546333,-0.08085910975933075,0.005777896381914616,0.002606895286589861,-0.005890263244509697,-0.013023876585066319,-0.02397160977125168,0.006890684831887484,0.005723062437027693,-0.028656085953116417,0.012702226638793945,0.0032410610001534224,0.007513855118304491,0.001324529992416501,-0.012199674732983112,0.0019245892763137817,6.790476618334651e-05,-0.007162522990256548,0.004234428517520428,0.00328839267604053,0.004894777201116085,0.010693822056055069,-0.006023207679390907,0.0038217867258936167,-0.0047871386632323265,0.003995430655777454,0.0037585273385047913,0.0003654337197076529,-0.001318691880442202,0.002990529639646411,194.99998474121094,20.2391357421875,66.0424575805664,1.8866838216781616,1.1827694177627563,4.171524524688721,3.6214356422424316,0.7450118660926819,0.5757940411567688,1.2386674880981445,1.0370094776153564,0.310666561126709,0.5835392475128174,0.7233807444572449,0.22029727697372437,0.31830987334251404,0.026650844141840935,0.4045155942440033,0.2539007067680359,0.14619025588035583,0.027206309139728546,0.22987930476665497,0.3863685131072998,0.19304652512073517,0.01322701945900917,0.10511080175638199,0.06377049535512924,0.22603149712085724,0.2866699993610382,0.29512014985084534,0.1516476720571518,0.039190035313367844,0.05205008015036583,0.038859736174345016,0.07987581938505173,0.2761485278606415,0.17318210005760193,0.2571541666984558,0.2062627524137497,0.1247115284204483,0.3667105734348297,0.898232102394104,101.74407958984375,162.1090087890625,7.046209335327148,49.878787994384766,37.02674865722656
01460705_006,orange,1,pass,..\data\raw\raw_images\01460705_006.jpeg,45.5,44.041629791259766,6.529164791107178,0.29477760195732117,0.6546762585639954,0.6195808053016663,0.30743756890296936,-1.0,2.424398348059348e-16,-1.9395187049172578e-16,-0.7977284789085388,-0.05447477102279663,-0.08784264326095581,-0.42913031578063965,0.12940332293510437,0.021677624434232712,0.019411422312259674,-0.10466591268777847,-0.04902791976928711,-0.09219492971897125,-0.004946960601955652,0.05662953853607178,0.0008352279546670616,0.020803237333893776,0.013566343113780022,0.002149246633052826,-0.0026566118467599154,-0.04601519554853439,0.006269920617341995,0.01444246992468834,0.016672609373927116,-0.009732482023537159,-0.010860287584364414,-0.076203852891922,0.024666281417012215,-0.04579324647784233,-0.023632820695638657,-0.0167966540902853,-0.0030883667059242725,0.0206643994897604,-0.0038869965355843306,0.01421534363180399,0.005442911293357611,-0.002393683884292841,-0.02818452939391136,-0.03292035683989525,-0.02436165325343609,36.999996185302734,1.57416832447052,3.4687376022338867,6.084787845611572,0.5087599754333496,1.17269766330719,0.6685578227043152,1.3149369955062866,1.279929280281067,0.14231151342391968,0.8945203423500061,0.7741681933403015,0.6314988732337952,0.8972744941711426,0.5097472667694092,0.31830987334251404,3.949628606263097e-17,0.8856517672538757,0.010904827155172825,0.01983506791293621,0.013301989063620567,1.2887084484100342,0.04476607218384743,0.003804884385317564,0.10038351267576218,0.06327050924301147,0.001264990889467299,1.52767014503479,0.09650323539972305,0.020767996087670326,0.0014208368957042694,0.2672637403011322,0.15175162255764008,0.007032664492726326,0.0005635116249322891,1.6765192747116089,0.1534740924835205,0.05892918258905411,0.00959740485996008,0.00024126417702063918,-0.45639437437057495,-0.5730101466178894,93.80487823486328,250.51219177246094,22.601612091064453,44.965145111083984,3.1205217838287354
01460705_014,apple,1,pass,..\data\raw\raw_images\01460705_014.jpeg,189.5,60.3847770690918,4.386547565460205,0.6530766487121582,0.9023809432983398,0.6344515681266785,0.2092299908399582,-1.0,3.1407190237779366e-16,-3.6641721502912933e-16,-0.8491424322128296,0.0205661840736866,-0.0505557544529438,-0.0012802791316062212,-0.008184840902686119,-0.07035896182060242,0.020030556246638298,0.08538983762264252,-0.03236863762140274,-0.01889706775546074,0.038785550743341446,0.0396665595471859,0.034239716827869415,-0.007816367782652378,0.03161320090293884,0.01014399342238903,0.005684506148099899,-0.00867551565170288,-0.004947788082063198,-0.014336897060275078,-0.018732111901044846,-0.011907776817679405,0.007229764014482498,-0.018072038888931274,-0.022745978087186813,-0.005508631467819214,0.016818583011627197,0.006253563333302736,-0.006846662610769272,0.00873000267893076,0.009841772727668285,0.006439973134547472,0.011469420045614243,0.018659641966223717,0.0028795525431632996,-0.007209697272628546,-0.01365454588085413,54.999996185302734,0.27037960290908813,3.8388078212738037,0.8615784049034119,2.516832113265991,1.646190881729126,0.7339403629302979,0.4452720582485199,0.5004014372825623,0.4321146607398987,0.0271292831748724,0.6103749871253967,0.80722975730896,0.08606856316328049,0.654120922088623,0.31830987334251404,0.008684984408318996,0.2985292375087738,0.20265048742294312,0.11391551792621613,0.10413671284914017,0.22467398643493652,0.31872084736824036,0.132199227809906,0.2443920373916626,0.22552117705345154,0.09357906877994537,0.48012325167655945,0.2573455572128296,0.22905613481998444,0.07817329466342926,0.23330216109752655,0.2542456090450287,0.1341826170682907,0.10516651719808578,0.190996915102005,0.17421497404575348,0.295499712228775,0.14427711069583893,0.03643256053328514,-0.4464457035064697,-0.6659784317016602,45.15088653564453,239.16567993164062,19.042936325073242,27.5676326751709,11.671631813049316
01460705_012,apple,1,pass,..\data\raw\raw_images\01460705_012.jpeg,918.0,126.22539520263672,4.166058540344238,0.7240341901779175,0.927741289138794,0.4752963185310364,0.1827770620584488,-1.0,1.4748651497644165e-16,-1.9664867781199566e-16,-0.9008576273918152,-0.05584907904267311,0.026128822937607765,0.0161887314170599,0.00416529132053256,-0.007400181144475937,-0.04597867280244827,-0.039949141442775726,0.004888112656772137,-0.03315310552716255,0.022769499570131302,0.021554937586188316,0.00020218253484927118,-0.01199768204241991,-0.029668333008885384,0.01494018454104662,0.01175400335341692,-0.013855774886906147,0.020610632374882698,-0.0023064964916557074,-0.009497640654444695,0.0017006753478199244,-0.0051975371316075325,-0.0019015931757166982,-0.017036298289895058,-0.010962303727865219,-0.0024363137781620026,-0.0014210809022188187,-0.004348800051957369,0.013447332195937634,-0.004101559054106474,-0.0063156201504170895,0.003918791655451059,-0.012889507226645947,-0.004335523582994938,0.005848751403391361,-0.0006198562332428992,107.99999237060547,0.16321590542793274,2.835322141647339,2.9061245918273926,3.724693536758423,2.360321521759033,1.336933970451355,0.8127644658088684,1.018109917640686,0.670644998550415,0.7038272023200989,0.5098022222518921,0.35454243421554565,0.31358999013900757,0.23814307153224945,0.31830987334251404,7.493966505643792e-17,0.7949144840240479,0.008514517918229103,0.00719918729737401,0.0046480740420520306,0.8802356123924255,0.03230058774352074,0.0027500102296471596,0.036074452102184296,0.022126462310552597,0.0012737906072288752,0.5566617250442505,0.057762399315834045,0.015485092997550964,0.00036232825368642807,0.09282657504081726,0.05239367112517357,0.008146101608872414,0.00015930860536172986,0.020180638879537582,0.06540820002555847,0.04420884698629379,0.0025742484722286463,1.2803528989024926e-05,0.7210724353790283,0.6593037247657776,154.7741241455078,195.54483032226562,6.173255443572998,38.429141998291016,19.817054748535156
01460705_015,apple,1,pass,..\data\raw\raw_images\01460705_015.jpeg,3335.5,233.37973022460938,4.040942192077637,0.7695636749267578,0.9644354581832886,0.7216632962226868,0.1277344673871994,-1.0,7.120878932624815e-17,-9.49450480233676e-17,-0.753204345703125,-0.002233874751254916,0.006191590800881386,0.01854739896953106,-0.016451966017484665,-0.03493556007742882,-0.0023987714666873217,-0.02609100565314293,-0.04366103559732437,0.004965508356690407,0.001769834547303617,0.0036283822264522314,0.026006018742918968,-0.0046208566054701805,-0.00469953054562211,0.007535542827099562,0.0006260779337026179,-0.008246726356446743,-0.002554532838985324,-0.014636250212788582,0.003484809072688222,0.00013454457803163677,0.0005582752055488527,0.008828265592455864,0.0010238687973469496,-0.010885773226618767,-0.0024369885213673115,0.0038910279981791973,-0.0032049936708062887,-0.0022478592582046986,-0.00018139168969355524,-0.0054273479618132114,-0.00029376003658398986,-0.006753628142178059,-0.002364848740398884,0.003514249576255679,-0.0052988482639193535,199.0,0.2634548246860504,18.747547149658203,2.7401328086853027,2.0621376037597656,1.801774263381958,0.47665584087371826,1.8226747512817383,0.8294885754585266,1.2061821222305298,0.2878320515155792,0.35436081886291504,0.1416737288236618,0.23369993269443512,0.47768813371658325,0.31830987334251404,1.023176307372029e-15,0.4009968936443329,0.09636294841766357,0.01094754971563816,0.015892213210463524,0.03869802877306938,0.11396629363298416,0.0280660018324852,0.004628344438970089,0.027450669556856155,0.008366182446479797,0.13790084421634674,0.08308084309101105,0.02598843164741993,0.011411079205572605,0.025351494550704956,0.01568368636071682,0.016441043466329575,0.009622459299862385,0.007160769775509834,0.0999896302819252,0.05775374174118042,0.018215712159872055,0.0022371455561369658,0.3398404121398926,0.5751456022262573,127.05064392089844,165.92141723632812,25.732118606567383,53.65845489501953,40.617149353027344
01300169_005,apple,1,pass,..\data\raw\raw_images\01300169_005.jpg,1823.0,166.9949493408203,3.9111995697021484,0.8214665055274963,0.9665959477424622,0.4882667362689972,0.10610881447792053,-1.0,2.7985333302571642e-16,-3.4981666628214553e-16,-0.9038617610931396,-0.07863853871822357,-0.0013892375864088535,-0.02881828509271145,0.03033861331641674,0.02445906586945057,-0.028247922658920288,-0.011192777194082737,-0.03255923092365265,-0.041018106043338776,0.008486822247505188,0.011334885843098164,-0.016667664051055908,0.027024561539292336,-0.021448194980621338,0.006868824828416109,0.004229196347296238,-0.01070023700594902,0.011837351135909557,0.0005923798307776451,-0.006001603323966265,0.0038682492449879646,-0.00798176508396864,0.0041955700144171715,0.002742702141404152,0.0007687490433454514,0.006134516093879938,-0.0019853878766298294,0.001479203812777996,-0.0005217198049649596,0.0009700250811874866,-0.0023805818054825068,-0.0007288610213436186,0.0020370017737150192,0.00023688039800617844,0.002687689382582903,0.0012841824209317565,137.99998474121094,0.5741297602653503,3.8874685764312744,5.809652328491211,4.451844215393066,1.775874376296997,1.2986698150634766,0.9769136309623718,0.2223557084798813,0.11458993703126907,0.15426452457904816,0.08079707622528076,0.2855277359485626,0.3103284239768982,0.3014080822467804,0.31830987334251404,2.1142507493261833e-16,0.6617816686630249,0.018132733181118965,0.0028142696246504784,0.01665947586297989,0.43488335609436035,0.053258635103702545,0.008439167402684689,0.008413126692175865,0.06145718693733215,0.004096442833542824,0.0641455352306366,0.053501296788454056,0.036912333220243454,0.0025466529186815023,0.006646450608968735,0.09288442879915237,0.019805504009127617,0.0005561106954701245,0.32835066318511963,0.006079814396798611,0.07081815600395203,0.013872604817152023,0.00020464805129449815,0.2365088164806366,0.917334258556366,153.6634979248047,120.7390365600586,9.423833847045898,52.101219177246094,40.41259002685547
01300169_002,apple,1,pass,..\data\raw\raw_images\01300169_002.jpg,738.0,105.25483703613281,3.874483823776245,0.8371092081069946,0.9723320007324219,0.7437806725502014,0.10710857063531876,-1.0,8.744126917042546e-17,-8.744126917042546e-17,-0.7390046715736389,0.004127636551856995,-0.002741138683632016,-0.0015692445449531078,-0.001433185301721096,-0.030934100970625877,-0.0056919800117611885,-0.003041357733309269,-0.05462145805358887,-0.005705288145691156,-0.016795575618743896,-0.021435778588056564,0.006543281953781843,-0.0021257828921079636,-0.006409320514649153,-0.00030423339921981096,0.008034296333789825,-0.005456763319671154,-0.014380782842636108,0.012229371815919876,0.0003408599004615098,-0.0005356745095923543,-0.0005684742936864495,0.009484045207500458,-0.0003635934554040432,-0.0051972027868032455,-0.006595585960894823,-0.0027534724213182926,0.00012323600822128356,0.0012566643999889493,0.006778057664632797,-0.0010054153390228748,-0.0038101770915091038,-0.0008041394758038223,-0.006243197713047266,0.0034119749907404184,-0.0010462327627465129,91.99999237060547,0.26608043909072876,9.421245574951172,0.0227647814899683,0.6791079640388489,1.7466682195663452,0.5342077016830444,0.49970319867134094,0.3471544682979584,0.49938735365867615,0.35283219814300537,0.18226636946201324,0.17557227611541748,0.2950960695743561,0.21558840572834015,0.31830987334251404,1.9912596463258377e-17,0.827621579170227,0.023302152752876282,5.029956082580611e-05,0.0002765678509604186,1.0153688192367554,0.09625079482793808,0.0012762059923261404,0.000373915012460202,0.0011609392240643501,0.0004709397326223552,0.8367599844932556,0.1988208293914795,0.006987548433244228,0.0001220507692778483,0.0014265970094129443,0.0025795677211135626,0.003097567008808255,9.633603622205555e-05,0.4084284007549286,0.27204418182373047,0.018949216231703758,0.0008785107638686895,7.580681995023042e-06,0.5612317323684692,0.8168176412582397,179.30445861816406,141.00509643554688,3.8423163890838623,32.835243225097656,38.784427642822266
01300169_001,apple,1,pass,..\data\raw\raw_images\01300169_001.jpg,1211.5,132.61016845703125,3.809913396835327,0.8657243251800537,0.9781994223594666,0.5249053239822388,0.11895634979009628,1.0,8.491275670886316e-17,-9.55268537790129e-17,0.8818170428276062,-0.014772644266486168,0.013582417741417885,0.0065079862251877785,0.01390086580067873,0.036642804741859436,0.013461937196552753,0.014323345385491848,-0.0019193182233721018,-0.006446372717618942,0.0067120143212378025,-0.003134628525003791,-0.006011700723320246,0.01152922585606575,0.0067929294891655445,-0.0078447749838233,0.002856694394722581,-0.001811519148759544,0.004499530419707298,-0.0004789019876625389,0.002443787408992648,0.0009403340518474579,0.0015544615453109145,0.004716374445706606,-0.00025787868071347475,-0.0003559343167580664,0.003582616103813052,0.0018044020980596542,-0.001593562657944858,0.00198977324180305,0.0013296528486534953,-0.005142814479768276,-0.0012955197598785162,-0.0001585865393280983,0.0023775428999215364,-0.0034078978933393955,0.000353624316630885,109.0,0.08402810245752335,4.503364086151123,1.447519063949585,2.1209940910339355,0.2346910685300827,0.27095869183540344,0.21560493111610413,0.33986228704452515,0.3362531065940857,0.29357340931892395,0.02372589148581028,0.20059117674827576,0.21937590837478638,0.28525522351264954,0.31830987334251404,2.5133055731811193e-16,0.7615236639976501,0.015095160342752934,0.00066114601213485,0.0029549149330705404,0.7574281692504883,0.05440855026245117,0.003078687936067581,0.002554521197453141,0.013110003434121609,0.0003770262992475182,0.35316795110702515,0.08727739751338959,0.01583402417600155,0.00039437212399207056,0.004053476732224226,0.027615495026111603,0.0021367408335208893,0.00011682094191201031,0.1527385264635086,0.07075094431638718,0.03932802751660347,0.0025425723288208246,7.51450497773476e-05,0.26965025067329407,0.9518604874610901,159.6124725341797,128.57615661621094,4.198590278625488,51.62867736816406,32.540977478027344
01300169_020,carrot,0,pass,..\data\raw\raw_images\01300169_020.jpg,2635.5,253.4385986328125,4.936751365661621,0.5156171917915344,0.8909736275672913,0.9458396434783936,0.12600469589233398,-1.0,1.4945348429864374e-16,-1.597606179521975e-16,-0.433115690946579,0.022046174854040146,-0.007239440456032753,-0.028903145343065262,-0.020266873762011528,-0.06257565319538116,0.005944203119724989,0.01046191155910492,-0.11158178001642227,0.005979953799396753,-0.005305333063006401,-0.02035534381866455,-0.0105311693623662,-0.0011935923248529434,0.006387139670550823,-0.022290347144007683,-0.04008202999830246,0.0016032526036724448,0.0020909463055431843,0.020348114892840385,0.010294177569448948,0.011919106356799603,0.0005084526492282748,0.018547452986240387,-0.01089590135961771,0.0006660296930931509,0.0030095609836280346,0.004727478139102459,0.007964142598211765,0.011723954230546951,7.65990189393051e-05,-0.005319703835994005,-0.0031073535792529583,-0.0008036359213292599,0.00048751875874586403,-0.005105592776089907,-0.001746620750054717,228.99998474121094,2.8553853034973145,56.445491790771484,1.502594232559204,4.803958415985107,2.842090129852295,3.5753023624420166,0.4155938923358917,3.674898386001587,0.7719770073890686,1.9063347578048706,0.4864708483219147,0.3442363739013672,0.24307724833488464,0.13926398754119873,0.31830987334251404,0.012249747291207314,0.2877994477748871,0.2567848861217499,0.017453087493777275,0.012009319849312305,0.16739746928215027,0.19774337112903595,0.17041370272636414,0.02768031135201454,0.03317095711827278,0.035327762365341187,0.09518583863973618,0.07973359525203705,0.09709445387125015,0.0816650465130806,0.024838887155056,0.034700844436883926,0.008290018886327744,0.03987443819642067,0.009777620434761047,0.04878828302025795,0.02519097924232483,0.012880710884928703,0.012414960190653801,0.37463369965553284,0.7796221375465393,95.49618530273438,205.61068725585938,15.43100357055664,55.38178634643555,34.527828216552734
01300169_007,carrot,0,pass,..\data\raw\raw_images\01300169_007.jpg,1418.0,236.5340576171875,6.281386852264404,0.31849217414855957,0.8801986575126648,0.9896131753921509,0.09861313551664352,-1.0,3.977378861453026e-17,-7.954757722906052e-17,-0.20373766124248505,0.003767060348764062,-0.00017713861598167568,-0.02321123518049717,-0.022141629830002785,-0.1021743044257164,0.002194811590015888,-0.011821156367659569,-0.054457202553749084,0.0027923688758164644,0.0005183765897527337,-0.014740614220499992,-0.0016206789296120405,-0.02945055440068245,0.0009272159659303725,0.0013533098390325904,-0.028988946229219437,0.006089098751544952,-0.0027609465178102255,0.012857163324952126,-0.005949636455625296,-0.011468460783362389,0.000569088151678443,-0.001659383880905807,-0.011803618632256985,0.002273278310894966,0.00021910289069637656,0.00033180249738506973,-2.3126758605940267e-05,-0.005910082254558802,0.0002747258695308119,-0.0011155257234349847,-0.011187979020178318,0.0020705650094896555,-0.0004855252627748996,0.005320863798260689,-0.0013520672218874097,185.99998474121094,8.184904098510742,64.65887451171875,1.6984881162643433,0.7814924716949463,2.3596878051757812,3.357335329055786,1.0420966148376465,0.23066844046115875,0.5697609186172485,0.5033841133117676,0.42185795307159424,0.23469816148281097,0.3631833493709564,0.11220118403434753,0.31830987334251404,0.029715081676840782,0.3263688385486603,0.2946452796459198,0.03135773539543152,0.02553532086312771,0.2938891649246216,0.2853734791278839,0.26851388812065125,0.027486875653266907,0.028749410063028336,0.030125096440315247,0.2653491795063019,0.24235333502292633,0.2491757571697235,0.23550738394260406,0.007985093630850315,0.049746111035346985,0.008132148534059525,0.0373496375977993,0.2256883680820465,0.19389794766902924,0.20558682084083557,0.2063271850347519,0.19745764136314392,0.37959831953048706,0.8791003227233887,164.10516357421875,167.94509887695312,8.437447547912598,52.17018127441406,58.76408004760742
01300169_004,apple,1,pass,..\data\raw\raw_images\01300169_004.jpg,1021.0,121.05382537841797,3.788485527038574,0.8755452632904053,0.9803168773651123,0.4646413326263428,0.10505857318639755,1.0,2.3405704089453458e-17,-8.777138702672802e-17,0.9023445844650269,-0.015750164166092873,0.010892543010413647,0.0029507516883313656,0.0005172089440748096,0.013081316836178303,0.0038433007430285215,0.005084228236228228,0.004636113531887531,-0.008782575838267803,0.00124188547488302,-0.005453900899738073,-0.007356639485806227,-0.0006477936985902488,0.003597081173211336,-0.0031053153797984123,-0.0020337270107120275,-0.0010265774326398969,0.0019727209582924843,0.002791242441162467,-0.004955613519996405,-0.005048926919698715,-0.00019777989655267447,-0.0014866447309032083,-0.004574756603688002,0.002761302050203085,-0.00039152553654275835,-0.002999538090080023,-0.0012127631343901157,0.0027075556572526693,-0.001402420224621892,-0.000969136890489608,-0.0013379404554143548,0.0008643273613415658,-0.0015687885461375117,0.0006833081133663654,0.0007927797269076109,102.0,0.05219457298517227,3.1778111457824707,1.0166552066802979,0.4867618680000305,0.2360296994447708,0.3100552558898926,0.24953265488147736,0.07485010474920273,0.2698560655117035,0.30426597595214844,0.17169252038002014,0.08123842626810074,0.1621294766664505,0.21370650827884674,0.31830987334251404,7.756262169161907e-17,0.7925665974617004,0.00956402625888586,0.0002792440354824066,0.001665787072852254,0.8725005984306335,0.03690646216273308,0.0006777379312552512,0.0011894932249560952,0.00785413384437561,0.00016570584557484835,0.5483496785163879,0.06735241413116455,0.0036850827746093273,2.838788350345567e-05,0.0022910614497959614,0.018260164186358452,0.0010291875805705786,2.0688670701929368e-05,0.028851045295596123,0.07275170087814331,0.009953977540135384,0.00020345256780274212,1.6121568933158414e-06,0.304858535528183,0.9294561743736267,151.64212036132812,137.75955200195312,6.018251895904541,47.585880279541016,43.70887756347656
01300169_006,carrot,0,pass,..\data\raw\raw_images\01300169_006.jpg,2099.5,245.72286987304688,5.362751007080078,0.4369528591632843,0.8328044414520264,0.9518669843673706,0.17077979445457458,-1.0,2.1578799606013742e-17,-8.631519842405497e-17,-0.3733816146850586,0.006008694414049387,-0.013230268843472004,-0.015375182032585144,-0.062079910188913345,-0.06691596657037735,-0.005644690245389938,0.0059924921952188015,-0.10791599750518799,0.0158516988158226,-0.009753950871527195,-0.046991750597953796,0.006813251879066229,-0.01006483007222414,-0.005396492779254913,0.021030157804489136,-0.025841709226369858,0.003443859051913023,-0.009347261860966682,0.010337252169847488,0.01797466166317463,0.002800505608320236,-0.007857954129576683,-0.003515029326081276,0.00038573855999857187,-0.001880690804682672,-0.007985440082848072,-0.007993546314537525,0.016188479959964752,0.0018991503166034818,-0.00251112156547606,-0.00047963368706405163,-0.0028034455608576536,-0.0031262156553566456,-0.0059571824967861176,0.0036423495039343834,0.0019814723636955023,212.99998474121094,10.214244842529297,57.748077392578125,3.2480812072753906,3.542696237564087,5.177463531494141,0.1576252430677414,0.547257661819458,1.1532074213027954,2.295405387878418,0.43083977699279785,1.344045877456665,0.8922245502471924,0.863166093826294,0.12136328965425491,0.31830987334251404,0.015826765447854996,0.3562394082546234,0.24090060591697693,0.09154275059700012,0.03585216775536537,0.16771483421325684,0.2853434085845947,0.16067954897880554,0.03212812542915344,0.046510208398103714,0.06486818939447403,0.15091544389724731,0.13442589342594147,0.16130927205085754,0.10204799473285675,0.05354972556233406,0.05454632267355919,0.03642728924751282,0.06601166725158691,0.0960143506526947,0.05561233311891556,0.04755615442991257,0.0735311433672905,0.06235920265316963,0.09268990159034729,0.6988852620124817,80.23198699951172,195.5949249267578,23.95314598083496,39.095176696777344,29.952051162719727
01300169_011,orange,1,pass,..\data\raw\raw_images\01300169_011.jpg,3672.0,299.7644958496094,4.9468512535095215,0.5135138034820557,0.8557446002960205,0.8046543598175049,0.16288721561431885,-1.0,-6.253221394849362e-17,8.337628526465816e-17,-0.6524785757064819,-0.01397709921002388,0.025571057572960854,0.07416864484548569,-0.10531838983297348,-0.030977867543697357,-0.06149112805724144,-0.08377648890018463,-0.04139011725783348,0.005333991255611181,0.040494538843631744,-0.010856227949261665,-0.02512255683541298,-0.0019916549790650606,-0.05112679675221443,-0.004587630741298199,0.001729439478367567,0.01936994306743145,0.00845405925065279,-0.009583166800439358,-0.012277410365641117,0.001775400247424841,-0.025759156793355942,0.012441474944353104,-0.01438888069242239,0.00037069935933686793,0.003893627319484949,-0.018103523179888725,0.0037201722152531147,0.010415165685117245,-0.007397265639156103,0.00664492417126894,0.023594370111823082,-0.00023753219284117222,0.007247705478221178,0.011974603869020939,-0.007744596339762211,260.0,8.213116645812988,31.96523094177246,11.548232078552246,14.667462348937988,4.834416389465332,5.518714427947998,4.132469177246094,3.536726951599121,2.021512746810913,1.2070831060409546,2.8032240867614746,0.4618295729160309,1.0757105350494385,2.022505283355713,0.31830987334251404,0.02086782269179821,0.332181841135025,0.11585075408220291,0.02400026097893715,0.014181515201926231,0.04392912983894348,0.10704007744789124,0.03402101993560791,0.031241854652762413,0.016850726678967476,0.01504124142229557,0.07791488617658615,0.0755232721567154,0.027065085247159004,0.06893227249383926,0.027532899752259254,0.03508908301591873,0.010663969442248344,0.015626417472958565,0.002003041561692953,0.07256066054105759,0.04384884983301163,0.05350254103541374,0.055973589420318604,0.15316756069660187,0.5151376128196716,114.25321960449219,151.83119201660156,31.92572021484375,68.60859680175781,53.26522445678711
01300169_008,carrot,0,pass,..\data\raw\raw_images\01300169_008.jpg,4159.5,304.35028076171875,4.719034194946289,0.5642915964126587,0.8703703880310059,0.4973166584968567,0.1565270721912384,-1.0,2.7133845491410377e-16,-3.1656151749823126e-16,-0.873416006565094,-0.05390608310699463,-0.050795190036296844,-0.17379410564899445,0.05573664978146553,-0.042544715106487274,-0.009499737992882729,0.028650585561990738,-0.02665157988667488,-0.03024972602725029,-0.01816765032708645,0.04882410541176796,-0.023876579478383064,-0.028593018651008606,0.003227352164685726,-0.007784231565892696,-0.02742655947804451,0.008405325934290886,0.012631562538444996,0.03018040955066681,-0.020440125837922096,-0.0056066010147333145,0.00203328556381166,0.027910029515624046,0.036972545087337494,-0.008449199609458447,-0.008219277486205101,-0.013955158181488514,0.019118191674351692,-0.015166559256613255,-0.003327915444970131,0.004395570605993271,-0.010288435034453869,-0.0041588968597352505,0.005637638736516237,0.0012602932984009385,-0.0005900813266634941,265.0,0.7083609700202942,14.97795295715332,23.388648986816406,5.160880088806152,2.3818562030792236,2.2568535804748535,4.419307231903076,5.076145172119141,2.826964855194092,1.244917392730713,0.4085637927055359,2.128098726272583,2.201425790786743,0.45924437046051025,0.31830987334251404,0.0036090933717787266,0.2514526844024658,0.05614551529288292,0.035713762044906616,0.13892816007137299,0.0558394156396389,0.01593484915792942,0.012431769631803036,0.048322755843400955,0.04956166446208954,0.03294428065419197,0.06994539499282837,0.01984555274248123,0.04955060034990311,0.052725646644830704,0.005300126504153013,0.07377491891384125,0.009051401168107986,0.01083905529230833,0.003948188852518797,0.03140565752983093,0.017831506207585335,0.02671859785914421,0.01761740818619728,0.03707977756857872,0.11860378831624985,94.89681243896484,164.9350128173828,58.505409240722656,36.7635612487793,56.0970458984375
01300169_003,apple,1,pass,..\data\raw\raw_images\01300169_003.jpg,2413.5,326.8355712890625,6.652818202972412,0.28392165899276733,0.6581674218177795,0.7329162955284119,0.1426934450864792,-1.0,1.0264053425507503e-16,-1.0264053425507503e-16,-0.6089707612991333,0.1839912235736847,-0.22880282998085022,-0.005158727988600731,0.04610160365700722,-0.0962233915925026,-0.12046102434396744,0.10794895142316818,0.19239315390586853,-0.020845217630267143,-0.1437826305627823,0.08234962821006775,0.072636678814888,-0.053390778601169586,0.010042350739240646,-0.05893107131123543,0.012639463879168034,0.011732527054846287,-0.0027199052274227142,0.054617978632450104,-0.02242664434015751,-0.01646987535059452,0.020928485319018364,0.00120087293908,0.045648735016584396,0.0304043460637331,0.0038100627716630697,0.02569938823580742,0.013033132068812847,0.015330296941101551,0.012476389296352863,-0.0011888035805895925,-0.001562389894388616,0.018726712092757225,-0.0014596552355214953,-0.013870407827198505,-0.003241473576053977,285.0,23.65201759338379,37.03989028930664,40.270870208740234,30.890357971191406,11.99872875213623,4.223794937133789,8.223416328430176,3.617980718612671,3.123365640640259,2.5490472316741943,4.1059393882751465,0.37701714038848877,1.4816818237304688,1.2812775373458862,0.31830987334251404,0.010467348620295525,0.4040900468826294,0.1012464165687561,0.02721088007092476,0.05872843414545059,0.121139295399189,0.07208767533302307,0.1235530823469162,0.06288816034793854,0.14370453357696533,0.025744780898094177,0.04802032560110092,0.16165190935134888,0.11784175038337708,0.10343088209629059,0.10705272108316422,0.1615024209022522,0.11028742790222168,0.013314565643668175,0.07941209524869919,0.06496165692806244,0.0409870445728302,0.10809852182865143,0.0764055997133255,0.11898895353078842,-0.028537623584270477,87.95268249511719,172.42510986328125,58.72134017944336,58.39698791503906,48.01298141479492
01439343_015,apple,1,pass,..\data\raw\raw_images\01439343_015.jpg,2146.0,177.19595336914062,3.825066089630127,0.8588789701461792,0.9855338931083679,0.6997550129890442,0.09743508696556091,1.0,1.5673488391570713e-16,-1.2013212857534585e-16,0.7771106958389282,-0.0005918997339904308,0.008072871714830399,0.028940975666046143,0.007258903235197067,0.030358146876096725,0.0021235772874206305,0.0027800113894045353,0.044572580605745316,-0.003170865820720792,0.00888732448220253,-0.010158626362681389,0.0002482519194018096,0.002570714568719268,0.0032741629984229803,0.0017769731348380446,-0.0031001067254692316,-0.0021455935202538967,-0.0025377569254487753,-0.0029646882321685553,0.0021560094319283962,-0.0011209227377548814,0.0024644704535603523,-0.0035275116097182035,0.0029990063048899174,-0.0041157519444823265,0.001072874409146607,0.0006163876969367266,-0.0011578811099752784,-0.0007646787562407553,-0.0010522971861064434,-0.0009164760704152286,-0.0015787601005285978,-0.0007049079285934567,-0.0006204894743859768,0.00023736625735182315,-0.0008162087760865688,153.99998474121094,0.5540968179702759,13.290483474731445,2.083249568939209,0.35439103841781616,0.14009277522563934,0.4857444763183594,0.4428151249885559,0.4181051254272461,0.2730065584182739,0.18853314220905304,0.04592503607273102,0.037627339363098145,0.20028020441532135,0.26176920533180237,0.31830987334251404,2.1469047958851226e-16,0.6019975543022156,0.055644840002059937,0.004228040110319853,0.00940745323896408,0.2835034132003784,0.14310503005981445,0.007642965763807297,0.01125839538872242,0.029307128861546516,0.00325794517993927,0.1626376062631607,0.09865563362836838,0.02189723774790764,0.0013386309146881104,0.00563044985756278,0.03154723346233368,0.012017153203487396,0.0009525337954983115,0.2378803938627243,0.07839930802583694,0.010250710882246494,0.005240840371698141,0.00016935105668380857,0.3677804470062256,0.8406044840812683,124.19828796386719,202.68345642089844,11.885239601135254,30.593231201171875,43.95843505859375
01439343_012,apple,1,pass,..\data\raw\raw_images\01439343_012.jpg,3041.0,211.3380889892578,3.8323888778686523,0.8555998802185059,0.9838240146636963,0.7082257270812988,0.08679594844579697,-1.0,3.453892316842922e-17,-4.3958630991056485e-17,-0.7709894180297852,-0.006768486928194761,0.023663578554987907,0.02728904038667679,0.00810911227017641,-0.028252985328435898,-0.003994049038738012,-0.0027255306486040354,-0.0501495897769928,-0.007923588156700134,0.005750375334173441,-0.01925450749695301,-0.0009059440344572067,-0.00069445586996153,-0.005191237665712833,7.339251897064969e-05,0.0068245455622673035,0.00048047566087916493,-0.0008127526380121708,0.0021683722734451294,-0.002157239941880107,-0.00018186558736488223,-0.0025756414979696274,0.001898310030810535,0.0003578895120881498,-0.0007140060188248754,-0.0008471967885270715,-0.0009060466545633972,0.0019023122731596231,-0.00052656140178442,-0.0008295041625387967,-0.0005698134191334248,-0.0018434775993227959,0.001176368328742683,1.0942510016320739e-05,0.0009043533937074244,-0.0021523060277104378,183.99998474121094,0.9328532814979553,16.583507537841797,3.6313693523406982,1.049916386604309,0.78813636302948,0.590888261795044,0.31016305088996887,0.11813792586326599,0.2083687037229538,0.2053225040435791,0.15718917548656464,0.3791646957397461,0.035290639847517014,0.1863018423318863,0.31830987334251404,7.248924373865655e-16,0.4540702700614929,0.08191590756177902,0.009975089691579342,0.020557619631290436,0.010358811356127262,0.1299191117286682,0.013959813863039017,0.013771478086709976,0.041050683706998825,0.008076643571257591,0.18528801202774048,0.03592563048005104,0.013885220512747765,0.0032018653582781553,0.016365064308047295,0.009273108094930649,0.014386383816599846,0.002178308553993702,0.010221324861049652,0.13526862859725952,0.043156083673238754,0.0072113871574401855,0.0016214944189414382,0.32865142822265625,0.8278455138206482,117.90013122558594,144.1598663330078,13.78387451171875,39.04886245727539,40.41838073730469
01439343_018,carrot,0,pass,..\data\raw\raw_images\01439343_018.jpg,2373.5,238.40916442871094,4.8935980796813965,0.5247509479522705,0.84980309009552,0.7631373405456543,0.14874482154846191,-1.0,1.611692469783712e-16,-2.14892324892865e-16,-0.6741578578948975,0.042618244886398315,0.14394749701023102,-0.015380282886326313,-0.04322540760040283,-0.09250783920288086,-0.0040855989791452885,0.07847414165735245,0.017087647691369057,0.02141866460442543,0.03976834937930107,-0.06261982768774033,0.04646928235888481,-0.01494495291262865,0.028629805892705917,-0.043135058134794235,-0.05515275523066521,-0.016312185674905777,0.014860235154628754,-0.015446959994733334,0.032408345490694046,-0.004618821665644646,-0.01141315046697855,-0.011250036768615246,0.019142698496580124,-0.016290828585624695,0.002405964769423008,0.00799520406872034,0.004871026612818241,-0.0025864390190690756,-0.004182987380772829,3.159940388286486e-05,-0.0005417871288955212,-0.0016277508111670613,-0.0005897784139961004,-0.004051397554576397,-0.00906331930309534,208.99998474121094,5.389338970184326,26.990049362182617,15.371033668518066,13.996563911437988,2.2987961769104004,3.479522705078125,2.727482557296753,3.4156463146209717,1.7801650762557983,0.4337960481643677,0.19162839651107788,0.9439429640769958,1.8364430665969849,0.569708526134491,0.31830987334251404,1.3567239059571429e-16,0.4859040081501007,0.10751954466104507,0.002214419422671199,0.03199339658021927,0.13323891162872314,0.16484642028808594,0.07331707328557968,0.02160523645579815,0.08939972519874573,0.015238109044730663,0.05705494061112404,0.08789229393005371,0.17500057816505432,0.0297393798828125,0.05293799936771393,0.10439123958349228,0.03737150505185127,0.009839232079684734,0.04246073216199875,0.16438789665699005,0.11942721903324127,0.06910974532365799,0.01402236893773079,0.13707628846168518,0.17232055962085724,116.18932342529297,179.1968231201172,49.83839416503906,78.03582000732422,51.49855041503906
01439343_016,carrot,0,pass,..\data\raw\raw_images\01439343_016.jpg,76.5,43.21320343017578,4.940668106079102,0.5147998332977295,0.7886598110198975,0.6607004404067993,0.33920347690582275,-1.0,-3.9073480964330615e-17,3.9073480964330615e-17,-0.7948451638221741,-0.13528253138065338,-0.04781409725546837,-0.07531025260686874,0.0019260511035099626,-0.04180636629462242,0.08674618601799011,0.054131221026182175,0.06392809003591537,-0.040777526795864105,-0.11296571046113968,-0.029153944924473763,0.02011844702064991,-0.023865066468715668,0.057097677141427994,-0.01664986088871956,-0.02466619573533535,0.0006736795185133815,-0.01398586854338646,0.016471512615680695,0.004834377206861973,-0.02059885673224926,-0.00845333468168974,-0.009421734139323235,0.018955685198307037,-0.022843504324555397,0.002453051507472992,-0.020971184596419334,0.00039375171763822436,0.0011226339265704155,-0.025050539523363113,-0.0040557305328547955,-0.00011408751015551388,-0.018913008272647858,-0.0004989494336768985,0.010707673616707325,-0.007887848652899265,36.99999237060547,0.2570858895778656,2.1139516830444336,2.5475947856903076,3.1174495220184326,1.5220866203308105,0.49527600407600403,0.6589252352714539,0.6083933711051941,0.6673520803451538,0.08782023936510086,0.32880929112434387,0.16626325249671936,0.2568071186542511,0.46098455786705017,0.31830987334251404,0.004055386874824762,0.28913408517837524,0.06902601569890976,0.1799888163805008,0.12238392233848572,0.030153658241033554,0.05010950192809105,0.04018794372677803,0.3783462643623352,0.18614345788955688,0.046777959913015366,0.31335026025772095,0.249001607298851,0.0880647525191307,0.049812979996204376,0.2788488268852234,0.055888909846544266,0.07819364964962006,0.010656427592039108,0.4732816815376282,0.3429654538631439,0.10853343456983566,0.09327567368745804,0.044408127665519714,-0.10545174032449722,-0.28667381405830383,32.38964080810547,198.409912109375,44.120670318603516,42.24098205566406,21.3734188079834
01439343_006,orange,1,pass,..\data\raw\raw_images\01439343_006.jpg,1278.0,164.16651916503906,4.592182636260986,0.5958974361419678,0.8832066059112549,0.7293285131454468,0.14202624559402466,-1.0,1.517925260778171e-16,-1.517925260778171e-16,-0.720690131187439,-0.05343995615839958,0.0927780270576477,-0.12941882014274597,0.02802865020930767,-0.04409664124250412,-0.006758164148777723,0.08305680006742477,-0.058964505791664124,-0.02405865676701069,0.015831295400857925,0.0069033135659992695,0.08221408724784851,-0.0036864771973341703,0.005556808318942785,-0.057329002767801285,0.005842747166752815,-0.0023261155001819134,0.020871063694357872,0.006944926921278238,-0.018186943605542183,-0.022551383823156357,0.013170260936021805,0.0008355016470886767,0.018156414851546288,-0.013496561907231808,-0.004063066095113754,-0.005349055398255587,0.0012135112192481756,0.003077334025874734,0.005075307097285986,-0.003941887058317661,0.007784225512295961,-0.010078771971166134,0.010398569516837597,-0.014356506988406181,0.002107167150825262,136.0,3.086212396621704,15.829733848571777,0.8864141702651978,5.266789436340332,5.193999290466309,2.0586953163146973,0.9662328362464905,1.4580953121185303,1.3232816457748413,1.041326642036438,0.4484063684940338,0.40664929151535034,0.8070619702339172,0.08486580103635788,0.31830987334251404,2.0559636328987567e-16,0.7253430485725403,0.04292207956314087,0.006075272802263498,0.00688563659787178,0.6445611119270325,0.14794209599494934,0.005306728649884462,0.023694979026913643,0.023449013009667397,0.0050587523728609085,0.22244350612163544,0.2235373854637146,0.023011567071080208,0.002153124427422881,0.04533332958817482,0.03084835782647133,0.026487121358513832,0.0012203673832118511,0.16675345599651337,0.175577312707901,0.046394433826208115,0.011641992256045341,0.0009522638283669949,0.3639911711215973,0.8572683334350586,172.41128540039062,151.05419921875,10.80510425567627,55.169376373291016,27.87424087524414
01439343_004,cucumber,0,pass,..\data\raw\raw_images\01439343_004.jpg,2720.0,301.9066467285156,5.788795471191406,0.3750018775463104,0.8118191361427307,0.8049482107162476,0.17236977815628052,-1.0,5.488022087339423e-17,-2.7440110436697115e-17,-0.7375169992446899,-0.38273683190345764,-0.22086359560489655,0.05415376275777817,-0.046999625861644745,0.14641813933849335,0.09013992547988892,-0.04256204143166542,0.022674942389130592,-0.08270816504955292,-0.145573690533638,-0.0005531244678422809,-0.02237691916525364,-0.018293745815753937,-0.0005418280488811433,0.028496326878666878,0.03143465891480446,0.016244329512119293,-0.028005557134747505,-0.008328665047883987,0.011013299226760864,-0.034229811280965805,-0.024853555485606194,0.048156749457120895,0.019767984747886658,-0.003908098209649324,-0.0068227024748921394,-1.1902687219844665e-05,-0.019760962575674057,-0.015307058580219746,0.005759566556662321,0.006237851455807686,0.016064763069152832,-0.0010786879574880004,-0.007847568020224571,0.013286123983561993,-0.011292848736047745,257.9999694824219,11.825607299804688,14.304756164550781,43.1682014465332,9.410417556762695,11.83105754852295,6.2668867111206055,3.2173938751220703,3.323662757873535,1.5951646566390991,3.4278786182403564,1.9316693544387817,0.7466707825660706,0.6636897921562195,2.0663843154907227,0.31830987334251404,0.0013570708688348532,0.3905264139175415,0.1260201781988144,0.026655394583940506,0.07075658440589905,0.08058251440525055,0.11001092940568924,0.05957365036010742,0.06200079247355461,0.09970299899578094,0.09887584298849106,0.04790894687175751,0.09392576664686203,0.029509201645851135,0.045505180954933167,0.0585002601146698,0.07504188269376755,0.1381918340921402,0.07789604365825653,0.049332793802022934,0.08808644860982895,0.027045415714383125,0.041168369352817535,0.02287546917796135,0.5834442377090454,0.27403444051742554,43.06666564941406,115.64561462402344,26.847639083862305,28.550683975219727,55.6826171875
01439343_007,orange,1,pass,..\data\raw\raw_images\01439343_007.jpg,596.0,112.71067810058594,4.616808891296387,0.5895572900772095,0.8424028158187866,0.6522772312164307,0.18165333569049835,-1.0,5.716665727433166e-17,0.0,-0.8018395304679871,0.12995563447475433,0.07116328924894333,-0.06368950009346008,-0.0812167227268219,0.03275175020098686,0.04232211410999298,0.08069836348295212,-0.09385879337787628,0.05652964860200882,-0.005327936261892319,0.03744248300790787,0.03391658887267113,0.03103271685540676,0.01924312114715576,-0.008779688738286495,0.037129227072000504,0.03222345560789108,-0.016369475051760674,-0.019287634640932083,-0.0033661399502307177,-0.0100595373660326,0.00689785648137331,0.0024411212652921677,-0.00935282651335001,-0.0005226858193054795,-0.019275352358818054,0.0074885026551783085,0.0073035890236496925,-0.008702261373400688,-0.010149276815354824,-0.0018374994397163391,-0.016884244978427887,-0.0047642821446061134,-0.005255738738924265,0.010663241147994995,0.0022022651974111795,91.99998474121094,1.466548204421997,6.471292018890381,7.715324878692627,6.060030460357666,1.5083093643188477,0.7758014798164368,1.7182590961456299,0.813424825668335,0.876873254776001,0.5315815210342407,0.4555986523628235,0.39094457030296326,0.15913856029510498,0.17753146588802338,0.31830987334251404,2.3279729114373063e-16,0.8440271019935608,0.014731823466718197,0.002667113672941923,0.006150299683213234,1.0847831964492798,0.06307024508714676,0.002855659229680896,0.01335219293832779,0.031267549842596054,0.0007124285912141204,0.9864053726196289,0.13865496218204498,0.016858460381627083,0.0003586176026146859,0.0341329388320446,0.08198023587465286,0.0048009417951107025,9.82675701379776e-05,0.6291187405586243,0.21090024709701538,0.051517389714717865,0.0026971534825861454,2.4261225917143747e-05,0.36544862389564514,0.8755984902381897,164.88803100585938,176.8740234375,9.287839889526367,42.89946365356445,15.867883682250977
01439343_009,orange,1,pass,..\data\raw\raw_images\01439343_009.jpg,2366.0,186.65179443359375,3.837291717529297,0.8534148931503296,0.9778879880905151,0.6039636731147766,0.09754056483507156,-1.0,5.241167569751958e-17,-4.492429156431824e-17,-0.8544851541519165,0.00462392857298255,0.030310824513435364,0.0122459651902318,-0.000687332998495549,-0.04369248449802399,-0.004534800536930561,-0.006487090140581131,-0.021427446976304054,0.005161909386515617,0.001867477665655315,-0.010044224560260773,-0.0018843866419047117,-0.004344613291323185,-0.0005211964598856866,0.0064893499948084354,-0.005245376378297806,-0.0006665941909886897,0.0008230266394093633,-0.00035625099553726614,0.004817786160856485,0.0009439727873541415,-0.0006592193967662752,-0.003847396932542324,-0.001711251214146614,0.0001575244968989864,5.6299977586604655e-06,-0.00027612861595116556,-0.005592148285359144,0.00031564050004817545,0.0027211580891162157,0.006306038238108158,0.0017512277700006962,-0.0023755007423460484,-0.0009627825929783285,-0.0014052941696718335,0.007998312823474407,156.00001525878906,0.3825012445449829,9.243504524230957,1.7817593812942505,1.648552417755127,0.6415872573852539,0.454302579164505,0.559002697467804,0.5384727120399475,0.361288458108902,0.6455281376838684,0.8255671262741089,0.4885200262069702,0.35722866654396057,0.4349468946456909,0.31830987334251404,7.621372701707252e-16,0.5774073600769043,0.04185215383768082,0.002085471525788307,0.008519652299582958,0.21535654366016388,0.09781038761138916,0.009767482057213783,0.004487073980271816,0.0256004948168993,0.001893113716505468,0.2238132506608963,0.04297195374965668,0.030647961422801018,0.0016229419270530343,0.0012608116958290339,0.024433940649032593,0.006571764126420021,0.0005311220302246511,0.22405609488487244,0.08705652505159378,0.02781691774725914,0.005829493515193462,0.00036850941251032054,0.46554458141326904,0.7986710071563721,151.13169860839844,179.93905639648438,11.355317115783691,40.187870025634766,39.84452438354492
01439343_003,cucumber,0,pass,..\data\raw\raw_images\01439343_003.jpg,207.5,87.01219177246094,6.040473937988281,0.3444036543369293,0.7572992444038391,0.7760908603668213,0.33605122566223145,-1.0,1.267202846646408e-16,-1.267202846646408e-16,-0.585489809513092,-0.022294972091913223,0.21193799376487732,-0.07218107581138611,-0.2385978251695633,-0.011880538426339626,0.01121768169105053,0.01613498292863369,-0.004068821668624878,-0.014768624678254128,0.015158193185925484,-0.04629400745034218,-0.013536439277231693,-0.02566090226173401,-0.0016831031534820795,-0.027785293757915497,0.06644361466169357,0.025188423693180084,-0.009773220866918564,-0.029183581471443176,-0.05931222066283226,-0.04309624806046486,0.02202841453254223,0.04280118644237518,0.015608022920787334,-0.005025062710046768,-0.005343196913599968,-0.016790499910712242,0.00011908133456017822,0.0015585697256028652,-0.02090062014758587,0.005324081983417273,-0.015355682000517845,0.012163056060671806,0.0172257237136364,-0.0072721149772405624,0.005894412752240896,74.99999237060547,6.940114498138428,9.613842964172363,5.093245506286621,1.6967082023620605,0.5632997155189514,2.442380666732788,2.331679344177246,1.3897203207015991,0.10766856372356415,0.6880838871002197,1.0729176998138428,0.465006023645401,1.037901520729065,0.2928358018398285,0.31830987334251404,0.006932564079761505,0.0753275603055954,0.29872235655784607,0.03239671513438225,0.1125141829252243,0.23591464757919312,0.3494888246059418,0.23784318566322327,0.07370442152023315,0.08497298508882523,0.07186408340930939,0.06371685862541199,0.13470961153507233,0.4304202198982239,0.1272621899843216,0.0230354405939579,0.039324529469013214,0.150556281208992,0.08998996019363403,0.36487269401550293,0.33629095554351807,0.28006240725517273,0.3282804787158966,0.13862717151641846,0.014207673259079456,-0.15753568708896637,27.374814987182617,206.10073852539062,55.01667022705078,16.512449264526367,45.78661346435547
01439343_013,apple,1,pass,..\data\raw\raw_images\01439343_013.jpg,1396.5,147.2964630126953,3.941593647003174,0.8088465929031372,0.955198347568512,0.6940662860870361,0.10236701369285583,-1.0,1.2976642690120407e-16,-2.0391868218894052e-16,-0.7693802714347839,-0.012727741152048111,0.037939850240945816,0.003961779177188873,0.05233926326036453,-0.034717217087745667,-0.002636922523379326,-0.04365917295217514,-0.04557766765356064,-0.011766104958951473,-0.0014999988488852978,-0.03622743859887123,-0.02785959467291832,0.00450256559997797,-0.016220174729824066,0.012414437718689442,-0.014887163415551186,0.0014971760101616383,-0.005683146417140961,0.015138914808630943,-0.0014937578234821558,-0.0006363784777931869,-0.0018278475617989898,0.00921771302819252,0.012085012160241604,-0.0031167389824986458,-0.0028498503379523754,-0.000568487448617816,0.003324455814436078,-0.0010802473407238722,-0.0016915836604312062,0.001247541280463338,0.0006418710690923035,0.0030508902855217457,0.0003540678590070456,0.0009104046039283276,0.0004353636468295008,127.0,0.589667797088623,11.321379661560059,4.0429253578186035,2.6826062202453613,1.9209063053131104,1.457288146018982,0.46814295649528503,0.49866896867752075,0.5875909328460693,0.18746209144592285,0.2618299126625061,0.03721719607710838,0.2755582630634308,0.18151812255382538,0.31830987334251404,3.03479596553701e-16,0.7185081243515015,0.037879906594753265,0.005487401038408279,0.010173548944294453,0.6166096329689026,0.12816694378852844,0.005237765144556761,0.019473502412438393,0.04302017018198967,0.0013890191912651062,0.16888070106506348,0.18287912011146545,0.024066200479865074,0.000944947125390172,0.02588076703250408,0.08468616753816605,0.007117601111531258,0.0004343366890680045,0.2256542444229126,0.1132434755563736,0.05024315416812897,0.005676997359842062,0.0002223844057880342,0.35453182458877563,0.8718844056129456,98.9979476928711,175.61053466796875,9.972559928894043,29.45232582092285,37.07061767578125
01439343_008,orange,1,pass,..\data\raw\raw_images\01439343_008.jpg,1397.0,227.6223602294922,6.089992046356201,0.3388257622718811,0.7153097987174988,0.7523660063743591,0.13656805455684662,1.0,6.434735923234529e-17,-7.353984384942668e-17,0.3652788996696472,0.07745528221130371,0.31097638607025146,-0.5861450433731079,0.22168387472629547,-0.010234677232801914,0.011934475973248482,0.09606826305389404,0.16853736340999603,0.055553849786520004,0.0877433717250824,-0.0055284383706748486,0.003654750995337963,0.02050233632326126,-0.058563586324453354,0.01079530082643032,-0.0035553278867155313,-0.024859044700860977,0.012014785781502724,-0.006258846260607243,0.013788695447146893,0.0041464208625257015,-0.014078497886657715,0.030311333015561104,0.0007404729258269072,-0.011944604106247425,-0.0031716825906187296,-0.004602500237524509,-0.01613774336874485,0.0031310657504945993,0.00642808573320508,0.0006098989397287369,-0.0018581857439130545,-0.005192696116864681,-0.008570915088057518,-0.0018913273233920336,0.004996181931346655,191.99998474121094,31.524829864501953,34.55849075317383,7.586381435394287,11.229802131652832,9.066421508789062,1.6449683904647827,1.088115930557251,1.8272205591201782,2.4311516284942627,2.262450933456421,0.670566976070404,0.6100860834121704,0.6949684619903564,1.0980690717697144,0.31830987334251404,7.755249435394346e-16,0.5751225352287292,0.08671806007623672,0.06868498027324677,0.03605286404490471,0.20085826516151428,0.24197839200496674,0.022068466991186142,0.22399680316448212,0.1099933385848999,0.010601245798170567,0.28305187821388245,0.244989812374115,0.07410207390785217,0.008079065941274166,0.2885723114013672,0.12470760941505432,0.03600000962615013,0.004568867851048708,0.36803603172302246,0.11268873512744904,0.08972406387329102,0.0342082604765892,0.0020065712742507458,0.43588998913764954,0.8600761294364929,158.73092651367188,186.13186645507812,7.732807159423828,42.383995056152344,38.068607330322266
01439343_017,carrot,0,pass,..\data\raw\raw_images\01439343_017.jpg,1664.5,201.0365753173828,4.927574157714844,0.5175395011901855,0.8205570578575134,0.8199554085731506,0.18433484435081482,-1.0,1.191094951102139e-16,-2.382189902204278e-16,-0.5989486575126648,0.019099175930023193,-0.020195623859763145,-0.12343709915876389,0.003767457790672779,-0.03634648025035858,0.02979934774339199,0.043631840497255325,-0.07392098009586334,-0.0003397670516278595,0.01853781007230282,0.015282144770026207,-0.01676562987267971,0.01050200778990984,0.003453031415119767,0.021524129435420036,-0.048993244767189026,0.00652568181976676,0.004735107067972422,0.0247860848903656,0.04399855062365532,0.014789792709052563,0.004287497140467167,-0.01218471210449934,0.014518924057483673,0.017661867663264275,0.01004165131598711,-0.0002904279390349984,-0.012172894552350044,0.010399853810667992,0.011411678045988083,-0.015837837010622025,0.0028625805862247944,0.009907355532050133,0.013738201931118965,0.01032697781920433,-0.008586302399635315,164.99998474121094,1.4693593978881836,25.903724670410156,6.105005741119385,2.43239688873291,3.0914247035980225,4.370683670043945,2.124082565307617,1.8252590894699097,1.495886206626892,0.3636452555656433,2.277313470840454,0.5684465765953064,0.48767220973968506,0.4937693476676941,0.31830987334251404,4.707237373600005e-16,0.6218692660331726,0.08890210092067719,0.02128037065267563,0.02664961665868759,0.38255566358566284,0.24294649064540863,0.01968512497842312,0.06410865485668182,0.0771925300359726,0.010868598707020283,0.037718869745731354,0.2247360497713089,0.07414602488279343,0.007115163374692202,0.06365903466939926,0.07398311048746109,0.04255565255880356,0.0020744779612869024,0.06427397578954697,0.007821105420589447,0.11435171216726303,0.030652966350317,0.003981614951044321,0.04333561286330223,0.3381634056568146,119.81063842773438,181.19851684570312,42.02717590332031,77.78196716308594,34.30921936035156
01439343_010,orange,1,pass,..\data\raw\raw_images\01439343_010.jpg,2429.0,188.16651916503906,3.8179354667663574,0.8620901107788086,0.9822078347206116,0.6265955567359924,0.10839617252349854,-1.0,1.3132322051869828e-16,-1.1673175451326287e-16,-0.8321126103401184,-0.009637068025767803,0.0003751676413230598,0.014223655685782433,0.005129704251885414,-0.030949754640460014,0.006317698862403631,0.0011637699790298939,-0.028679780662059784,-0.003443600609898567,0.0012086174683645368,-0.004734091926366091,-0.001536970492452383,-0.005500778555870056,0.0009167029638774693,-0.00312420423142612,-0.0018126694485545158,-0.0008836460765451193,0.00036837428342550993,-5.333672379492782e-05,-0.002338443649932742,0.0012469034409150481,-0.0018697476480156183,0.001665842835791409,0.00023907524882815778,-0.0005265811341814697,0.0009611917776055634,0.0009435680112801492,0.0016738737467676401,0.00016840692842379212,0.0010932889999821782,-0.0004200960975140333,-0.002240111120045185,-0.0003283295372966677,-0.0003528766392264515,-0.0011038711527362466,-0.002129980130121112,159.99998474121094,0.1747167855501175,10.207097053527832,1.2353763580322266,0.8162636160850525,0.34832367300987244,0.2937108874320984,0.16674742102622986,0.04099360853433609,0.15529511868953705,0.12686632573604584,0.2486766129732132,0.13975921273231506,0.19537945091724396,0.1348298192024231,0.31830987334251404,1.822694835570981e-15,0.5665571093559265,0.046567440032958984,0.0019705079030245543,0.005215763114392757,0.19175021350383759,0.10634119808673859,0.008170961402356625,0.0038218607660382986,0.01487663947045803,0.0017138279508799314,0.23063066601753235,0.04121287167072296,0.022739456966519356,0.0016512485453858972,0.0020991924684494734,0.012677188031375408,0.005739142186939716,0.0004139977681916207,0.20077645778656006,0.09938497841358185,0.012677468359470367,0.005491693504154682,0.000408253661589697,0.419623464345932,0.8428522348403931,166.0784912109375,190.38247680664062,9.944262504577637,43.569847106933594,41.285484313964844
01439343_005,cucumber,0,pass,..\data\raw\raw_images\01439343_005.jpg,875.5,200.75230407714844,6.784728050231934,0.27298885583877563,0.6826510429382324,0.9834935665130615,0.16739951074123383,-1.0,5.99330933498438e-17,-1.2617492944986826e-17,-0.19798912107944489,0.028031066060066223,0.038026247173547745,-0.06049336493015289,-0.0031626601703464985,-0.09664876759052277,0.004810006823390722,-0.01627913862466812,-0.055649276822805405,0.00421020807698369,0.008159688673913479,-0.06050572544336319,0.007754581980407238,-0.030260467901825905,-0.004600900691002607,-0.036852914839982986,-0.022721100598573685,0.005864525213837624,0.0020278312731534243,-0.01686028763651848,-0.011739281937479973,-0.009382650256156921,0.0011278457241132855,0.008426551707088947,-0.016140129417181015,0.006940160412341356,0.0033897804096341133,0.011159820482134819,-0.00011735512089217082,-0.007600858341902494,-0.0007386506767943501,-0.0040338109247386456,-0.003258847864344716,-4.028739203931764e-05,0.0025977077893912792,-0.00518202967941761,-0.006594190374016762,173.0,2.2160232067108154,61.702571868896484,2.2506661415100098,2.3185250759124756,0.7828260064125061,5.589127540588379,1.6538981199264526,0.3011261820793152,0.7833853960037231,1.896621584892273,0.6428231000900269,0.7839410305023193,0.5216935276985168,0.5167115330696106,0.31830987334251404,2.896645950631018e-16,0.4435988962650299,0.24067765474319458,0.02346259169280529,0.022656666114926338,0.2349839210510254,0.434523344039917,0.17079031467437744,0.0340864323079586,0.010321690700948238,0.04573861509561539,0.30750107765197754,0.2769568860530853,0.37182384729385376,0.11474298685789108,0.017928598448634148,0.0983504205942154,0.045578889548778534,0.057797037065029144,0.3003382980823517,0.2367730438709259,0.2939486801624298,0.28773850202560425,0.0723213255405426,0.7494426369667053,0.6528644561767578,130.7061309814453,117.75701141357422,3.1613447666168213,27.88933563232422,27.494796752929688
01439343_014,apple,1,pass,..\data\raw\raw_images\01439343_014.jpg,1873.0,167.19595336914062,3.863286018371582,0.8419689536094666,0.9788345694541931,0.6943827867507935,0.10889999568462372,-1.0,5.729931719225046e-17,-1.3570891889156463e-16,-0.7795312404632568,0.0017616965342313051,-0.02550615184009075,-0.03311493992805481,-0.006886602379381657,-0.026420967653393745,0.0035543867852538824,-0.0016792938113212585,-0.04608151316642761,0.003041652264073491,-0.007625075522810221,0.013841550797224045,-0.0015278455102816224,0.0008842588867992163,-0.00516604445874691,-0.0006109527312219143,0.010415919125080109,0.0020980804692953825,0.003257308853790164,0.0005517374374903738,-0.0035790912806987762,0.0017186057521030307,-0.0006367072928696871,0.0016328790225088596,-0.00045519095147028565,-0.000775235123001039,0.00010006770025938749,-0.001693417434580624,0.0045122262090444565,0.0002813852916005999,-0.0019844924099743366,0.0032171434722840786,-0.0017042688559740782,-0.0003062998875975609,0.00029781064949929714,-0.002423433819785714,-0.0034188621211797,144.0,0.7477928996086121,12.348005294799805,2.7723214626312256,0.7164660096168518,0.21900217235088348,0.31304609775543213,0.387215793132782,0.2590083181858063,0.42295873165130615,0.16774284839630127,0.29563963413238525,0.1665962040424347,0.2407774180173874,0.26165327429771423,0.31830987334251404,3.2610953757747775e-16,0.6459739208221436,0.047610171139240265,0.004820448812097311,0.010401451960206032,0.39629724621772766,0.13770121335983276,0.0042001293040812016,0.015013104304671288,0.03647967055439949,0.0025639350060373545,0.08219540864229202,0.1353342980146408,0.01327667199075222,0.0003601557691581547,0.013973593711853027,0.05058593302965164,0.010708780959248543,0.0004159619566053152,0.2862948775291443,0.013815528713166714,0.008789046667516232,0.0016193168703466654,0.00011560309212654829,0.3841559588909149,0.8118738532066345,101.63668823242188,201.11819458007812,13.276834487915039,28.67068862915039,49.39906692504883
01439343_011,apple,1,pass,..\data\raw\raw_images\01439343_011.jpg,1999.5,174.26702880859375,3.897216320037842,0.8273720145225525,0.9789473414421082,0.7007616758346558,0.11866903305053711,1.0,1.2517172314860272e-16,-1.955808207284142e-16,0.7852915525436401,-0.01847386732697487,0.008927818387746811,0.035748597234487534,0.01679493673145771,0.03227011486887932,0.0004769634106196463,0.0006522444309666753,0.058652665466070175,0.001097502768971026,0.013041459955275059,-0.015984635800123215,-0.0004198042443022132,-0.0011727547971531749,0.007695064879953861,0.0034260046668350697,-0.013036566786468029,-0.0011459479574114084,-0.00369787379167974,-0.0024196563754230738,-0.00186752004083246,-0.0006570802652277052,-0.001222047139890492,-0.00438964506611228,0.0009978261077776551,0.0021502776071429253,-0.003328209277242422,-0.0023493494372814894,0.002595747821033001,-0.0006433215457946062,-0.002420270349830389,-0.0016898749163374305,0.0010835400316864252,-0.0011414046166464686,-0.00207017594948411,0.0012049191864207387,0.0021400754339993,149.0,0.7556084394454956,13.148059844970703,3.054187297821045,1.3916661739349365,0.3026249408721924,0.4693778157234192,0.3981652557849884,0.398231565952301,0.42006176710128784,0.36063894629478455,0.27722927927970886,0.3087608218193054,0.22103916108608246,0.25436168909072876,0.31830987334251404,1.7872564593655188e-16,0.6242043972015381,0.05213353782892227,0.005588523577898741,0.011650255881249905,0.3391101062297821,0.14404159784317017,0.003829051973298192,0.016173219308257103,0.038792893290519714,0.0032548829913139343,0.12503468990325928,0.12517358362674713,0.009618404321372509,0.0005481270491145551,0.012276272289454937,0.0484938770532608,0.013037892058491707,0.00018173133139498532,0.2612030506134033,0.04037754610180855,0.004099216312170029,0.0027727822307497263,0.00010730411304393783,0.3225904703140259,0.8766443729400635,120.69783020019531,154.8554229736328,10.576948165893555,39.373756408691406,39.104549407958984
01663557_003,apple,1,pass,..\data\raw\raw_images\01663557_003.jpg,1294.5,148.12489318847656,4.1169633865356445,0.7414055466651917,0.9424827098846436,0.6981399059295654,0.13780073821544647,-1.0,-3.8371214550440445e-17,7.674242910088089e-17,-0.7668196558952332,0.009875735267996788,0.022634077817201614,-0.04093686118721962,-0.034561555832624435,-0.028086649253964424,0.022823533043265343,0.05954517051577568,-0.044995494186878204,-0.001363009330816567,0.013481942005455494,0.0025250513572245836,0.039280667901039124,0.006464448757469654,0.018167994916439056,-0.01626688428223133,0.003335334127768874,-0.01309836097061634,0.006997851189225912,-0.002535176230594516,0.0011147899786010385,0.002628834918141365,0.008120893500745296,-0.005653694737702608,-0.003887970233336091,-0.011881006881594658,0.004482124000787735,-0.0043700700625777245,0.0013532525626942515,0.010076471604406834,-0.0006359125836752355,-0.002435804344713688,-0.0018078417051583529,-0.005564241670072079,-0.0010396232828497887,-0.0004940977669321001,-0.0013162821996957064,127.00000762939453,0.8307679295539856,11.252066612243652,2.9873788356781006,4.02089262008667,2.214238405227661,0.776508092880249,1.1072169542312622,0.4395480453968048,0.6104285717010498,0.8002959489822388,0.2677900493144989,0.4290342330932617,0.4051654636859894,0.32655245065689087,0.31830987334251404,2.3375700594274935e-16,0.7353988885879517,0.03470589593052864,0.00407293438911438,0.005678518675267696,0.6726285815238953,0.12173166871070862,0.005533863324671984,0.015713270753622055,0.024991022422909737,0.0008703466737642884,0.24547632038593292,0.18702492117881775,0.026710499078035355,0.0011992877116426826,0.025484509766101837,0.052473343908786774,0.005133161786943674,0.0006518732407130301,0.18501852452754974,0.14230917394161224,0.06066950410604477,0.007373671978712082,0.000197636938537471,0.37702515721321106,0.8997877240180969,147.62986755371094,146.7100830078125,6.3696393966674805,50.711063385009766,33.792076110839844
01663557_002,apple,1,pass,..\data\raw\raw_images\01663557_002.jpg,1192.5,146.46803283691406,4.241443157196045,0.6985259056091309,0.9479331970214844,0.8475550413131714,0.13786855340003967,-1.0,-2.6621355485863553e-17,4.436892580977259e-17,-0.599698543548584,0.013701892457902431,0.001005225465632975,0.03384818136692047,-0.01116863265633583,-0.06027990207076073,0.0048218658193945885,0.002020759740844369,-0.033573638647794724,0.010864699259400368,0.011046694591641426,0.027211658656597137,-0.006360960658639669,-0.010352431796491146,0.0015910400543361902,-0.00035675280378200114,-0.03355557471513748,0.007334333378821611,0.006371357478201389,0.004173028748482466,0.002551840618252754,0.005803867243230343,0.0009201662614941597,0.0030991097446531057,-0.007735319435596466,0.005779453553259373,0.004867601674050093,-0.0037469861563295126,0.006757744587957859,0.005758896004408598,0.0013703840086236596,-0.008890445344150066,-0.004291079007089138,0.0015246763359755278,0.0035966879222542048,-0.008029247634112835,0.002194406231865287,126.99999237060547,0.28996074199676514,19.582338333129883,1.2551231384277344,2.7054638862609863,1.5359528064727783,0.7338810563087463,0.9215404391288757,0.7672320604324341,0.6488744020462036,0.8039425015449524,0.10374993830919266,0.42090556025505066,0.3896557092666626,0.37797462940216064,0.31830987334251404,6.4620021785044405e-16,0.7266668081283569,0.06289025396108627,0.004230313003063202,0.004725920036435127,0.6631613969802856,0.21178220212459564,0.01486086193472147,0.013871170580387115,0.015377845615148544,0.00383470905944705,0.29134511947631836,0.30399981141090393,0.06752592325210571,0.0028006804641336203,0.015662694349884987,0.017066147178411484,0.018643943592905998,0.0017610826762393117,0.04284678027033806,0.20321674644947052,0.13835404813289642,0.015770932659506798,0.0002897597150877118,0.4641017019748688,0.8608281016349792,140.1153564453125,187.38504028320312,6.047549724578857,38.027061462402344,31.603546142578125
01663557_013,carrot,0,pass,..\data\raw\raw_images\01663557_013.jpg,3022.0,258.7939453125,4.707679271697998,0.5670170783996582,0.8739155530929565,0.9039000272750854,0.14017441868782043,-1.0,1.4011611072546756e-16,-2.802322214509351e-16,-0.47346487641334534,-0.030157485976815224,0.008897779509425163,-0.0745762437582016,0.09345017373561859,-0.06632848083972931,-0.011288049630820751,0.00016896752640604973,-0.08587145805358887,-0.013899268582463264,-0.0023057362996041775,0.022051861509680748,-0.018206585198640823,-0.005393428727984428,0.0004460104100871831,-0.0076548014767467976,-0.022897327318787575,-0.009743934497237206,-0.005053486675024033,-0.0007948403945192695,-0.018948186188936234,0.004039261024445295,-0.003663008799776435,-0.0018522912869229913,-0.003711146768182516,-0.0017875535413622856,-0.003152047749608755,-0.005650595761835575,-0.00812198594212532,-0.0011991584906354547,-0.003621441312134266,-0.008212091401219368,-0.0011855709599331021,0.0013130118604749441,-0.0047593433409929276,-0.0009576898883096874,-0.0003866136830765754,224.00001525878906,10.32000732421875,48.81609344482422,10.508302688598633,2.757035970687866,1.0951741933822632,1.7036914825439453,1.125854730606079,0.6937307119369507,0.7425132989883423,0.9609065651893616,0.5567142367362976,0.8804164528846741,0.9300500154495239,0.5984604954719543,0.31830987334251404,0.03920933976769447,0.32383033633232117,0.20346860587596893,0.07913412153720856,0.050302792340517044,0.09878229349851608,0.17317304015159607,0.10664516687393188,0.08087502419948578,0.030636437237262726,0.0689171627163887,0.040682580322027206,0.003610517829656601,0.05081196874380112,0.051391348242759705,0.00879253726452589,0.08421127498149872,0.06079329922795296,0.050253916531801224,0.0508437417447567,0.037025269120931625,0.047190431505441666,0.026423674076795578,0.028811126947402954,0.4778582453727722,0.7317999005317688,137.29888916015625,161.96522521972656,14.867816925048828,58.32223129272461,49.768924713134766
01663557_014,carrot,0,pass,..\data\raw\raw_images\01663557_014.jpg,3566.0,255.76449584960938,4.28301477432251,0.6850317120552063,0.9092299938201904,0.7496505379676819,0.10857180505990982,-1.0,1.0915881674366639e-16,-1.7465410414288827e-16,-0.6879732608795166,-0.0013603727566078305,0.025410737842321396,0.12321849167346954,0.06931129097938538,-0.02557285875082016,0.01263563334941864,0.057404525578022,-0.06634543091058731,0.011285779997706413,0.03209848701953888,-0.013988824561238289,-0.02722945623099804,0.004967669025063515,0.014746609143912792,0.002409755950793624,0.0034932915586978197,0.014169782400131226,0.00963710155338049,-0.006422077771276236,0.006220018956810236,0.01031673327088356,0.008472427725791931,-0.007790477946400642,0.005309117026627064,0.009366512298583984,0.005672621075063944,0.015429703518748283,0.010661874897778034,0.012239333242177963,-0.0016566317062824965,-0.003447652095928788,-0.00493065919727087,0.005434109829366207,0.006876726169139147,0.005811148323118687,-0.003572855843231082,216.0,3.301703691482544,25.080093383789062,12.717096328735352,5.537680625915527,2.9528214931488037,1.8274122476577759,1.511703610420227,1.6987804174423218,1.340539813041687,2.4568467140197754,0.6341782808303833,0.7686862945556641,0.7807106375694275,0.3905671536922455,0.31830987334251404,0.006244368385523558,0.3316712975502014,0.12089432030916214,0.05603136867284775,0.06872507929801941,0.037538714706897736,0.11203043162822723,0.02076021209359169,0.02474329248070717,0.053103260695934296,0.04103023558855057,0.06202026829123497,0.07965120673179626,0.008706299588084221,0.03258506953716278,0.07589585334062576,0.03014553152024746,0.011696219444274902,0.03226688131690025,0.004385434556752443,0.05746220797300339,0.046994276344776154,0.034158408641815186,0.026046639308333397,0.49987727403640747,0.781681478023529,109.12979888916016,168.13197326660156,11.086888313293457,52.41498947143555,49.539398193359375
01663557_015,carrot,0,pass,..\data\raw\raw_images\01663557_015.jpg,2958.0,276.1076354980469,5.076674938201904,0.4875859320163727,0.8143151998519897,0.8457144498825073,0.1603376567363739,-1.0,-0.0,8.376252567116122e-17,-0.5191777348518372,0.06292401254177094,0.00916836317628622,0.029351692646741867,-0.18818221986293793,-0.10882788896560669,-0.029067877680063248,-0.018484733998775482,-0.07799377292394638,0.023564264178276062,-0.0054694125428795815,-0.0423603281378746,0.03866371884942055,-0.013651931658387184,-0.002169115701690316,0.01822466403245926,0.010001515969634056,0.01416458748281002,-0.006751733366400003,-0.005207177717238665,0.011261549778282642,-0.012825329788029194,-0.010681361891329288,0.0029602358117699623,-0.010150101035833359,0.0008023590198718011,-0.0036791630554944277,-0.0009527572547085583,-0.00023561363923363388,-0.011002076789736748,-0.0004475523019209504,0.00896146334707737,0.0006123168859630823,0.0027697361074388027,-0.002235030522570014,-0.004828088451176882,0.009380364790558815,238.00003051757812,16.067228317260742,48.807071685791016,21.389671325683594,3.899928331375122,5.040281772613525,3.600520372390747,1.0828416347503662,1.1636275053024292,1.0495132207870483,1.7296243906021118,1.2406158447265625,0.780526340007782,1.233907699584961,0.8039509654045105,0.31830987334251404,0.04775987192988396,0.38294896483421326,0.13544951379299164,0.123253732919693,0.07386156171560287,0.05875382944941521,0.14255037903785706,0.0748772844672203,0.06655358523130417,0.0948229432106018,0.059556812047958374,0.02577262930572033,0.029072701930999756,0.046570535749197006,0.07424909621477127,0.09368602186441422,0.11472167819738388,0.05684332177042961,0.04225027933716774,0.029210614040493965,0.05706215277314186,0.02019917219877243,0.0766965001821518,0.052686065435409546,0.47923004627227783,0.822941243648529,138.77647399902344,160.2716064453125,8.955845832824707,56.2744026184082,42.66355514526367
01663557_012,carrot,0,pass,..\data\raw\raw_images\01663557_012.jpg,2830.0,272.4508056640625,5.121472358703613,0.47909337282180786,0.8282119035720825,0.8860452771186829,0.1583823710680008,-1.0,2.1288745415499572e-17,-4.2577490830999145e-17,-0.4982530176639557,0.003926361910998821,0.01820974610745907,0.008200581185519695,-0.1014309749007225,-0.0855226218700409,0.013479395769536495,0.07172954082489014,-0.08886080980300903,0.0014837803319096565,-0.023920642212033272,-0.02352922596037388,0.006733221933245659,0.0018452120712026954,0.022150078788399696,-0.017479298636317253,0.01061597466468811,0.012859802693128586,-0.0047713457606732845,-0.006133374758064747,-0.018543899059295654,-0.017872106283903122,0.004510662984102964,-0.0023307804949581623,-0.00983421690762043,0.006680648308247328,-0.011253978125751019,-0.003897768910974264,0.029190581291913986,-0.0010614651255309582,0.0007664771983399987,-0.010449539870023727,-0.014206996187567711,0.0017666146159172058,0.003562783822417259,0.02264038845896721,0.009337637573480606,236.00001525878906,13.302197456359863,50.75201416015625,4.25956392288208,9.987671852111816,2.765947103500366,2.914219617843628,4.85033655166626,1.4287474155426025,2.209543228149414,2.5193047523498535,2.0213122367858887,2.0228352546691895,1.1571927070617676,0.9752791523933411,0.31830987334251404,0.022753475233912468,0.36274436116218567,0.182493194937706,0.0649404376745224,0.04881536215543747,0.06318990886211395,0.21234345436096191,0.08801165223121643,0.02593800239264965,0.07103834301233292,0.042288023978471756,0.028697216883301735,0.04969693720340729,0.07023220509290695,0.04114400967955589,0.03286709263920784,0.093889981508255,0.052143827080726624,0.030299505218863487,0.0012825381709262729,0.060072630643844604,0.0341416597366333,0.01169357355684042,0.029416052624583244,0.2413015216588974,0.7626991271972656,99.23228454589844,153.26144409179688,19.140274047851562,44.528743743896484,33.932621002197266
01663557_004,apple,1,pass,..\data\raw\raw_images\01663557_004.jpg,1818.5,165.4385986328125,3.8795394897460938,0.8349288702011108,0.9797952771186829,0.7153584361076355,0.12060284614562988,-1.0,8.095656359725884e-17,-1.052435260589916e-16,-0.7647842764854431,-0.0035330106038600206,-0.01305933017283678,0.0006538929883390665,0.01650935225188732,-0.04754697158932686,-0.00035688767093233764,0.0008361628279089928,-0.03202095627784729,-0.004569584969431162,0.001576937036588788,-0.0030593511182814837,0.0007317534764297307,-0.007737122010439634,-0.002762329764664173,-0.004050746560096741,-0.006698815617710352,-0.001462989253923297,-0.006085412576794624,-0.0017129945335909724,-0.003486331319436431,-0.0017896142089739442,-0.0028429017402231693,0.0006245871190913022,-0.0003066448261961341,0.0019469361286610365,-0.0009747338481247425,0.0033792683389037848,-0.0006487644859589636,0.0008810633444227278,-0.0019473176216706634,0.00012130325194448233,-0.001998403575271368,-0.0009140686597675085,-0.002117785857990384,0.001441210974007845,0.0037904877681285143,141.0,0.1606684923171997,12.786253929138184,0.939818263053894,1.4778977632522583,0.45525622367858887,0.40166735649108887,0.4350379705429077,0.19842858612537384,0.16297151148319244,0.242187961935997,0.20311227440834045,0.11271367222070694,0.23565591871738434,0.17652757465839386,0.31830987334251404,9.908703913544113e-17,0.6532044410705566,0.05095088109374046,0.0023366487585008144,0.0035631784703582525,0.4196985363960266,0.14633631706237793,0.010377492755651474,0.005826203152537346,0.011574451811611652,0.00187217618804425,0.053707581013441086,0.14154762029647827,0.03852713108062744,0.0023850854486227036,0.001630754442885518,0.013903836719691753,0.008124684914946556,0.0007062838412821293,0.28179702162742615,0.01803981512784958,0.0523151159286499,0.010913431644439697,0.000647895853035152,0.273209810256958,0.8895906805992126,146.8317413330078,129.43386840820312,10.865550994873047,49.73960876464844,48.107704162597656
01663557_011,carrot,0,pass,..\data\raw\raw_images\01663557_011.jpg,3991.0,284.2497863769531,4.499448299407959,0.6207136511802673,0.8538724780082703,0.5972496271133423,0.12317157536745071,-1.0,1.3153798307549664e-16,-8.769199092281273e-17,-0.8020468950271606,0.04092952609062195,-0.05766534060239792,-0.1671026647090912,-0.09494485706090927,0.005186927504837513,0.046988993883132935,0.06869994103908539,-0.07870801538228989,0.025254929438233376,-0.05458371341228485,0.02133197709918022,0.010421321727335453,0.008153628557920456,0.011412368156015873,-0.011245157569646835,0.012687056325376034,0.010989664122462273,-0.008014249615371227,0.00324378814548254,0.02857034094631672,0.011026054620742798,0.009099297225475311,-0.009547887369990349,-0.008538443595170975,-0.006704248953610659,0.005976571701467037,0.009176181629300117,-0.01029913779348135,0.012332580052316189,0.009700830094516277,-0.006947644986212254,-0.0018318946240469813,0.0011219234438613057,0.0016426295042037964,-0.0014967152383178473,-0.009568561799824238,241.99998474121094,2.2702465057373047,18.35244369506836,22.740385055541992,11.14211368560791,3.5494496822357178,0.8810789585113525,2.4355685710906982,2.315488815307617,1.0323623418807983,1.8680496215820312,1.5909212827682495,0.34643369913101196,0.522588312625885,0.2534548342227936,0.31830987334251404,0.015529121272265911,0.2907507121562958,0.06529892981052399,0.06487161666154861,0.10313275456428528,0.0654483288526535,0.0458945669233799,0.06773445755243301,0.0363294817507267,0.042378250509500504,0.04959478601813316,0.08222432434558868,0.015075591392815113,0.050232622772455215,0.06529226154088974,0.068841353058815,0.015022621490061283,0.03728751093149185,0.04549488052725792,0.05796443298459053,0.03570454195141792,0.008780580013990402,0.023510843515396118,0.01630431041121483,0.26006612181663513,0.8070154190063477,94.79138946533203,140.91976928710938,16.457494735717773,51.91189956665039,32.763458251953125
01663557_001,apple,1,pass,..\data\raw\raw_images\01663557_001.jpg,1733.5,160.26702880859375,3.84930419921875,0.8480966687202454,0.9736028909683228,0.6464266777038574,0.12277109920978546,-1.0,8.534301635884384e-17,-3.413720455830407e-17,-0.8128814697265625,-0.012461048550903797,0.009529019705951214,0.0037129665724933147,0.009147349745035172,-0.03358040004968643,-0.012210446409881115,-0.02316935732960701,-0.02568703703582287,-0.005313072353601456,0.003932165447622538,-0.003251122310757637,-0.011722857132554054,-0.0016463749343529344,-0.012533866800367832,0.008754917420446873,-0.008074836805462837,0.00044038728810846806,0.004695703741163015,0.008325008675456047,-0.0004964093677699566,0.0006714885821565986,-0.00030046168831177056,0.002929055830463767,0.006916046608239412,-0.00012529257219284773,0.004348099231719971,-0.0033844502177089453,0.0024195611476898193,-0.002067220862954855,-0.0005561698926612735,-0.0034617751371115446,0.0007799983723089099,-0.0003655579930637032,0.0006321591790765524,-0.0014420440420508385,-0.002632444491609931,134.99998474121094,0.1514376699924469,9.246747970581055,1.440152883529663,2.318317413330078,0.22746196389198303,0.6339932680130005,0.7938605546951294,0.3221285045146942,0.23565547168254852,0.4319058954715729,0.13028861582279205,0.31912848353385925,0.12014862149953842,0.2932007610797882,0.31830987334251404,3.4302859718240877e-16,0.6736828684806824,0.03651060536503792,0.0016572759486734867,0.004289028700441122,0.4717153012752533,0.1107005923986435,0.006591388955712318,0.005080377217382193,0.016430679708719254,0.0007235154043883085,0.020960411056876183,0.12200722843408585,0.0275132954120636,0.001274869660846889,0.004414677154272795,0.027019502595067024,0.0029804736841470003,0.00040582282235845923,0.3179599344730377,0.01811414770781994,0.0486508347094059,0.006666429806500673,0.0002483180142007768,0.33647245168685913,0.8996111750602722,128.99667358398438,145.0921173095703,8.135835647583008,47.47712707519531,37.85683822631836
01495161_005,cucumber,0,pass,..\data\raw\raw_images\01495161_005.jpg,1203.5,192.32589721679688,5.543891429901123,0.40886545181274414,0.9424432516098022,0.9816184043884277,0.1238909363746643,-1.0,1.0633958007529376e-16,-2.9167428660958103e-16,-0.2671094834804535,-0.001345852855592966,-0.00673892954364419,0.009770055301487446,-0.00894299428910017,-0.09613126516342163,0.003992027603089809,0.0010343537433072925,-0.052547529339790344,-0.0006388378678821027,-0.002538061235100031,0.002545800758525729,-0.0065758926793932915,-0.032302141189575195,0.004266420844942331,-0.00030068919295445085,-0.01734503172338009,0.0037327550817281008,0.0021918145939707756,0.0010193781927227974,-0.0032017547637224197,-0.013293223455548286,0.0001674063241807744,-0.0019711735658347607,-0.013779527507722378,0.00339051173068583,0.0023824521340429783,-0.001292145811021328,0.002601280575618148,-0.004787549842149019,-0.0014421273954212666,2.942104583780747e-05,-0.008594218641519547,0.0018727328861132264,-0.00011482813715701923,0.0016262803692370653,-0.0005228187656030059,177.0,0.6118590235710144,56.91388702392578,0.7457413077354431,2.6775436401367188,0.6099714040756226,4.244083404541016,0.8756522536277771,0.9455527663230896,0.46654248237609863,0.8010350465774536,0.4917457103729248,0.32021212577819824,0.6281489133834839,0.16050106287002563,0.31830987334251404,1.1540093340422835e-16,0.4645697772502899,0.22483888268470764,0.01754934899508953,0.00820535235106945,0.2931240200996399,0.3834415078163147,0.16685084998607635,0.013492640107870102,0.018793800845742226,0.015566163696348667,0.2910607159137726,0.2654036283493042,0.31022727489471436,0.12727148830890656,0.011425592936575413,0.0073484075255692005,0.014829037711024284,0.020690184086561203,0.2058049589395523,0.22867240011692047,0.2119300365447998,0.25206270813941956,0.09832766652107239,0.9743644595146179,0.09157457202672958,137.97447204589844,150.90023803710938,5.950597286224365,43.389923095703125,56.85311508178711
01495161_007,apple,1,pass,..\data\raw\raw_images\01495161_007.jpg,734.0,113.7401123046875,4.198224067687988,0.7129820585250854,0.9410256147384644,0.8278528451919556,0.1505173146724701,-1.0,-0.0,-2.2842688568602915e-17,-0.6126825213432312,-0.008492239750921726,0.028703153133392334,0.02085987478494644,-0.04576537385582924,-0.07377289980649948,-0.018036380410194397,0.0021103855688124895,-0.006858345586806536,0.01760709472000599,0.019449926912784576,-0.017807727679610252,-0.012005691416561604,-0.03386557474732399,-0.0018492831150069833,0.0209666658192873,-0.012471173889935017,0.011498571373522282,-0.0009245734545402229,-0.010778972879052162,0.011948705650866032,-0.009101862087845802,0.007206487935036421,0.0075622969307005405,-0.012377439998090267,0.00031415847479365766,0.0008898138767108321,0.0036430670879781246,0.009129520505666733,3.699099397636019e-05,-0.0007797260186634958,-0.005345944315195084,-0.005229264497756958,0.0007920238422229886,0.0031646238639950752,-0.00501400139182806,0.0006584450020454824,98.0,1.780442476272583,14.094412803649902,2.478048324584961,3.569415807723999,1.3463947772979736,1.402390956878662,0.5386311411857605,0.4668665826320648,0.5042229294776917,0.4300670623779297,0.3702623248100281,0.2940486967563629,0.04720063880085945,0.13487742841243744,0.31830987334251404,9.377575212690754e-17,0.8147709965705872,0.03611813858151436,0.0046567972749471664,0.0038942312821745872,0.9716083407402039,0.14244839549064636,0.006295792758464813,0.019747618585824966,0.017577340826392174,0.0014241774333640933,0.7763136625289917,0.2731778919696808,0.03380148857831955,0.0012402191059663892,0.03836643695831299,0.03903632611036301,0.008616390638053417,0.0003701819514390081,0.3855000138282776,0.333701491355896,0.08992694318294525,0.008452660404145718,0.0002494519576430321,-0.32067087292671204,0.7842879295349121,97.56122589111328,140.1403045654297,16.49115753173828,53.13043212890625,44.207801818847656
01495161_006,apple,1,pass,..\data\raw\raw_images\01495161_006.jpg,1784.5,208.26702880859375,4.930173873901367,0.5169938802719116,0.8942620754241943,0.941113293170929,0.13397985696792603,-1.0,3.9800265011576857e-17,-1.0409300385371404e-16,-0.407718688249588,-0.0211823508143425,-0.007845106534659863,-0.013195420615375042,-0.0681164339184761,-0.07503111660480499,-0.0032468424178659916,0.015421895310282707,-0.08702363073825836,0.003408016636967659,-0.005940434522926807,-0.005857172422111034,0.03730880841612816,-0.011636382900178432,0.0016484525986015797,0.008707570843398571,-0.037228576838970184,-0.003956892527639866,0.0002900423714891076,-0.0009481225279159844,0.0065311249345541,0.0003938706358894706,0.0006148265674710274,-0.0001538013166282326,-0.002727070590481162,-0.0030686878599226475,0.00025940831983461976,-0.0012421897845342755,0.005317636765539646,0.004748072475194931,-0.001969908829778433,-0.0030899597331881523,-0.006497286260128021,-0.0036393951158970594,-0.0015645064413547516,0.00031783035956323147,0.007610837463289499,182.99998474121094,10.645236015319824,44.94895553588867,1.1070626974105835,0.8202351331710815,1.8641356229782104,0.41396456956863403,0.7387440800666809,0.6363449096679688,0.6852308511734009,0.9214048981666565,0.9147759675979614,0.6049786806106567,0.26069411635398865,0.09552560746669769,0.31830987334251404,5.858482733256279e-16,0.4769274890422821,0.1871766299009323,0.08729276806116104,0.04260806739330292,0.2424708902835846,0.32065263390541077,0.11429359763860703,0.07614091783761978,0.019424105063080788,0.044469017535448074,0.1707017421722412,0.14724381268024445,0.2176058441400528,0.06660217046737671,0.06815855950117111,0.017938414588570595,0.05767767131328583,0.03171980753540993,0.08610106259584427,0.01956796832382679,0.1024613156914711,0.1355224847793579,0.034909412264823914,0.04940930753946304,0.8781511187553406,156.27703857421875,125.03356170654297,14.51496696472168,52.17229080200195,36.562416076660156
01495161_002,cucumber,0,pass,..\data\raw\raw_images\01495161_002.jpg,270.5,93.63961029052734,5.693455696105957,0.3876661956310272,0.8135338425636292,0.9666628241539001,0.15348747372627258,-1.0,-0.0,-1.0239128157545565e-16,-0.2680465579032898,-0.00038943582330830395,0.010048702359199524,0.02668740786612034,-0.07126326858997345,-0.10567530244588852,-0.0016402049222961068,-0.015743670985102654,-0.03012961335480213,0.004232924431562424,-0.00040538664325140417,-0.011714284308254719,0.03325255960226059,-0.03234186768531799,0.00022991665173321962,-0.001028212602250278,-0.03860892727971077,-0.003417717292904854,-0.005896724294871092,-0.0032368937972933054,0.013799947686493397,-0.015367262996733189,0.0010915723396465182,-9.190190030494705e-05,-0.019863469526171684,0.0008600233704783022,0.0006142137572169304,0.0015096704009920359,0.0015010014176368713,-0.005529496818780899,-0.002016152488067746,0.0009632063447497785,-0.009753283113241196,-0.0014829343417659402,0.00022444187197834253,-0.003693455131724477,-0.0017023151740431786,74.99999237060547,6.335195541381836,22.244688034057617,1.6100788116455078,1.800084114074707,1.1912504434585571,1.4171847105026245,0.33198079466819763,0.3868972957134247,0.192778080701828,0.2687755525112152,0.17190071940422058,0.18112993240356445,0.03657759726047516,0.17842838168144226,0.31830987334251404,6.840845869795603e-17,0.8428006172180176,0.04980779439210892,0.01703224703669548,0.006632598116993904,1.097646713256836,0.20626863837242126,0.00974037405103445,0.0800158753991127,0.028617214411497116,0.0022308139596134424,1.0778706073760986,0.4328781068325043,0.05507927015423775,0.001971305813640356,0.18608622252941132,0.056781355291604996,0.0135324252769351,0.0005741842905990779,0.9107123017311096,0.6250485181808472,0.1588270217180252,0.014140117913484573,0.0003977493033744395,0.9440975189208984,-0.2891254127025604,112.72815704345703,145.65048217773438,4.566304683685303,25.271800994873047,19.50887680053711
01495161_009,apple,1,pass,..\data\raw\raw_images\01495161_009.jpg,2246.5,193.5807342529297,4.0842180252075195,0.7533417344093323,0.9750434160232544,0.828181266784668,0.14322566986083984,-1.0,7.695181829242011e-17,-1.2713777926340856e-16,-0.640738308429718,-0.010891043581068516,0.012547052465379238,-0.006817355286329985,-0.006940266117453575,-0.05942171812057495,-0.001949185156263411,0.00597803620621562,-0.04622276872396469,-0.010271248407661915,-0.003093436826020479,-0.004983040504157543,0.0013657204108312726,-0.005304786842316389,0.003049320774152875,0.005314679350703955,-0.005734031088650227,-0.009495842270553112,0.002020727377384901,0.0017158485716208816,-0.0027534537948668003,0.001142444321885705,0.0004081785446032882,-0.0037636379711329937,-0.0006437129923142493,-0.006909314077347517,-0.0009183839429169893,-0.002193560590967536,0.001512884977273643,0.004795669112354517,0.000685162260197103,-0.0004941615625284612,-0.0011912938207387924,-0.006552408915013075,0.0002527874894440174,0.0006666763219982386,5.025256905355491e-05,165.00001525878906,0.6344359517097473,23.45949935913086,0.7880738377571106,1.9191563129425049,1.2716023921966553,0.4032738506793976,0.7121714353561401,0.39494287967681885,0.6976118087768555,0.5270370244979858,0.628059446811676,0.5752851366996765,0.25117790699005127,0.22768743336200714,0.31830987334251404,2.556139235230381e-16,0.5473775267601013,0.10423663258552551,0.0011424444383010268,0.0015814804937690496,0.20897053182125092,0.22606366872787476,0.03627393767237663,0.001048387843184173,0.0016538911731913686,0.003846485400572419,0.094147689640522,0.09495396912097931,0.09130148589611053,0.012793696485459805,0.005034074652940035,0.007348856423050165,0.010085289366543293,0.003762782784178853,0.10073374956846237,0.13529568910598755,0.037012528628110886,0.03603414073586464,0.004253530874848366,0.3212200701236725,0.8035341501235962,171.8673858642578,172.0437774658203,15.406529426574707,52.70338821411133,46.23863983154297
01495161_008,apple,1,pass,..\data\raw\raw_images\01495161_008.jpg,1405.0,179.8822479248047,4.798993110656738,0.545644223690033,0.9015078544616699,0.9301425814628601,0.12269489467144012,-1.0,3.1258043617635645e-17,-1.3892463646242373e-17,-0.41905292868614197,8.389593858737499e-05,-0.004953159485012293,-0.024694696068763733,0.08608148992061615,-0.09029735624790192,-0.010318874381482601,-0.0006656835903413594,-0.054881419986486435,-0.008351026102900505,-0.00888794008642435,0.004455400165170431,-0.030049489811062813,-0.01927052065730095,-0.0022004013881087303,0.004775227513164282,-0.03194401413202286,0.0031960001215338707,-0.0034399533178657293,0.0011090193875133991,-0.008491404354572296,-0.004545577336102724,-9.782956476556137e-05,0.0008107843459583819,-0.010931510478258133,0.003386787138879299,0.0024913609959185123,0.001822242047637701,-0.005150313023477793,0.0008548445184715092,0.001386083196848631,-0.0010044557275250554,-0.006354636047035456,0.0031134597957134247,0.001472477801144123,0.002858096035197377,-0.007144639268517494,159.99998474121094,11.545730590820312,37.73186492919922,1.9692703485488892,2.4415552616119385,1.4007121324539185,1.1193674802780151,0.5559225678443909,0.08757247030735016,0.5534914135932922,0.49076130986213684,0.5747517943382263,0.5895275473594666,0.3821060359477997,0.35591286420822144,0.31830987334251404,5.2479630239202037e-17,0.5914903283119202,0.13826489448547363,0.06979036331176758,0.0354825034737587,0.3992665410041809,0.3200618028640747,0.0733727365732193,0.12289539724588394,0.05058576911687851,0.0329783633351326,0.20731127262115479,0.25633126497268677,0.20112791657447815,0.041069116443395615,0.027129819616675377,0.015128660947084427,0.07752709090709686,0.02330305054783821,0.10205420106649399,0.07980185002088547,0.1915847361087799,0.12965205311775208,0.022879905998706818,0.04376168176531792,0.6467281579971313,77.0356674194336,150.37550354003906,26.67624855041504,42.70765686035156,49.4338493347168
01495161_003,cucumber,0,pass,..\data\raw\raw_images\01495161_003.jpg,322.0,136.91168212890625,7.62978982925415,0.21586622297763824,0.8162230849266052,0.9962472915649414,0.16999860107898712,-1.0,4.7535191214890816e-17,-3.1113942137484007e-16,-0.13393713533878326,-0.007184789981693029,-0.011084181256592274,0.012241262011229992,0.013826737180352211,-0.11024133861064911,0.004464638419449329,0.0010825901990756392,-0.042976073920726776,0.002549156080931425,-0.004071750212460756,-0.009909477084875107,0.0066514210775494576,-0.037763562053442,-0.0003160228079650551,0.001509645371697843,-0.024745171889662743,-0.0025333398953080177,-0.0022337979171425104,-0.00020839780336245894,0.004348876886069775,-0.016652707010507584,0.001763722626492381,0.0025930332485586405,-0.013848875649273396,-0.0015729565639048815,-0.0029856038745492697,0.003848364343866706,-0.002482234500348568,-0.01078162994235754,0.0006523481570184231,0.0007787906215526164,-0.004622104577720165,-0.000408771971706301,-0.0015667314874008298,0.0014187513152137399,0.0015899715945124626,121.99998474121094,7.876174449920654,45.64738845825195,2.422652006149292,1.3721630573272705,1.441184163093567,4.064679145812988,0.5958526730537415,0.6706058979034424,0.34586289525032043,1.270735502243042,0.16421538591384888,0.42281976342201233,0.29523617029190063,0.6460810303688049,0.31830987334251404,2.349198233606519e-17,0.6704542636871338,0.13890358805656433,0.025133347138762474,0.009120884351432323,0.5516780614852905,0.44259005784988403,0.060756195336580276,0.06951865553855896,0.01436082273721695,0.00859945546835661,0.34137070178985596,0.6135059595108032,0.2569560408592224,0.026826228946447372,0.05533469095826149,0.03477367386221886,0.028203900903463364,0.005862886551767588,0.3673476576805115,0.5062404274940491,0.49227261543273926,0.1403486728668213,0.012010709382593632,-0.25759953260421753,-0.9484739303588867,119.765625,202.1171875,5.3313212394714355,28.99492073059082,41.46734619140625
01495161_001,cucumber,0,pass,..\data\raw\raw_images\01495161_001.jpg,761.5,204.55130004882812,7.412543773651123,0.2287048101425171,0.9087111949920654,0.9948903322219849,0.08599690347909927,-1.0,3.47874446203871e-17,-2.782995569630968e-16,-0.14947085082530975,0.000263942958554253,-0.0003864305326715112,0.009467404335737228,-0.008565095253288746,-0.11007160693407059,0.0008103115833364427,0.004002382047474384,-0.032102301716804504,0.000204108830075711,-9.105516801355407e-05,0.008118733763694763,-0.0020165632013231516,-0.03902983292937279,0.0008079383405856788,0.0010184923885390162,-0.012416355311870575,0.00017307854432146996,-5.167495328350924e-05,0.007393878884613514,-0.0011432321043685079,-0.019347717985510826,0.0005499469698406756,0.00271802069619298,-0.0097749512642622,-3.6192519473843277e-05,5.718047759728506e-05,0.002703465521335602,0.0012695079203695059,-0.011329413391649723,0.0004836979787796736,0.0017229944933205843,-0.006672471761703491,-0.00016802836034912616,3.0631592380814254e-05,-0.00028446613578125834,0.0006798046524636447,170.99998474121094,3.986438035964966,63.217437744140625,0.4120212495326996,2.1024067401885986,0.9060768485069275,5.840231418609619,0.14482828974723816,0.9876511096954346,0.19318513572216034,1.6735129356384277,0.0631595328450203,0.7093690037727356,0.19680675864219666,0.7754232287406921,0.31830987334251404,0.00862130057066679,0.40613362193107605,0.2669367790222168,0.023668764159083366,0.004859177395701408,0.3331049084663391,0.35584259033203125,0.23648382723331451,0.004648036323487759,0.02608443982899189,0.010783491656184196,0.324413925409317,0.3217943012714386,0.31342813372612,0.21492424607276917,0.01182376965880394,0.007713276892900467,0.02393312193453312,0.019192898645997047,0.2850949168205261,0.30987662076950073,0.2887170910835266,0.2800430357456207,0.1975734382867813,0.039110466837882996,-0.9142184257507324,108.75589752197266,127.98348999023438,12.071033477783203,45.54611587524414,48.00056457519531
01495161_004,cucumber,0,pass,..\data\raw\raw_images\01495161_004.jpg,1012.0,199.8822479248047,6.283244609832764,0.3183038830757141,0.8634812235832214,0.987498939037323,0.14174224436283112,1.0,-1.3466693601754383e-16,2.0717990461965738e-16,0.21304647624492645,-0.004463678691536188,-0.0025872134137898684,-0.0008867577998898923,0.01590716652572155,0.09697378426790237,0.003530117915943265,0.005002469290047884,0.0464140847325325,-0.0014306619996204972,-0.00010367747745476663,0.015194295905530453,0.005364635959267616,0.03058379516005516,0.0010587965371087193,0.015874497592449188,0.011313444934785366,0.0007455380400642753,-0.0038771252147853374,-0.003384721465408802,-0.002483880380168557,0.016338132321834564,0.0014775076415389776,0.000931598711758852,0.007439125329256058,-0.002043846296146512,-0.0014139021513983607,-0.007266531698405743,-0.0009456885745748878,0.010074226185679436,0.0018910679500550032,0.0027415892109274864,0.004724076949059963,0.0016556527698412538,-0.0012347674928605556,-0.004062076564878225,-0.0004197000525891781,179.99998474121094,8.147786140441895,62.039424896240234,2.1522676944732666,2.609044313430786,1.4005351066589355,5.308590412139893,0.6020265221595764,1.5078281164169312,0.17155729234218597,1.3598257303237915,0.2672610282897949,0.8344858288764954,0.20125126838684082,0.7153586149215698,0.31830987334251404,0.001765655935741961,0.4450515806674957,0.24039937555789948,0.04169810563325882,0.0140181053429842,0.29943037033081055,0.38509365916252136,0.18980595469474792,0.013152959756553173,0.038996290415525436,0.026050329208374023,0.2850469648838043,0.30716055631637573,0.3151260316371918,0.15631698071956635,0.0323176272213459,0.03288080170750618,0.023694003000855446,0.0338062047958374,0.25342845916748047,0.252475768327713,0.26756343245506287,0.2568691372871399,0.1329422891139984,0.9042764902114868,0.10854189097881317,144.7252960205078,167.98912048339844,12.386209487915039,59.47677230834961,54.37771224975586
01495161_017,orange,1,pass,..\data\raw\raw_images\01495161_017.jpg,1648.0,162.22540283203125,3.996135711669922,0.7869178056716919,0.9812444448471069,0.833828866481781,0.10842141509056091,-1.0,4.47544581496713e-17,-1.0507568780398214e-16,-0.6353074908256531,-0.0032383189536631107,-0.001125616836361587,0.004612619057297707,0.016453208401799202,-0.053345393389463425,0.002059318358078599,0.011312264017760754,-0.05481318384408951,-0.0032283777836710215,0.001345178228802979,-0.0014613750390708447,-0.009122966788709164,-0.00811590626835823,0.005702129099518061,-0.0002734008594416082,-0.014214077964425087,0.0013214640785008669,-0.0017065550200641155,-0.0016807306092232466,-0.000739266281016171,0.002880569314584136,0.002465061144903302,-0.0008504993747919798,-0.0035104379057884216,-0.0005707048112526536,-0.0002657635195646435,0.0002446412108838558,-0.0013890293193981051,0.004162275698035955,0.0025505120866000652,-0.0002992867957800627,-0.001437582541257143,0.0007846633670851588,-0.0011731416452676058,-0.0007205604924820364,0.0011166426120325923,143.99998474121094,0.5617648363113403,20.970409393310547,1.0664554834365845,1.4740287065505981,0.2790876030921936,0.4337107539176941,0.18955305218696594,0.6136693358421326,0.036989036947488785,0.5708286166191101,0.12223341315984726,0.32137414813041687,0.1925659328699112,0.17573072016239166,0.31830987334251404,1.1290194798181175e-16,0.6516766548156738,0.07893043011426926,0.004906174726784229,0.004724344704300165,0.43890711665153503,0.22934161126613617,0.02014678716659546,0.013142025098204613,0.015622105449438095,0.0018929208163172007,0.030733859166502953,0.23864322900772095,0.07457006722688675,0.004920411389321089,0.007704115938395262,0.02104180119931698,0.0077318125404417515,0.0005017574294470251,0.15432734787464142,0.030432211235165596,0.10255710780620575,0.021816493943333626,0.0011163702001795173,0.6014293432235718,0.7931336164474487,232.8512420654297,189.3236541748047,2.757432699203491,35.540401458740234,37.830265045166016
01495161_018,orange,1,pass,..\data\raw\raw_images\01495161_018.jpg,2196.0,196.65179443359375,4.196446895599365,0.7135860323905945,0.9281487464904785,0.7887581586837769,0.15568514168262482,-1.0,1.3979726237783042e-17,-3.494931394009638e-17,-0.6871715784072876,0.005046778824180365,-0.03795947507023811,0.016775811091065407,-0.03397819772362709,-0.0688946396112442,-0.0002532397338654846,-0.03413917124271393,-0.03438355028629303,-0.0034896102733910084,0.01216540951281786,0.03157197684049606,0.009787389077246189,-0.0011168998898938298,-0.005903433542698622,-0.0014473110204562545,-0.024691682308912277,-0.010394101031124592,-0.0014406187692657113,-0.006719444878399372,0.004588857758790255,-0.0006955028511583805,-0.0004761650343425572,-0.007033608853816986,0.011086431331932545,-0.004724183585494757,0.006004114635288715,0.008085869252681732,0.009912176989018917,0.004248455166816711,-0.0031269066967070103,0.008536727167665958,-0.010120999999344349,-0.009642177261412144,0.0011853098403662443,-0.004446123261004686,-0.0020544619765132666,166.0,1.7462111711502075,20.92660903930664,2.009282112121582,3.3894641399383545,2.412440299987793,1.7696213722229004,0.23886722326278687,1.1773282289505005,1.7272623777389526,0.9721990823745728,0.4911859929561615,0.13300123810768127,0.367810994386673,0.6828947067260742,0.31830987334251404,8.412151543956434e-16,0.5659727454185486,0.08837321400642395,0.009917497634887695,0.00953604094684124,0.23440630733966827,0.20019376277923584,0.03032284788787365,0.01691029965877533,0.02878379262983799,0.004671152681112289,0.11241691559553146,0.09701231867074966,0.08714612573385239,0.008371453732252121,0.008910632692277431,0.037817757576704025,0.015252058394253254,0.002786835888400674,0.13530333340168,0.12626656889915466,0.06686294078826904,0.025297418236732483,0.002563692396506667,0.6134291291236877,0.553566575050354,166.023681640625,179.46974182128906,17.698137283325195,69.71343994140625,38.963130950927734
01495161_020,orange,1,pass,..\data\raw\raw_images\01495161_020.jpg,2413.5,195.4385986328125,3.978200674057007,0.7940292358398438,0.9844992756843567,0.8323430418968201,0.1074092835187912,1.0,6.276233559490588e-17,-1.6897551254643418e-17,0.6367738246917725,-0.0019098249031230807,0.009239637292921543,0.011737216264009476,0.004418122582137585,0.055520739406347275,-0.0009093404514715075,0.0037630058359354734,0.05047580972313881,-0.003117225132882595,0.004292217083275318,-0.002483764663338661,0.0005778580671176314,0.01278701052069664,0.0004438459291122854,0.0023304184433072805,0.009890935383737087,-0.001681313500739634,0.002728048712015152,-0.0007574624032713473,-0.0016303873853757977,0.0014286693185567856,-0.00013835621939506382,-0.0011106333695352077,-0.0006044688634574413,-0.0009892596863210201,0.0011707926169037819,-0.0024151308462023735,-0.0005001766257919371,0.001153482822701335,-0.0008067071321420372,-0.001315172528848052,0.00036560255102813244,-0.000510402605868876,0.0007389697711914778,0.0007469980628229678,-0.0010221324628219008,170.99998474121094,0.38841375708580017,24.751628875732422,1.0947667360305786,2.274813652038574,0.3891485929489136,0.3731244206428528,0.33706608414649963,0.06739665567874908,0.12921340763568878,0.10858253389596939,0.17060750722885132,0.1971328854560852,0.0857282504439354,0.07825198769569397,0.31830987334251404,2.429209230501956e-16,0.5153437256813049,0.1141713336110115,0.004901873879134655,0.0071485103107988834,0.158069908618927,0.22248952090740204,0.04357114061713219,0.008551504462957382,0.01385921984910965,0.006543698254972696,0.09414364397525787,0.05335192009806633,0.09457753598690033,0.017049118876457214,0.005633615422993898,0.004165685269981623,0.015517426654696465,0.004486801102757454,0.08018627017736435,0.15004315972328186,0.010047681629657745,0.0391230583190918,0.0070319585502147675,0.7280401587486267,0.6758577227592468,234.24679565429688,184.15879821777344,3.2990427017211914,34.78561019897461,45.07351303100586
01495161_019,orange,1,pass,..\data\raw\raw_images\01495161_019.jpg,2161.0,186.02438354492188,4.001681327819824,0.7847383618354797,0.9816034436225891,0.8399550914764404,0.10145621746778488,-1.0,1.224945696396871e-16,-2.1626626527287068e-16,-0.627498209476471,0.0021872702054679394,-0.003893699962645769,0.008442984893918037,0.004831152968108654,-0.05990885943174362,0.0004165017162449658,0.00467536598443985,-0.05073226988315582,0.0009711027378216386,0.00384648353792727,0.0012358870590105653,-0.003050250466912985,-0.014204236678779125,0.0035112753976136446,0.002717329654842615,-0.009142295457422733,0.002395696472376585,-0.0004220447444822639,-0.0010751599911600351,-0.0017472102772444487,-0.003177821170538664,0.0024606718216091394,-0.0019999255891889334,-0.00144581263884902,0.0007527690613642335,0.001730502350255847,0.00017601884610485286,0.00012366379087325186,-0.0006348375463858247,0.0012457252014428377,-0.00071955646853894,0.0016977257328107953,0.0005262696649879217,-0.0004646458837669343,-0.0011543260188773274,-0.0005308284889906645,161.99998474121094,0.5783737897872925,24.232044219970703,0.3659268617630005,2.3588051795959473,0.38543471693992615,0.8533583283424377,0.29235321283340454,0.2225467562675476,0.11058557033538818,0.1134999543428421,0.10767315328121185,0.1517062783241272,0.12700046598911285,0.11661295592784882,0.31830987334251404,9.877433177667158e-17,0.5565052628517151,0.10640408098697662,0.0022270462941378355,0.002809693571180105,0.2316771298646927,0.2374270260334015,0.038348518311977386,0.004645190201699734,0.0065812841057777405,0.0023985912557691336,0.07430791854858398,0.11583447456359863,0.10011274367570877,0.014719478785991669,0.0012931178789585829,0.004672321490943432,0.007069634273648262,0.0016655275830999017,0.09645993262529373,0.12270155549049377,0.050302475690841675,0.043683335185050964,0.005999462213367224,0.7094966173171997,0.6974247097969055,239.46188354492188,191.8765106201172,2.9026269912719727,19.844463348388672,43.2187385559082
01495161_010,apple,1,pass,..\data\raw\raw_images\01495161_010.jpg,1703.5,165.2964630126953,4.004907608032227,0.7834745049476624,0.9841132164001465,0.8416358828544617,0.09066934883594513,-1.0,3.788802774896556e-18,-2.2732817476559947e-17,-0.6222015023231506,0.008146661333739758,-0.0018687694100663066,-0.006806813646107912,-0.021312737837433815,-0.0581621378660202,-0.0010464396327733994,-0.0035775168798863888,-0.049188029021024704,0.012841811403632164,-0.0050313896499574184,8.72517703101039e-05,-0.0023077758960425854,-0.01551781315356493,-0.004913233686238527,-0.0024512114468961954,-0.011552474461495876,0.005832276772707701,-0.002142263576388359,0.0031611500307917595,0.006380620412528515,-0.0026951399631798267,-0.0035812126006931067,0.0022497072350233793,-0.002815944142639637,0.00209398427978158,-0.001962256385013461,-0.001596097368746996,0.002306576119735837,-0.0012936546700075269,-0.002153010107576847,0.0009311226895079017,-0.0005434656632132828,9.970329847419634e-05,-0.0014125457964837551,0.001678823377005756,0.00020870266598649323,144.99998474121094,0.19188427925109863,21.78544044494629,1.8972634077072144,2.196009635925293,1.3432942628860474,0.8285830020904541,0.40602800250053406,0.28373047709465027,0.3071156442165375,0.17040294408798218,0.1010107696056366,0.0747930109500885,0.06902449578046799,0.05184008553624153,0.31830987334251404,3.2613293686264565e-16,0.6379176378250122,0.085103839635849,0.0076428609900176525,0.007319414522498846,0.40892377495765686,0.23680581152439117,0.02509969286620617,0.01643368974328041,0.019310588017106056,0.005866229999810457,0.018381066620349884,0.22499555349349976,0.08728275448083878,0.008023959584534168,0.004101778846234083,0.014530446380376816,0.022590484470129013,0.0030035446397960186,0.1383446902036667,0.0034468434751033783,0.10643588751554489,0.03325354680418968,0.0027778134681284428,0.1176002100110054,0.9315298199653625,179.97523498535156,180.40518188476562,10.170694351196289,38.383052825927734,41.767181396484375
01495161_016,orange,1,pass,..\data\raw\raw_images\01495161_016.jpg,1805.5,170.26702880859375,4.007114887237549,0.7826115489006042,0.9783256649971008,0.8224992156028748,0.10936810821294785,1.0,-1.4744228397472721e-16,1.7768685267097309e-16,0.6559653282165527,0.0019508067052811384,-0.008432402275502682,0.017444219440221786,0.004903715569525957,0.06684499979019165,0.002498059766367078,0.0021479639690369368,0.047625526785850525,0.00010405927605461329,0.0046286084689199924,0.0013395705027505755,-0.004248172044754028,0.015034939162433147,0.0025619901716709137,0.00011660171003313735,0.008464652113616467,0.0012917148414999247,0.0015918508870527148,-0.0013402156764641404,-0.00038711196975782514,0.004857099615037441,-0.0002089966437779367,-0.002600533189252019,-0.000718470721039921,0.0030249489936977625,0.0012000995920971036,0.000572584627661854,-0.0002490154292900115,0.0010941950604319572,0.0018789623863995075,0.0028724404983222485,0.0011030916357412934,-0.001969987526535988,0.0018939611036330462,-0.0016744411550462246,0.002962456550449133,144.99998474121094,0.36554959416389465,20.221891403198242,0.6015664339065552,2.4857051372528076,0.4138810634613037,0.7034635543823242,0.13634264469146729,0.2469719797372818,0.35403308272361755,0.2234337478876114,0.3338491916656494,0.24990761280059814,0.14211416244506836,0.20106157660484314,0.31830987334251404,5.887777367737069e-16,0.6286760568618774,0.08175214380025864,0.002338619902729988,0.003671894082799554,0.37919679284095764,0.22194814682006836,0.023771829903125763,0.006788746453821659,0.011094428598880768,0.002569411648437381,0.022024592384696007,0.1947896033525467,0.08062436431646347,0.007521331310272217,0.005400847643613815,0.01180605310946703,0.009939946234226227,0.0013738269917666912,0.16517044603824615,0.030967898666858673,0.09138678014278412,0.03052401728928089,0.00258558033965528,0.7215739488601685,0.6219029426574707,159.41351318359375,195.8249053955078,8.928605079650879,62.0498046875,30.61749839782715
01495161_013,carrot,0,pass,..\data\raw\raw_images\01495161_013.jpg,2539.0,270.1076354980469,5.36050271987915,0.43731945753097534,0.7642986178398132,0.8299768567085266,0.14967797696590424,-1.0,-1.4562212928508593e-16,1.941628346351513e-16,-0.6353095173835754,-0.19550350308418274,-0.062353454530239105,-0.13928301632404327,0.11207107454538345,0.006189522799104452,0.08440979570150375,-0.020315375179052353,-0.06949769705533981,-0.08013774454593658,-0.08447133749723434,0.0038627961184829473,-0.07315266132354736,-0.0041313753463327885,0.039337340742349625,0.012742234393954277,0.012313454411923885,-0.013088730163872242,-0.014785265550017357,0.007447368465363979,-0.016015101224184036,-0.008566668257117271,-0.007870997302234173,0.003285279730334878,-0.002793242922052741,-0.014584625139832497,0.00412594061344862,-0.006541674491018057,-0.0025015079881995916,0.011136863380670547,-0.009608297608792782,0.012694998644292355,0.0006992680719122291,-0.010600654408335686,0.0002589348005130887,0.00048172238166444004,0.0023180251009762287,231.99996948242188,3.462885856628418,29.89617156982422,38.39155578613281,8.131119728088379,7.183385372161865,3.7201602458953857,0.48160070180892944,2.1275110244750977,1.5285524129867554,1.2482874393463135,0.32098355889320374,1.6141479015350342,1.4364252090454102,0.6113110780715942,0.31830987334251404,0.0033751060254871845,0.3735007643699646,0.13776111602783203,0.07421578466892242,0.1400870829820633,0.1459982991218567,0.12796999514102936,0.019448332488536835,0.07583878934383392,0.1608218401670456,0.1534365564584732,0.017478222027420998,0.0522034652531147,0.0653105229139328,0.026064736768603325,0.016497747972607613,0.08882051706314087,0.16190314292907715,0.07444839179515839,0.05993318185210228,0.04273010790348053,0.042178139090538025,0.03529663011431694,0.06983599066734314,0.45416054129600525,0.6257128715515137,57.32906723022461,160.5,20.549448013305664,36.47612380981445,55.65232467651367
01495161_015,carrot,0,pass,..\data\raw\raw_images\01495161_015.jpg,1110.0,198.71067810058594,5.964303016662598,0.3532567322254181,0.8995137810707092,0.9850932955741882,0.1455831080675125,-1.0,5.975884940817073e-17,2.3903537778034823e-17,-0.2337808907032013,0.003931531682610512,0.006464409176260233,0.015611572191119194,-0.05106346681714058,-0.10122093558311462,0.002882796572521329,0.0009851392824202776,-0.06090237945318222,0.007045432925224304,0.0021507679484784603,0.01471688412129879,-0.005639077629894018,-0.030113598331809044,-0.0005962522118352354,-0.005528174340724945,-0.0210847407579422,0.0060678888112306595,0.004163207486271858,0.0005156703991815448,-0.00023604047601111233,-0.012924239970743656,0.0010761452140286565,0.007418040186166763,-0.010399650782346725,0.003797883400693536,0.0021458175033330917,-0.0003191106079611927,0.0028813842218369246,-0.006528191734105349,0.001484488369897008,-0.0006328676827251911,-0.0009367058519273996,0.003204462118446827,0.0021996148861944675,-0.0003545335785020143,0.002327052177861333,177.99998474121094,15.18083381652832,58.702613830566406,1.3406283855438232,2.729728937149048,2.3074111938476562,4.218344211578369,0.20196329057216644,1.0494097471237183,0.7095887660980225,1.206664800643921,0.36899542808532715,0.3610357940196991,0.33278968930244446,0.6114217042922974,0.31830987334251404,0.010584816336631775,0.4602557122707367,0.22857201099395752,0.1162537932395935,0.03345305100083351,0.3045766055583954,0.3799944221973419,0.17223253846168518,0.036867573857307434,0.07061366736888885,0.059964533895254135,0.2630549967288971,0.31015342473983765,0.2915538251399994,0.13642090559005737,0.024253500625491142,0.05393321439623833,0.021382806822657585,0.07293380796909332,0.2686859667301178,0.2048872411251068,0.26727694272994995,0.21874336898326874,0.11271321773529053,0.5634593963623047,0.7948271036148071,193.53416442871094,209.93167114257812,6.538825035095215,46.32339859008789,48.8280029296875
01495161_014,carrot,0,pass,..\data\raw\raw_images\01495161_014.jpg,1170.5,207.4385986328125,6.06322717666626,0.34182366728782654,0.8571951389312744,0.9822765588760376,0.16832208633422852,-1.0,1.1955937879304679e-17,-2.3911875758609357e-17,-0.24736632406711578,-0.005923944525420666,0.03467216715216637,-0.02939414419233799,0.04955269396305084,-0.10462220013141632,0.0011697179870679975,0.021296989172697067,-0.05972246080636978,-0.005604657810181379,0.010335825383663177,-0.00924611371010542,0.004553934093564749,-0.027236483991146088,0.006545466836541891,0.005615752190351486,-0.01160096563398838,-0.006747015751898289,0.0008243511547334492,-0.013087136670947075,0.0009927441133186221,-0.0074927592650055885,0.006728936918079853,0.000722240365575999,-0.01574002392590046,-0.0015822708373889327,0.00364550924859941,0.0014150572242215276,-0.00488343695178628,-0.007513546384871006,0.00684137549251318,0.0013284062733873725,-0.0003100736066699028,-0.0011619579745456576,0.0013324891915544868,0.0007773914840072393,0.0011703259078785777,183.0,13.711039543151855,59.437496185302734,0.6117573976516724,1.9336590766906738,2.0596539974212646,4.550510883331299,1.1942138671875,0.6479602456092834,0.6143932342529297,1.341071367263794,0.6704629063606262,0.6961526274681091,0.44513437151908875,0.465291291475296,0.31830987334251404,0.009511549025774002,0.46095216274261475,0.2257929891347885,0.10893652588129044,0.03406856954097748,0.298542320728302,0.3762158453464508,0.16778422892093658,0.0389370359480381,0.06384505331516266,0.05966426059603691,0.2414378970861435,0.30866268277168274,0.27967026829719543,0.13185259699821472,0.027788180857896805,0.03387032449245453,0.03265804052352905,0.07257814705371857,0.23985694348812103,0.1946088820695877,0.2566179931163788,0.20339243113994598,0.10838446766138077,0.5305553674697876,0.7200356721878052,181.89231872558594,209.50357055664062,13.5349702835083,63.687522888183594,46.62983703613281
01495161_012,carrot,0,pass,..\data\raw\raw_images\01495161_012.jpg,1092.5,220.9533233642578,6.684821128845215,0.28120967745780945,0.7513754963874817,0.9859168529510498,0.14593437314033508,-1.0,4.3557759413878587e-17,-2.1778880699556028e-16,-0.18629653751850128,-0.019318949431180954,-0.0018005920574069023,0.05324939638376236,-0.03299473971128464,-0.08523902297019958,0.007205616682767868,-0.05080709978938103,-0.052598755806684494,-0.00752632413059473,-0.009944727644324303,0.01580796018242836,-0.0015127271180972457,-0.0267427209764719,0.010133347474038601,-0.004162080120295286,-0.033982206135988235,0.0008032491314224899,-0.009397472254931927,0.0008276252192445099,0.0032286697532981634,-0.013772946782410145,0.006864755414426327,0.003658609464764595,-0.018180251121520996,0.00425566453486681,-0.004334652330726385,-0.0014898261288180947,-0.0032485879492014647,-0.00787554681301117,0.001971334218978882,0.0019298435654491186,-0.006876841187477112,0.003669236321002245,0.00012310384772717953,0.0002865761052817106,-0.007026044651865959,198.99998474121094,16.331228256225586,69.02882385253906,4.607673168182373,1.7795495986938477,2.5711917877197266,4.19635534286499,1.2144179344177246,0.899284839630127,1.2255665063858032,0.6662819385528564,0.33728519082069397,0.2534385025501251,0.43978530168533325,0.2643309235572815,0.31830987334251404,0.02754620462656021,0.3620440661907196,0.27966365218162537,0.08801806718111038,0.01620590314269066,0.30180594325065613,0.3218092918395996,0.2460431009531021,0.03548566997051239,0.09658852964639664,0.038017388433218,0.32113373279571533,0.2483350783586502,0.2900485396385193,0.21118928492069244,0.03382425010204315,0.046423349529504776,0.07582657784223557,0.05774197727441788,0.20174142718315125,0.283512681722641,0.2020011693239212,0.2564379870891571,0.17536985874176025,0.009275834076106548,0.7657245397567749,83.09136962890625,178.93629455566406,20.929019927978516,54.256038665771484,43.19410705566406
01495161_011,carrot,0,pass,..\data\raw\raw_images\01495161_011.jpg,1521.0,312.877197265625,8.022492408752441,0.19525009393692017,0.4662783443927765,0.8082120418548584,0.1675078421831131,-1.0,1.0829746364564757e-16,-2.7074367896645364e-16,-0.5718044638633728,0.005192173179239035,-0.21897955238819122,-0.14537562429904938,0.10656746476888657,-0.1891886442899704,-0.1707727164030075,-0.06292402744293213,0.12039061635732651,-0.022855352610349655,-0.08669152110815048,0.08343273401260376,-0.10176583379507065,-0.06622658669948578,0.027756700292229652,0.06745341420173645,-0.0037078424356877804,0.04621376469731331,-0.006248098332434893,-0.010396098718047142,0.0013076462782919407,-0.013873887248337269,-0.013563470914959908,-0.01882108487188816,-0.016151174902915955,0.03243938833475113,-0.029990393668413162,0.02802201360464096,0.002814800711348653,0.00016598381625954062,-0.0023723922204226255,0.006625998765230179,-0.002328763250261545,0.0069685387425124645,-0.0019502452341839671,-0.01042560301721096,0.011019283905625343,263.9999694824219,9.776479721069336,44.73851013183594,46.95671844482422,30.588407516479492,14.701496124267578,8.94002914428711,9.916770935058594,3.1861257553100586,3.904311418533325,0.38999783992767334,2.1544077396392822,1.6381587982177734,1.399834156036377,3.1842079162597656,0.31830987334251404,0.02031932957470417,0.4992082417011261,0.08263181149959564,0.14213134348392487,0.07910659164190292,0.30862724781036377,0.09399432688951492,0.11292918771505356,0.1790694296360016,0.1570907086133957,0.06738261133432388,0.0687124952673912,0.07175884395837784,0.1425696313381195,0.08716094493865967,0.1151985451579094,0.2251255363225937,0.0691845491528511,0.07559775561094284,0.017814382910728455,0.054534103721380234,0.13381026685237885,0.10135465115308762,0.06918057799339294,0.3079400062561035,0.564142644405365,30.687423706054688,167.346435546875,26.93669891357422,16.915847778320312,50.37875747680664
01650064_019,orange,1,pass,..\data\raw\raw_images\01650064_019.jpeg,3201.5,248.6934356689453,4.395290374755859,0.6504811644554138,0.9086136221885681,0.7836341857910156,0.14199277758598328,-1.0,-0.0,4.567534839945924e-17,-0.6765540838241577,0.041155628859996796,0.0743061825633049,-0.032947372645139694,-0.04278317466378212,-0.06785401701927185,0.04296544939279556,0.04886814206838608,-0.02334841527044773,-0.013545868918299675,0.008327966555953026,-0.010890975594520569,0.03036889247596264,-0.01729411631822586,0.0005997194675728679,-0.01775057055056095,-0.0034037271980196238,0.0088652940467,-0.004977482371032238,-0.0003061126044485718,-0.008569998666644096,0.004244169220328331,0.004418018739670515,0.00912102684378624,-0.007801213301718235,0.006478316616266966,0.007366218604147434,0.015607604756951332,-0.0057530272752046585,-0.0027808090671896935,0.009193891659379005,0.00486283004283905,0.012068538926541805,0.003922836389392614,0.001778322272002697,-0.007031722459942102,-3.1064239010447636e-05,210.99998474121094,1.1801609992980957,26.64528465270996,6.677159309387207,8.150447845458984,2.7501797676086426,1.9139735698699951,1.4898231029510498,1.4890649318695068,1.9052902460098267,1.9009630680084229,0.3308187425136566,0.35607627034187317,1.7972118854522705,1.26947820186615,0.31830987334251404,0.0009736734791658819,0.3810272812843323,0.13425888121128082,0.02236865647137165,0.023139672353863716,0.01928701251745224,0.1287512332201004,0.07999451458454132,0.00915035605430603,0.034057945013046265,0.007454980630427599,0.09114408493041992,0.07309059798717499,0.061461012810468674,0.04923330247402191,0.028703970834612846,0.021856196224689484,0.010603207163512707,0.010363156907260418,0.05493515357375145,0.09090088307857513,0.06723900139331818,0.016577232629060745,0.03379804641008377,0.402046263217926,0.8217540383338928,162.2394256591797,167.41323852539062,12.087432861328125,46.79438018798828,44.51942825317383
01650064_004,carrot,0,pass,..\data\raw\raw_images\01650064_004.jpeg,380.5,107.63961029052734,5.5181660652160645,0.4126865267753601,0.8344298005104065,0.9565029740333557,0.1392463892698288,-1.0,9.297365824797202e-17,-1.8594731649594404e-16,-0.3105586767196655,-0.002299604471772909,0.035200197249650955,0.053387802094221115,0.07676098495721817,-0.10792120546102524,0.017439167946577072,-0.03218105062842369,-0.05373478680849075,-0.015749642625451088,0.0078097181394696236,-0.04525791108608246,-0.0006289390730671585,-0.03261983394622803,-0.007096074055880308,0.003235217882320285,-0.026653176173567772,-0.002017980208620429,0.0009162629721686244,0.0020561725832521915,-0.0081146489828825,-0.007543077692389488,0.005616380367428064,0.004166376776993275,-0.004004321992397308,-0.006875496823340654,0.004065570421516895,-0.007266040425747633,0.004595187492668629,-0.008307120762765408,0.0021189767867326736,-0.0030894854571670294,-0.0028786289039999247,-0.0034955216106027365,-0.004429651889950037,-0.008027407340705395,0.0030176236759871244,88.99999237060547,6.913959503173828,25.782934188842773,4.2771406173706055,1.8226919174194336,1.4571267366409302,1.3254419565200806,0.7163897752761841,0.5147472023963928,0.6413058042526245,0.3852904438972473,0.3695153594017029,0.265676349401474,0.11104294657707214,0.1465289294719696,0.31830987334251404,9.231169538224788e-17,0.8166435360908508,0.05884033814072609,0.020573290064930916,0.009838334284722805,0.9956140518188477,0.23453442752361298,0.012788872234523296,0.08995689451694489,0.04120141267776489,0.004023572895675898,0.879818856716156,0.46457213163375854,0.06828904151916504,0.003074988489970565,0.18780791759490967,0.08169125765562057,0.023090215399861336,0.0012920154258608818,0.6437738537788391,0.6207141280174255,0.18217895925045013,0.020442014560103416,0.000799626053776592,0.3924633264541626,0.9117765426635742,119.7957763671875,204.36854553222656,3.4785966873168945,31.799665451049805,48.33677673339844
01650064_020,orange,1,pass,..\data\raw\raw_images\01650064_020.jpeg,3717.5,283.32086181640625,4.646790027618408,0.5819742679595947,0.8622289299964905,0.7070537805557251,0.14381952583789825,-1.0,-1.0858547139132629e-17,-3.257563976303666e-17,-0.7112486362457275,-0.021149924024939537,0.00043277943041175604,0.04003971442580223,0.0010767544154077768,-0.02736966498196125,-0.024562902748584747,-0.059146326035261154,-0.008944138884544373,-0.0044043236412107944,0.013995313085615635,-0.0022763069719076157,-0.09602445363998413,-0.003515210933983326,-0.029629070311784744,-0.04058856517076492,-0.016582230105996132,0.017546948045492172,0.017615269869565964,0.00987745076417923,0.020660696551203728,-0.0016763071762397885,-0.023777632042765617,0.023737134411931038,-0.0007933279266580939,0.0005369854625314474,0.017676809802651405,0.02356940507888794,-0.00028055408620275557,0.0007467151153832674,-0.006658634636551142,0.01822015643119812,-0.004861855413764715,-0.0038926457054913044,0.012076574377715588,-0.009477270767092705,0.006796757224947214,238.99996948242188,1.5489139556884766,23.029802322387695,7.744615077972412,5.560389041900635,9.48625373840332,6.913697719573975,2.3629562854766846,1.2070709466934204,4.222722053527832,1.1241507530212402,0.9666195511817932,0.6067649722099304,0.4970380663871765,0.6259737610816956,0.31830987334251404,0.003967030439525843,0.3223292827606201,0.10136289894580841,0.032493956387043,0.052356135100126266,0.06006341800093651,0.06591828167438507,0.03305744007229805,0.0033776334021240473,0.08372169733047485,0.011886333115398884,0.07905708253383636,0.08325181156396866,0.02196365036070347,0.04502498358488083,0.07239038497209549,0.002532909158617258,0.0274598877876997,0.009318109601736069,0.015016729943454266,0.03503595292568207,0.02377801202237606,0.03941774368286133,0.03795125335454941,0.198798269033432,0.29086869955062866,168.32647705078125,201.01251220703125,41.38071823120117,46.794612884521484,44.86993408203125
01650064_007,apple,1,pass,..\data\raw\raw_images\01650064_007.jpeg,1408.5,205.2375946044922,5.468628883361816,0.4201969504356384,0.7399527430534363,0.8406795263290405,0.14441600441932678,-1.0,1.58975934570795e-16,-1.2718075295059192e-16,-0.5633812546730042,0.07646762579679489,0.08831825107336044,0.052530959248542786,0.04473869502544403,-0.12058056890964508,0.04206502437591553,0.05849838629364967,-0.032537851482629776,-0.007482629735022783,0.028079895302653313,-0.10314774513244629,0.07758969813585281,-0.028011178597807884,0.025023631751537323,-0.06673162430524826,0.00820339284837246,-0.0235286932438612,0.025729680433869362,0.012095320969820023,0.0419776551425457,-0.02315308153629303,0.002783440286293626,0.011551651172339916,0.003533241106197238,-0.011622698046267033,-0.011022788472473621,-0.01143995113670826,0.0005331787979230285,0.004532031714916229,0.00260214414447546,-0.01948661357164383,-0.0050651635974645615,-0.00220092642121017,0.00251513603143394,-0.006806190591305494,-0.019170770421624184,175.0,10.959320068359375,30.338918685913086,14.579054832458496,9.725811004638672,6.9935150146484375,3.131227731704712,4.056962490081787,0.779815673828125,2.0591187477111816,1.0878804922103882,1.3436756134033203,1.8120191097259521,0.9717785120010376,1.0501080751419067,0.31830987334251404,2.3140299550321124e-16,0.6302354335784912,0.09782017767429352,0.019835134968161583,0.01578078232705593,0.41924265027046204,0.26759791374206543,0.03634486719965935,0.03672046214342117,0.06238993629813194,0.012560286559164524,0.0966983512043953,0.2854098677635193,0.12126652151346207,0.01509319432079792,0.030105644837021828,0.11678621172904968,0.04500477388501167,0.008781364187598228,0.011826747097074986,0.17898786067962646,0.16697832942008972,0.05441492050886154,0.007742184214293957,0.29952389001846313,0.5366865396499634,86.6339340209961,141.07949829101562,28.266202926635742,57.47322463989258,59.3588981628418
01650064_016,orange,1,pass,..\data\raw\raw_images\01650064_016.jpeg,3574.5,356.8355712890625,5.968435287475586,0.3527677655220032,0.719287633895874,0.6766831874847412,0.13819262385368347,1.0,-1.6827562841270817e-16,1.899886033315229e-16,0.6905138492584229,0.050538960844278336,-0.03755372762680054,0.004083187319338322,-0.12037788331508636,0.08297421038150787,0.038543328642845154,0.02678070403635502,-0.05948995053768158,0.030726497992873192,-0.02949071116745472,0.053864262998104095,-0.04660683870315552,0.0574641078710556,-0.01950155198574066,-0.03563399985432625,0.12871849536895752,0.0032035759650170803,0.014399181120097637,0.0767495334148407,0.0063606747426092625,-0.04511340335011482,-0.03732820972800255,0.02084181271493435,0.027979247272014618,0.009378211572766304,0.02344229631125927,-0.002139113610610366,0.0262736938893795,-0.002817218890413642,0.017405826598405838,0.029453041031956673,0.010645275004208088,-0.006950689945369959,-0.015611961483955383,-0.022339625284075737,0.019256696105003357,315.0000305175781,11.511062622070312,31.206655502319336,16.050495147705078,26.34143829345703,7.0855584144592285,15.650253295898438,11.10068416595459,6.028866291046143,0.7641395926475525,4.733929634094238,3.920974016189575,1.196040153503418,1.0192450284957886,3.012777805328369,0.31830987334251404,0.034471623599529266,0.30561017990112305,0.0536217987537384,0.05161239951848984,0.03318648040294647,0.07825815677642822,0.021517647430300713,0.07726816087961197,0.04338135942816734,0.06933237612247467,0.07612697035074234,0.1270221769809723,0.07524745911359787,0.14763928949832916,0.048410944640636444,0.10016980767250061,0.023579329252243042,0.03432958573102951,0.07366687804460526,0.007039409130811691,0.07217153161764145,0.10174019634723663,0.06726256757974625,0.050553400069475174,-0.21460889279842377,-0.06675077229738235,70.50643920898438,166.9364776611328,49.49980163574219,61.78023147583008,51.585506439208984
01650064_006,apple,1,pass,..\data\raw\raw_images\01650064_006.jpeg,3879.5,267.32086181640625,4.291853904724121,0.6822129487991333,0.9044177532196045,0.6536828279495239,0.12571226060390472,1.0,5.788144058525098e-17,-1.171410170105745e-16,0.7701801061630249,-0.02598615549504757,-0.02401701733469963,0.0021690158173441887,0.10262906551361084,0.05890408158302307,0.015063785947859287,-0.04742785915732384,-0.0023656708654016256,-0.0009708437719382346,0.021865181624889374,0.05518987774848938,-0.036384694278240204,0.014219825156033039,-0.01994190365076065,-0.016400989145040512,0.003057087305933237,0.012869996950030327,0.016756415367126465,-0.006924628745764494,0.00775148207321763,0.0021189390681684017,-0.012329044751822948,-0.0007907566614449024,0.009204805828630924,0.0061255465261638165,0.0036311724688857794,0.006238550413399935,0.005806638393551111,0.0014589055208489299,-0.011415718123316765,-0.002881749765947461,-0.0032538522500544786,-0.006682590581476688,0.0073421187698841095,-0.0009485501796007156,0.003323041368275881,222.99998474121094,3.4744608402252197,19.310453414916992,9.555388450622559,4.404689311981201,7.262840747833252,1.9548165798187256,1.1992278099060059,1.9257822036743164,1.54189133644104,1.2632919549942017,0.6993403434753418,1.7670032978057861,0.5954590439796448,0.650014340877533,0.31830987334251404,0.004575994331389666,0.3155362010002136,0.08492153137922287,0.033946555107831955,0.0580836646258831,0.0903543159365654,0.04154239222407341,0.05610270798206329,0.02910849079489708,0.07298310101032257,0.008481711149215698,0.07781544327735901,0.07735449820756912,0.03768828138709068,0.03289267048239708,0.03795802220702171,0.006507749669253826,0.03559739142656326,0.007276210468262434,0.03834633156657219,0.020562894642353058,0.03896426409482956,0.025190744549036026,0.01993601582944393,-0.12835530936717987,0.8050192594528198,127.44839477539062,153.14027404785156,18.31390380859375,59.9287223815918,44.2217903137207
01650064_005,carrot,0,pass,..\data\raw\raw_images\01650064_005.jpeg,2593.5,461.40411376953125,9.060211181640625,0.15308520197868347,0.5588235259056091,0.8113670945167542,0.15094244480133057,-1.0,1.8905636416373075e-16,-2.5207515221830766e-16,-0.7080101370811462,-0.2332349568605423,-0.5829110145568848,0.5270470380783081,0.4729100167751312,-0.1676512360572815,0.23087279498577118,0.12801772356033325,-0.06676920503377914,0.09834739565849304,-0.017663143575191498,-0.023943331092596054,-0.11179190874099731,-0.0779394805431366,-0.18611419200897217,0.0197604913264513,-0.005712409969419241,-0.11568135768175125,-0.02091454528272152,-0.05283641815185547,-0.06461820751428604,-0.025501081719994545,-0.04279666766524315,0.013835875317454338,-0.049175817519426346,0.015093531459569931,0.019687840715050697,0.051312752068042755,0.00880002323538065,0.0033586134668439627,-0.0162015650421381,-0.02374626137316227,-0.036383919417858124,0.06555205583572388,0.007311400957405567,0.05480523407459259,-0.02545730210840702,403.0,37.75141525268555,57.59580612182617,67.2123031616211,8.342769622802734,12.642406463623047,4.4301347732543945,15.131608963012695,10.95759391784668,14.74514102935791,2.0805768966674805,13.19467544555664,4.755594730377197,5.3719658851623535,6.063387870788574,0.31830987334251404,0.041503846645355225,0.24925073981285095,0.13285396993160248,0.13159999251365662,0.014588139951229095,0.11301638931035995,0.07259807735681534,0.04884958267211914,0.17220623791217804,0.07531211525201797,0.051164861768484116,0.1938655823469162,0.07903649657964706,0.07693537324666977,0.05043940246105194,0.17066845297813416,0.07438834756612778,0.051365405321121216,0.11960294842720032,0.08900706470012665,0.01661822572350502,0.0856957733631134,0.049163565039634705,0.06662309169769287,-0.11271338909864426,0.09295029938220978,67.05829620361328,160.7517852783203,56.189178466796875,49.089534759521484,50.830322265625
01650064_001,carrot,0,pass,..\data\raw\raw_images\01650064_001.jpeg,658.5,171.8406219482422,6.696500778198242,0.2802295982837677,0.878000020980835,0.9930194616317749,0.12063895910978317,-1.0,3.6922060291696545e-17,-2.8195026896576285e-16,-0.17035651206970215,0.004523156676441431,0.01611785590648651,0.0022007403895258904,-0.04113384336233139,-0.10365202277898788,0.003973471932113171,-0.0008771870052441955,-0.0517655611038208,-0.0005165304173715413,0.005064014811068773,0.0054636080749332905,-0.00532512878999114,-0.035740725696086884,-1.2259491995791905e-05,0.0010163598926737905,-0.018679089844226837,0.0023519673850387335,0.0020586098544299603,-0.006342772860080004,-0.005009920336306095,-0.015547196380794048,-0.0009168436517938972,-0.00043052935507148504,-0.010473934933543205,0.0022381211165338755,0.00017092567577492446,0.00012566658551804721,-0.0006407494656741619,-0.007593728136271238,0.0008969674236141145,0.0008129320340231061,-0.00815791729837656,0.0013855153229087591,0.001430177129805088,0.004033354576677084,-0.00043171888682991266,159.0,19.44811248779297,55.56144714355469,4.27389669418335,2.6865410804748535,2.3780577182769775,4.292996406555176,0.8974713087081909,1.4361680746078491,0.7422834634780884,1.0335402488708496,0.17099325358867645,0.8032739758491516,0.18490813672542572,0.5536859631538391,0.31830987334251404,6.16895617497634e-17,0.5239261388778687,0.20710551738739014,0.1128949299454689,0.0411282442510128,0.3666220009326935,0.42584994435310364,0.14515794813632965,0.11826404184103012,0.03784378618001938,0.05857749655842781,0.31234121322631836,0.4075554609298706,0.32723692059516907,0.10924945026636124,0.012326262891292572,0.12887360155582428,0.0260311346501112,0.06341543793678284,0.33351078629493713,0.31911152601242065,0.3694068193435669,0.2522325813770294,0.087102010846138,0.3370383083820343,0.9396529793739319,152.5169219970703,207.4276123046875,1.6859482526779175,34.5257568359375,44.79492950439453
01650064_008,apple,1,pass,..\data\raw\raw_images\01650064_008.jpeg,1068.5,153.9238739013672,4.708891868591309,0.5667250156402588,0.8128566145896912,0.5579740405082703,0.1539084017276764,-1.0,2.0756969859407197e-16,-2.6984060949578254e-16,-0.752169668674469,0.001896224683150649,-0.047044865787029266,-0.24505744874477386,0.09374912083148956,-0.04182698577642441,-0.04810323938727379,-0.07527124136686325,-0.05327128246426582,-0.008018694818019867,-0.04645072668790817,0.06293512135744095,-0.028648115694522858,-0.02628422901034355,-0.009243172593414783,0.013955479487776756,-0.004120062571018934,-0.018853813409805298,-0.007259014528244734,0.005753776989877224,-0.02043301984667778,0.0035433797165751457,-0.012204412370920181,0.016727210953831673,7.925657700980082e-05,0.0015234127640724182,0.006304697599261999,0.010739605873823166,0.008583965711295605,0.0026202129665762186,-0.015715360641479492,0.0022094170562922955,0.004925501998513937,0.006169622298330069,0.0007988362340256572,-0.00165412703063339,0.008834654465317726,126.99998474121094,3.0638561248779297,13.004982948303223,14.814556121826172,4.141299724578857,1.0585017204284668,1.3806580305099487,0.5280313491821289,0.657893717288971,0.6123520135879517,0.6999393701553345,0.4526461660861969,0.7961112856864929,0.3517334461212158,0.5624838471412659,0.31830987334251404,2.0134090946753947e-16,0.7480165362358093,0.02446216158568859,0.02109018713235855,0.027068758383393288,0.7301902770996094,0.08844003826379776,0.009675957262516022,0.08147197961807251,0.1123485341668129,0.004833390470594168,0.37234988808631897,0.15250065922737122,0.044238075613975525,0.003677334636449814,0.13694079220294952,0.216820627450943,0.02429814822971821,0.0021824368741363287,0.01732877641916275,0.1673896610736847,0.09365242719650269,0.021078752353787422,0.0010718448320403695,-0.1372779756784439,0.9842255711555481,165.4201202392578,147.65048217773438,3.207145929336548,54.57393264770508,44.079559326171875
01650064_015,cucumber,0,pass,..\data\raw\raw_images\01650064_015.jpeg,1430.0,206.71067810058594,5.466317653656006,0.4205523729324341,0.8335762023925781,0.9633498787879944,0.1264142096042633,-1.0,1.0918532622793749e-16,-2.6689746117164947e-16,-0.3258781135082245,0.0369451604783535,-0.07220959663391113,-0.03234555944800377,-0.002585219917818904,-0.10518310219049454,-0.03603091835975647,-0.029900994151830673,-0.061330292373895645,-0.012437332421541214,-0.0212250966578722,0.006166692823171616,0.020122885704040527,-0.033929549157619476,-0.0031371137592941523,0.02755841240286827,-0.0067858160473406315,0.0040894742123782635,-0.0074216206558048725,0.018840085715055466,-0.006913385819643736,-0.004849695600569248,-0.002708317479118705,-0.0020267749205231667,-0.02203659899532795,0.004827718250453472,-0.009043457917869091,-0.009666030295193195,0.0005280832992866635,-0.0025865156203508377,-0.0028746151365339756,-0.0033905257005244493,0.005805412773042917,0.0015043785097077489,-0.006044077221304178,0.006628507748246193,0.007717710454016924,185.99998474121094,6.008974552154541,55.810787200927734,7.090512275695801,5.697454929351807,3.024380922317505,5.666193962097168,1.5824555158615112,0.5660905838012695,1.7990866899490356,1.6438968181610107,0.5886189937591553,0.97789466381073,0.5495930910110474,0.17568233609199524,0.31830987334251404,1.7546365588222657e-16,0.4458692669868469,0.223195880651474,0.027356218546628952,0.02516588568687439,0.26892340183258057,0.34983208775520325,0.16467083990573883,0.044766344130039215,0.03620132431387901,0.04239658638834953,0.2274310141801834,0.2374763935804367,0.26241058111190796,0.1255483627319336,0.03160187974572182,0.03136548399925232,0.05641552805900574,0.04964620992541313,0.13035087287425995,0.18899933993816376,0.1501041203737259,0.2051386535167694,0.09522714465856552,0.8489656448364258,0.3946548104286194,124.08333587646484,138.8904266357422,10.401363372802734,47.908504486083984,59.015350341796875
01650064_018,orange,1,pass,..\data\raw\raw_images\01650064_018.jpeg,2030.5,172.61016845703125,3.830583095550537,0.8564067482948303,0.9821040034294128,0.6831293106079102,0.10984556376934052,1.0,1.0900051422675844e-16,-1.5571502977743335e-16,0.7909200191497803,-0.008549545891582966,0.007261555176228285,-0.0007779618608765304,0.00417238287627697,0.0346260666847229,0.0037762876600027084,0.002278655767440796,0.03527889400720596,-0.00791365746408701,0.0026529221795499325,-0.0014675301499664783,0.0030632077250629663,0.0015519708395004272,0.00656350702047348,-0.0005430435412563384,0.008032633922994137,-0.0031361314468085766,0.005588677246123552,0.0031160060316324234,-0.005304116755723953,-0.003075270215049386,0.0027296836487948895,-0.0005042278207838535,-0.003516067983582616,0.0025800284929573536,0.002863301197066903,-0.003114166669547558,-0.0011228563962504268,-0.0003997707972303033,0.0009678370552137494,-0.0024008306208997965,0.0016201530816033483,0.0014760908670723438,7.137112697819248e-05,-0.000856540456879884,0.0011308278189972043,148.99998474121094,0.1406775861978531,11.79505729675293,0.9779407382011414,0.9098727703094482,0.8668676018714905,0.8297979235649109,0.6019747257232666,0.15611591935157776,0.3098287582397461,0.17997154593467712,0.12098342180252075,0.22356866300106049,0.1390882432460785,0.1235363781452179,0.31830987334251404,6.296937691699443e-16,0.6234680414199829,0.04938348010182381,0.0011845316039398313,0.0028156228363513947,0.335071325302124,0.13272489607334137,0.008273041807115078,0.002565545029938221,0.00837098341435194,0.002197329653427005,0.1354668140411377,0.10456166416406631,0.02812832221388817,0.0012864542659372091,0.0007655134540982544,0.00773703632876277,0.009410113096237183,0.0008634756086394191,0.27609696984291077,0.05817506089806557,0.030391136184334755,0.0053472393192350864,0.00041339435847476125,0.4578111469745636,0.8326772451400757,157.2084503173828,202.4368438720703,9.153730392456055,61.47736358642578,50.93996047973633
01650064_013,cucumber,0,pass,..\data\raw\raw_images\01650064_013.jpeg,335.0,99.94112396240234,5.460366725921631,0.4214695394039154,0.8897742629051208,0.979684054851532,0.1397092640399933,-1.0,6.494474907073108e-17,-2.0073831170001704e-16,-0.2763496935367584,0.00088450190378353,0.016178756952285767,0.012101675383746624,0.027033960446715355,-0.10821878910064697,0.00334025826305151,0.00240730051882565,-0.06427266448736191,-0.0007727277115918696,0.005896054673939943,-0.014766653999686241,-0.007966342382133007,-0.02490897662937641,-0.0023234165273606777,-0.01346383523195982,-0.029361825436353683,0.0008689779206179082,0.004133462905883789,5.921456977375783e-05,-0.0003849081404041499,-0.012395317666232586,0.0010555210756137967,-0.001213533221744001,-0.008140943013131618,-0.0020981424022465944,0.003264432540163398,0.002612627577036619,-0.0024976213462650776,-0.007828757166862488,0.00012827299360651523,0.001803441671654582,-6.659736391156912e-05,-0.00012528079969342798,0.0019163816468790174,-0.0033990424126386642,0.00020828741253353655,89.99999237060547,3.28869366645813,28.60305404663086,0.7899092435836792,1.9286983013153076,0.45486992597579956,2.1020212173461914,0.1417882740497589,0.7093335390090942,0.056780874729156494,0.5636745095252991,0.09453543275594711,0.521916389465332,0.22741913795471191,0.32082879543304443,0.31830987334251404,1.1315314619023186e-16,0.8164253234863281,0.06266972422599792,0.008261898532509804,0.0035005691461265087,0.9893752336502075,0.25582319498062134,0.012652370147407055,0.03751262649893761,0.014754016883671284,0.001318972441367805,0.8537498712539673,0.5239904522895813,0.07057376205921173,0.002583033638074994,0.08280587941408157,0.0285138338804245,0.007793418597429991,0.00037918120506219566,0.5935317277908325,0.7278788089752197,0.1995496153831482,0.018193885684013367,0.0005384662072174251,0.9331741333007812,0.3307954967021942,128.96588134765625,118.3464584350586,4.0471882820129395,28.891803741455078,41.92375946044922
01650064_012,cucumber,0,pass,..\data\raw\raw_images\01650064_012.jpeg,620.0,107.39696502685547,4.313165664672852,0.6754878163337708,0.9110947847366333,0.799069344997406,0.13415370881557465,-1.0,-5.075131906733374e-17,1.0150263813466748e-16,-0.6380074620246887,0.027834558859467506,0.04311360418796539,0.012521214783191681,0.09611678123474121,-0.061037756502628326,0.04004649817943573,0.011273656040430069,0.0038294480182230473,-0.027206014841794968,0.02883209101855755,-0.026057805866003036,0.032236047089099884,-0.035259272903203964,0.019432272762060165,-0.020087990909814835,-0.002622622298076749,-0.01963771879673004,-0.0033005783334374428,-0.012411882169544697,-0.01813255250453949,-0.008296680636703968,-0.0023532225750386715,-0.015127290971577168,-0.007727772928774357,0.0015831164782866836,-0.004404817242175341,-0.006947164423763752,-0.0017911455361172557,-0.00116373086348176,0.003263298887759447,-0.001618038397282362,-0.004088405054062605,-0.002220918657258153,0.003584306687116623,-0.003331478452309966,-0.0027503916062414646,89.99999237060547,2.277754545211792,10.940213203430176,2.807042121887207,2.9387009143829346,2.8116109371185303,1.5776073932647705,0.5096702575683594,0.42599812150001526,0.1612262725830078,0.40091562271118164,0.020907007157802582,0.30709442496299744,0.4219517409801483,0.34134677052497864,0.31830987334251404,6.086336713650054e-17,0.8395501971244812,0.025696376338601112,0.004955266136676073,0.00352024775929749,1.0687205791473389,0.10552185028791428,0.0035061000380665064,0.02210022322833538,0.016069291159510612,0.0012541958130896091,0.9607446193695068,0.21687687933444977,0.01941649802029133,0.0007053560111671686,0.04665988311171532,0.035910412669181824,0.007890732027590275,0.00028485761140473187,0.6078758835792542,0.29774728417396545,0.05409014970064163,0.005009730812162161,0.00014071007899474353,0.9771443605422974,0.09023181349039078,107.54204559326172,156.4669647216797,5.566163063049316,30.697725296020508,37.89834976196289
01650064_009,apple,1,pass,..\data\raw\raw_images\01650064_009.jpeg,2133.5,221.2375946044922,4.78974723815918,0.5477529168128967,0.8174329400062561,0.5439783930778503,0.12748925387859344,-1.0,1.5200120058530707e-16,-1.9760155017298735e-16,-0.7819528579711914,-0.07188999652862549,0.02160281129181385,-0.0627593919634819,-0.13529600203037262,-0.002547715324908495,0.002134178765118122,0.10695042461156845,-0.15310001373291016,-0.005565596744418144,-0.02527717500925064,-0.07765791565179825,0.10959590971469879,0.025864142924547195,0.02165195904672146,0.00609568040817976,0.0012994525022804737,-0.0019245940493419766,-0.0014009380247443914,0.03637142479419708,-0.014399571344256401,-0.0029717518482357264,-0.0011086317244917154,-0.03591424226760864,0.0028186284471303225,0.005272469017654657,-0.001429426483809948,0.015244491398334503,-0.0019583406392484903,-0.001004361198283732,0.006074713543057442,-0.00421253964304924,-0.0037420333828777075,-0.004241717513650656,0.0004286822222638875,-0.00015695659385528415,0.0031095186714082956,191.0,7.405132293701172,16.35382843017578,4.339850425720215,13.198399543762207,7.7208380699157715,1.3211510181427002,2.584948778152466,1.1193662881851196,0.527472198009491,1.1181955337524414,0.8687043190002441,0.7439403533935547,1.1488789319992065,0.40496546030044556,0.31830987334251404,9.551300214334733e-16,0.5751089453697205,0.04410417377948761,0.03355426341295242,0.03346586227416992,0.2432982623577118,0.10789108276367188,0.005956809036433697,0.07220271974802017,0.11855581402778625,0.01248297281563282,0.13144412636756897,0.07054509967565536,0.010261966846883297,0.01187873538583517,0.004855140578001738,0.16609477996826172,0.036709416657686234,0.008568432182073593,0.1449829339981079,0.04887845739722252,0.03514751046895981,0.041450243443250656,0.003703450784087181,0.02666875533759594,0.9803269505500793,128.2399139404297,151.11614990234375,5.657402992248535,32.257408142089844,52.32426834106445
01650064_002,carrot,0,pass,..\data\raw\raw_images\01650064_002.jpeg,599.5,174.52691650390625,7.128001689910889,0.24732854962348938,0.8888065218925476,0.9958199262619019,0.09156537801027298,-1.0,7.96829039772742e-17,-5.824537358499471e-17,-0.14343199133872986,0.005425628274679184,0.005907528102397919,0.0012844162993133068,-0.022342655807733536,-0.10238521546125412,0.006102950312197208,-0.009341949597001076,-0.044297218322753906,0.0007306747138500214,0.006937247235327959,0.006251779850572348,-0.004489607643336058,-0.035306062549352646,0.0019475804874673486,0.003169794799759984,-0.01877540536224842,9.724719711812213e-05,0.0006356154335662723,-0.0015870127826929092,0.00045151921221986413,-0.017359236255288124,0.0014942637644708157,-0.000511729740537703,-0.009342127479612827,0.0012261413503438234,0.001294323243200779,0.0009648726554587483,-0.0001442240027245134,-0.00907959509640932,0.00013331217633094639,0.0019190824823454022,-0.005481956526637077,0.0005592405213974416,0.0018303474644199014,6.063323235139251e-05,-0.0025229942984879017,165.0,14.565299987792969,60.70161056518555,3.897672176361084,2.2073721885681152,2.1596248149871826,5.194402694702148,1.0652810335159302,1.380228877067566,0.6252967715263367,1.3391330242156982,0.33664923906326294,0.9336153268814087,0.209243044257164,0.6155116558074951,0.31830987334251404,9.495455729168951e-17,0.47903674840927124,0.2317730337381363,0.08441415429115295,0.029958929866552353,0.3059596121311188,0.4386235177516937,0.17361368238925934,0.05839581415057182,0.04727834463119507,0.04639838635921478,0.32150208950042725,0.36071521043777466,0.37374207377433777,0.1345529854297638,0.03495145961642265,0.09733609855175018,0.002839523134753108,0.0534987710416317,0.3444373905658722,0.3009350895881653,0.3625458776950836,0.31167885661125183,0.10757453739643097,0.3273794949054718,0.9430176615715027,144.3382110595703,216.44070434570312,1.7060867547988892,23.129619598388672,38.93502426147461
01650064_011,cucumber,0,pass,..\data\raw\raw_images\01650064_011.jpeg,1320.0,198.85281372070312,5.473243236541748,0.4194887578487396,0.848874568939209,0.9528685212135315,0.15847380459308624,1.0,6.972799044599042e-17,0.0,0.3476957678794861,-0.04501418024301529,0.005809032823890448,-0.022584354504942894,0.06589993834495544,0.09477123618125916,0.02702542580664158,-0.038872938603162766,0.03238789364695549,-0.02027321793138981,0.003417691681534052,-0.007383399643003941,-0.00847961287945509,0.02279227413237095,-0.006655547302216291,-0.019071029499173164,0.03839190676808357,-0.00975835882127285,-0.0027352357283234596,-0.0021463343873620033,0.009882019832730293,0.003167968476191163,0.003786984831094742,0.017627838999032974,0.015031108632683754,-0.01595824770629406,-9.320408571511507e-05,0.010195638053119183,0.007833809591829777,0.0012596860760822892,0.0033116070553660393,-0.0023875408805906773,0.0010284980526193976,-0.009088752791285515,0.005818587262183428,-0.0007101102964952588,-0.010219593532383442,173.99996948242188,10.25748062133789,46.91888427734375,4.030460834503174,3.915546417236328,0.7621839642524719,2.4229021072387695,2.198967456817627,0.895392119884491,2.5607926845550537,0.37691861391067505,0.7791704535484314,0.4727519154548645,0.8619831800460815,0.4696110785007477,0.31830987334251404,1.7866082144630732e-16,0.544106662273407,0.17067375779151917,0.09529279172420502,0.04370769113302231,0.3853819668292999,0.3273543119430542,0.11197560280561447,0.08550707995891571,0.01722179912030697,0.057563502341508865,0.2548937201499939,0.2640075385570526,0.2214866578578949,0.0809415653347969,0.03630043566226959,0.04424034804105759,0.05368086323142052,0.05900873616337776,0.18605343997478485,0.11105465888977051,0.21090474724769592,0.14934568107128143,0.06376436352729797,0.8386887907981873,0.2245941311120987,81.88849639892578,135.36293029785156,15.228536605834961,32.48283767700195,51.631736755371094
01658436_006,orange,1,pass,..\data\raw\raw_images\01658436_006.jpg,63.5,43.55635070800781,5.465936183929443,0.42061102390289307,0.8355262875556946,0.9387179017066956,0.3241344392299652,1.0,1.0575103114329493e-16,3.5250341508616677e-17,0.4114252030849457,0.039608296006917953,-0.10516094416379929,-0.0465603843331337,-0.008792033419013023,0.03399074077606201,-0.016023684293031693,-0.029372457414865494,0.06498036533594131,0.037195365875959396,-0.055242910981178284,-0.015886003151535988,-0.027801260352134705,-0.002010502154007554,-0.0031409324146807194,0.01466447114944458,-0.018587879836559296,0.008023356087505817,-0.029671713709831238,0.03288445621728897,0.008500696159899235,0.017451288178563118,-0.0009777427185326815,0.0014691472752019763,0.0011150053469464183,-0.016326306387782097,-0.0006829241756349802,0.010707853361964226,0.0009858121629804373,0.01894894242286682,-0.008690563961863518,0.006831353064626455,-0.011190110817551613,-0.015139272436499596,0.009654768742620945,0.014750434085726738,0.0014443289255723357,38.9999885559082,0.6058088541030884,9.436691284179688,1.9000554084777832,0.39333343505859375,1.6880295276641846,1.1672152280807495,0.16649524867534637,0.03577200695872307,0.3096408247947693,0.3975909352302551,0.6189749836921692,0.6360037326812744,0.3850877583026886,0.12507033348083496,0.31830987334251404,0.03223526105284691,0.13291959464550018,0.16096189618110657,0.10989934206008911,0.18539327383041382,0.33976107835769653,0.03482406586408615,0.2285490483045578,0.07106233388185501,0.10069649666547775,0.03178570419549942,0.1269763708114624,0.32648706436157227,0.06579259783029556,0.14752064645290375,0.17920510470867157,0.20319120585918427,0.1062806248664856,0.12353498488664627,0.15327970683574677,0.0841153934597969,0.2806320786476135,0.174612358212471,0.047234609723091125,-0.6261830925941467,-0.7339076399803162,28.98548126220703,222.205078125,7.675856113433838,13.604865074157715,19.82225227355957
01658436_007,orange,1,pass,..\data\raw\raw_images\01658436_007.jpg,499.5,142.26702880859375,6.36555814743042,0.31012505292892456,0.5543839931488037,0.7568838000297546,0.17179660499095917,-1.0,4.0829284311037724e-17,-1.633171372441509e-16,-0.33951178193092346,0.01625603809952736,0.06014041602611542,0.21642155945301056,-0.026545340195298195,-0.055553585290908813,0.019921064376831055,0.0459444522857666,-0.14049451053142548,-0.01722564734518528,0.008617200888693333,0.007257633842527866,0.041109416633844376,-0.0045470381155610085,-0.011107441037893295,-0.04429754614830017,-0.04119819402694702,-0.01528568658977747,0.019763784483075142,-0.021903658285737038,-0.01746516488492489,-0.001944060088135302,-0.01611114665865898,0.0033282001968473196,-0.015901723876595497,-0.0028609803412109613,0.011155204847455025,-0.011663638986647129,-3.1103107176022604e-05,0.012406867928802967,-0.010943840257823467,-0.0066194916144013405,0.013889409601688385,0.0028740030247718096,0.008513309061527252,-0.005771148484200239,-0.006654190830886364,116.99999237060547,1.8737291097640991,33.93534851074219,9.090095520019531,4.799256324768066,2.9839377403259277,4.041343688964844,2.1189982891082764,1.701487421989441,1.0405901670455933,1.4665457010269165,0.48990148305892944,0.38892778754234314,0.9543540477752686,0.34745723009109497,0.31830987334251404,8.933940383077334e-17,0.748097836971283,0.07746095955371857,0.025792136788368225,0.02497415989637375,0.7407057881355286,0.291601300239563,0.010181164368987083,0.11558399349451065,0.10121306777000427,0.010304632596671581,0.43043607473373413,0.5233218669891357,0.05572092533111572,0.0019202383700758219,0.2528110444545746,0.18337507545948029,0.05752670392394066,0.001894107786938548,0.1426786184310913,0.5955255031585693,0.1530669778585434,0.010521897114813328,0.001501927967183292,-0.45505934953689575,-0.8299283385276794,28.228981018066406,216.27191162109375,9.500182151794434,4.569223403930664,20.56608009338379
01658436_011,carrot,0,pass,..\data\raw\raw_images\01658436_011.jpg,1248.0,197.39697265625,5.587701320648193,0.40247926115989685,0.8863636255264282,0.9800736904144287,0.14343346655368805,-1.0,3.963000808045629e-17,-1.15841562590368e-16,-0.2735427916049957,-0.004822582006454468,0.013141161762177944,0.0026896181516349316,-0.039007145911455154,-0.10270626842975616,-0.004050882067531347,0.011570265516638756,-0.06674603372812271,-0.0023229203652590513,0.004238409455865622,-0.027032125741243362,-0.0022244127467274666,-0.02496371418237686,-0.004298849031329155,0.009061548858880997,-0.025185374543070793,0.005658354610204697,0.0016233727801591158,0.005474780220538378,-0.0037168909329921007,-0.009704481810331345,-0.002562102861702442,-0.000807590433396399,-0.016932222992181778,0.003772006370127201,0.0010753888636827469,-0.0057493154890835285,0.0008082404965534806,-0.00456757377833128,0.0005885245045647025,-0.000422356155468151,-0.004954154137521982,0.0024030148051679134,0.00044161023106426,0.006935372482985258,0.0037275701761245728,179.99998474121094,11.691298484802246,57.01551055908203,1.9910565614700317,2.1334190368652344,1.7804688215255737,3.6986608505249023,0.8947352170944214,0.2340983748435974,0.9841071963310242,0.4917263686656952,0.6286550164222717,0.30514395236968994,0.3100571930408478,0.39171335101127625,0.31830987334251404,2.887758457431952e-16,0.44780880212783813,0.23067764937877655,0.08294331282377243,0.03366806358098984,0.27967512607574463,0.37235310673713684,0.1728897988796234,0.029348453506827354,0.0522223562002182,0.05224904045462608,0.2616924047470093,0.26250794529914856,0.29301053285598755,0.13294930756092072,0.043310124427080154,0.03864508122205734,0.023554321378469467,0.060900334268808365,0.22583024203777313,0.17901673913002014,0.22476708889007568,0.22075192630290985,0.10493728518486023,0.36753925681114197,0.8244763612747192,118.57804107666016,175.8454132080078,12.963150024414062,49.46214294433594,63.53058624267578
01658436_001,apple,1,pass,..\data\raw\raw_images\01658436_001.jpg,1450.0,153.3380889892578,4.02685546875,0.7749572396278381,0.9514435529708862,0.5458430647850037,0.13769936561584473,1.0,5.79972127837839e-17,-1.9332403709807558e-17,0.8765236139297485,-0.05813388153910637,0.0598301887512207,-0.009468191303312778,0.04285237938165665,0.035068072378635406,0.014923881739377975,0.03828930854797363,0.013163077645003796,-0.023160669952630997,-0.005216360092163086,-0.019445857033133507,-0.030978737398982048,-0.003074011066928506,0.013926868326961994,-0.011035079136490822,0.015527496114373207,-0.0021143804769963026,0.006965234410017729,0.019382517784833908,0.011920860968530178,0.0020626008044928312,0.0034252943005412817,0.013027780689299107,-0.012491216883063316,-0.002889723051339388,0.009015852585434914,-0.007806014735251665,-0.00843090657144785,0.001236087060533464,0.008887293748557568,-0.009127864614129066,0.0057182880118489265,0.0016577714122831821,0.004122787155210972,-0.0030920691788196564,9.587076056050137e-05,125.99998474121094,0.3298328220844269,6.120274543762207,5.561741828918457,3.216651201248169,1.2276568412780762,0.9885724782943726,1.4550247192382812,1.4192454814910889,0.6393364667892456,0.07643543928861618,0.24162650108337402,0.4548327326774597,0.3655099868774414,0.13325703144073486,0.31830987334251404,1.9673058854497311e-16,0.718665361404419,0.02119060419499874,0.003690949408337474,0.011763070710003376,0.6117970943450928,0.07141828536987305,0.005238454323261976,0.013237794861197472,0.04886092245578766,0.0009989258833229542,0.14544278383255005,0.10081466287374496,0.024951593950390816,0.00039134229882620275,0.018154555931687355,0.0922996997833252,0.004946240223944187,0.00048263606731779873,0.2736269235610962,0.05965905636548996,0.055345792323350906,0.0019986547995358706,0.00036123080644756556,0.22216860949993134,0.6218487620353699,94.95508575439453,148.84808349609375,26.099271774291992,53.25168228149414,59.33050537109375
01658436_008,orange,1,pass,..\data\raw\raw_images\01658436_008.jpg,77.5,72.52690887451172,8.238502502441406,0.1851455122232437,0.5762081742286682,0.9580674171447754,0.2990894019603729,1.0,-6.318830714059108e-17,-9.191026793969835e-17,0.29529082775115967,-0.03043060004711151,-0.2327955812215805,-0.04998031258583069,0.08549575507640839,0.0665537491440773,0.014788885600864887,0.06486308574676514,-0.05724215880036354,-0.018119417130947113,-0.07657472044229507,0.07890347391366959,0.04988264665007591,0.0017271962715312839,0.04054974764585495,-0.03485662117600441,0.04355703666806221,-0.03139171376824379,-0.0055580721236765385,0.0021312835160642862,-0.0004361596656963229,-0.00621566129848361,-0.007001957856118679,0.000575364800170064,0.011571983806788921,0.03528566658496857,0.005335533060133457,0.007737059146165848,-0.029419446364045143,-0.0029947294387966394,0.023502128198742867,0.021156685426831245,-0.007836067117750645,0.013637327589094639,0.007834491319954395,0.01973654329776764,-0.0009763283305801451,62.9999885559082,12.472959518432617,15.061266899108887,8.205775260925293,2.8685970306396484,2.0912587642669678,0.4792376458644867,0.8682489395141602,0.5864511728286743,1.053937554359436,1.4226568937301636,0.5483894348144531,0.41991353034973145,0.22188915312290192,0.15198324620723724,0.31830987334251404,0.017043471336364746,0.27153292298316956,0.057330936193466187,0.16465528309345245,0.11429701745510101,0.3240908980369568,0.22538477182388306,0.06274266541004181,0.19490160048007965,0.2761099338531494,0.09224146604537964,0.4200376272201538,0.285684734582901,0.13452765345573425,0.06686702370643616,0.04810543358325958,0.32846125960350037,0.17566576600074768,0.06280145049095154,0.0950431376695633,0.09024015814065933,0.12781687080860138,0.059816911816596985,0.0681982934474945,-0.22514747083187103,-0.40598076581954956,67.59178161621094,214.88218688964844,35.490325927734375,63.46842956542969,12.052389144897461
01658436_005,apple,1,pass,..\data\raw\raw_images\01658436_005.jpg,4062.0,306.39190673828125,4.80736780166626,0.5437448620796204,0.8471324443817139,0.5646918416023254,0.1546705961227417,-1.0,3.682072338746941e-16,-3.682072338746941e-16,-0.86875981092453,0.03894307464361191,0.0992279127240181,-0.04085438326001167,0.004553546197712421,0.004624604247510433,0.060638513416051865,-0.012406926602125168,-0.01702957972884178,-0.005634508095681667,0.06386340409517288,-0.02266121283173561,0.039419692009687424,-0.05221450328826904,0.011877696961164474,0.012468787841498852,0.04299519956111908,-0.0169632900506258,0.008122939616441727,-0.03270053118467331,-0.03751302510499954,-0.04779503867030144,-0.01855277456343174,-0.009643260389566422,0.021708941087126732,0.014856742694973946,-0.019134588539600372,-0.0073018753901124,0.0024696593172848225,7.287224434548989e-05,-0.002091779373586178,-0.004919215105473995,-0.0322415791451931,0.0027896494138985872,-0.0010468950495123863,0.005287282168865204,0.0021529216319322586,259.9999694824219,2.4763545989990234,11.739615440368652,10.101234436035156,4.255859851837158,6.459947109222412,11.426950454711914,3.9881937503814697,5.211441516876221,3.4164130687713623,2.9807589054107666,1.1443501710891724,2.0371038913726807,0.7407351136207581,1.4465017318725586,0.31830987334251404,0.00030696793692186475,0.28580209612846375,0.06997869163751602,0.006574852392077446,0.03278695046901703,0.1118040457367897,0.037092190235853195,0.02089904062449932,0.0037744033616036177,0.05167423188686371,0.02724493108689785,0.0465029701590538,0.06749062985181808,0.005115223117172718,0.0447872169315815,0.010423511266708374,0.026986554265022278,0.06415428966283798,0.03187429904937744,0.04155728593468666,0.03200539946556091,0.013297035358846188,0.04424680769443512,0.03649590536952019,-0.09491711854934692,-0.03976886719465256,81.26949310302734,149.0484161376953,61.093040466308594,23.53130531311035,66.95578002929688
01658436_010,orange,1,pass,..\data\raw\raw_images\01658436_010.jpg,2.0,11.656854629516602,8.242634773254395,0.18495970964431763,0.3999999165534973,0.07532177120447159,0.12845459580421448,1.0,1.1726305592942813e-16,1.2246468525851679e-16,0.23429693281650543,-0.046636950224637985,-8.249438500022353e-17,-5.67960340377936e-17,0.10750208795070648,0.15908022224903107,-9.242795189502945e-19,4.886091771853262e-18,-0.11163493245840073,0.001850074389949441,-7.221862465294269e-18,2.211999244794391e-17,-0.09652461111545563,0.05168759077787399,1.6544983716516166e-17,-1.1914616071804592e-17,0.01387776155024767,0.009998482652008533,-1.5256443117311688e-17,-8.125855896709583e-18,0.02774272859096527,0.027222314849495888,-2.1080805444393542e-18,2.8191929932362887e-17,0.002316002966836095,-0.0008714747964404523,-1.787853948465578e-17,6.036546975501201e-18,-0.000195127387996763,0.017184941098093987,4.0300315544199863e-17,1.7270305308439414e-17,-0.0013258588733151555,-0.0015293406322598457,-1.840443362115678e-18,9.163026233926547e-18,0.0029239135328680277,9.999993324279785,1.7453582286834717,2.412019729614258,0.2546433210372925,0.9213102459907532,0.6666660904884338,0.9213102459907532,0.2546433210372925,2.412019729614258,1.7453582286834717,0.31830987334251404,0.055713873356580734,0.43546783924102783,0.6864185929298401,0.034831512719392776,0.053546030074357986,0.420951247215271,0.3785247206687927,0.9204800724983215,0.09244687110185623,0.10752967745065689,0.02195090241730213,0.3265693783760071,0.07058070600032806,0.13539369404315948,1.0374376773834229,0.5517154335975647,0.36573362350463867,0.24214908480644226,0.045357514172792435,0.09442201256752014,0.34466633200645447,0.2926073968410492,0.11198843270540237,1.0688103437423706,-0.5787562131881714,-0.8153390884399414,54.0,243.13157653808594,0.4650055170059204,0.0,4.143295764923096,,,,,
01658436_004,apple,1,pass,..\data\raw\raw_images\01658436_004.jpg,4886.5,325.7228698730469,4.65960693359375,0.578777015209198,0.9088626503944397,0.5816616415977478,0.1355164498090744,-1.0,2.445570201273765e-16,-2.955063960118575e-16,-0.8125171661376953,0.0211810152977705,-0.04252375662326813,0.07468019425868988,-0.008270558901131153,0.03002866916358471,-0.08187786489725113,0.016255563125014305,0.007203761022537947,-0.03794996067881584,-0.015660474076867104,0.028241191059350967,-0.015468106605112553,-0.03698364645242691,-0.00226660817861557,0.02369454689323902,0.00015524745685979724,0.008936135098338127,0.03161820024251938,0.02299785241484642,-0.04480612277984619,-0.002800154499709606,0.01314285397529602,-0.001518597244285047,-0.02428555302321911,0.03483409434556961,0.018201913684606552,-0.0026269962545484304,-0.008031817153096199,0.012472417205572128,-0.017004966735839844,-0.006589334458112717,-0.009117718786001205,-0.00359830423258245,0.011152110993862152,-0.005018459167331457,0.012282229028642178,292.9999694824219,2.2467639446258545,15.154485702514648,1.7358949184417725,7.240321159362793,4.675595760345459,6.648819923400879,8.624034881591797,2.6614720821380615,5.993187427520752,2.6852173805236816,1.998613953590393,2.674070358276367,1.3949904441833496,0.6884825229644775,0.31830987334251404,0.0037812180817127228,0.18293803930282593,0.06835001707077026,0.01867399550974369,0.025778725743293762,0.12029522657394409,0.026071229949593544,0.025929365307092667,0.024470819160342216,0.019687853753566742,0.04184815660119057,0.004495867528021336,0.03487483412027359,0.006304953247308731,0.0023332422133535147,0.008013914339244366,0.007236836943775415,0.026168093085289,0.021329764276742935,0.04488435387611389,0.04544074833393097,0.02363453432917595,0.036676131188869476,0.007893014699220657,-0.18372131884098053,-0.2696905732154846,68.73658752441406,136.38299560546875,42.873714447021484,25.11467742919922,67.16686248779297
01658436_009,orange,1,pass,..\data\raw\raw_images\01658436_009.jpg,1.5,6.242640495300293,5.097090721130371,0.48368704319000244,0.7499996423721313,0.7997250556945801,1.0560609102249146,-1.0,-0.0,-5.51199576672468e-17,-0.5009528398513794,-0.09109309315681458,-0.028312839567661285,-0.22532913088798523,0.09715820103883743,-0.008396407589316368,0.0006027009221725166,0.0038744350895285606,-0.13052868843078613,-0.029119407758116722,-0.04919484630227089,-0.019138135015964508,0.0034454530104994774,0.005216434132307768,-0.0014096805825829506,-0.028826884925365448,0.0060522062703967094,-0.008689413778483868,-0.02302059717476368,0.012609623372554779,-0.010448792949318886,-0.0006127651431597769,-0.015627872198820114,-0.011851484887301922,-0.006704471539705992,-0.0022731530480086803,0.0002526635362301022,0.014577173627912998,-0.0034043830819427967,0.0031883125193417072,-0.010356355458498001,0.002163950353860855,-0.0015187168028205633,0.0007860952173359692,0.0006527765654027462,-0.004886315669864416,-0.010327130556106567,4.999994277954102,0.3674289584159851,1.4676833152770996,1.4676833152770996,0.3674289584159851,0.31830987334251404,6.247199519989976e-17,0.9495787620544434,0.001888439990580082,0.00017512141494080424,0.00018584373174235225,1.5649937391281128,0.009326289407908916,2.0623072487069294e-05,0.0010416273726150393,0.0011036471696570516,3.2542998269491363e-06,2.154639720916748,0.02563202567398548,0.00014288572128862143,1.0450143861362449e-07,0.0034300237894058228,0.0036261030472815037,2.5775314497877844e-05,4.0869135631282916e-08,2.7095563411712646,0.05357055366039276,0.0005436172359623015,9.303261663262674e-07,1.3077406935124714e-09,0.5957499146461487,0.8030152320861816,173.14285278320312,205.14285278320312,0.45166265964508057,5.890151023864746,0.83299320936203,,,,,,,,,,
014245930_006,orange,1,pass,..\data\raw\raw_images\014245930_006.jpg,205.5,101.15432739257812,7.056324005126953,0.2523787319660187,0.6815920472145081,0.9141360521316528,0.3093715012073517,-1.0,2.6896409583149685e-17,-7.172375888839916e-17,-0.3653058707714081,0.006832912098616362,0.06033652648329735,-0.1359378844499588,0.05058722570538521,-0.10946984589099884,-0.18134449422359467,0.018385684117674828,-0.1441265493631363,0.017556151375174522,0.0006896505947224796,0.016208024695515633,0.04034344106912613,-0.030242612585425377,-0.018466077744960785,-0.03812011703848839,0.028140058740973473,0.018065493553876877,-0.014912149868905544,0.03141134977340698,-0.0404474139213562,0.02340291067957878,-0.019156038761138916,0.038696907460689545,-0.004719610791653395,-0.02848580665886402,-0.004418738652020693,-0.007050545886158943,-0.010101810097694397,-0.011811853386461735,-0.015376253053545952,-0.002249715384095907,-0.005359360948204994,-0.008204666897654533,0.029178110882639885,0.017935506999492645,-0.007063909433782101,84.99999237060547,9.508090019226074,24.167537689208984,2.3736841678619385,4.52204704284668,1.328436017036438,2.4882400035858154,0.24423164129257202,1.307770848274231,0.823414146900177,0.5840938687324524,0.6039657592773438,1.4991730451583862,1.3955943584442139,0.6903294324874878,0.31830987334251404,0.027248790487647057,0.3727739453315735,0.09004977345466614,0.40063607692718506,0.1050761342048645,0.22445857524871826,0.08897959440946579,0.09062772244215012,0.3914233446121216,0.047097347676754,0.11312951147556305,0.11285252124071121,0.07815800607204437,0.08809684962034225,0.14360828697681427,0.1022149845957756,0.2099880576133728,0.03663760796189308,0.1474597007036209,0.41377708315849304,0.385097473859787,0.16579075157642365,0.09515544772148132,0.13423068821430206,0.23866751790046692,0.496597558259964,96.4366226196289,218.84976196289062,31.27923011779785,40.25768280029297,9.171772003173828
014245930_007,orange,1,pass,..\data\raw\raw_images\014245930_007.jpg,3327.5,221.2375946044922,3.8353047370910645,0.8542993664741516,0.9817082285881042,0.6540059447288513,0.12010718882083893,-1.0,-6.936639340429654e-17,8.786409742978296e-17,-0.8137856125831604,0.005084181670099497,-0.001074112136848271,0.009147577919065952,0.0009488386567682028,-0.031191695481538773,0.0019637930672615767,0.004242392722517252,-0.03460627421736717,0.0026900488883256912,0.0005387887940742075,0.0019442358752712607,-0.004416932351887226,0.003210522001609206,-7.075387838995084e-05,-0.0036859423853456974,-0.007752129342406988,0.005490109324455261,-0.0018190799746662378,-0.004489429760724306,-0.006023801397532225,0.006020566914230585,-0.00039927763282321393,0.0029469048604369164,0.0019351786468178034,0.0027228735852986574,-0.003368792124092579,-0.002392493886873126,0.004233730025589466,0.0033861661795526743,0.0011195248225703835,-0.00018808715685736388,7.514478784287348e-05,-0.0014243398327380419,-0.0014727781526744366,0.0032436572946608067,0.002764069940894842,190.99998474121094,0.3848302662372589,13.487381935119629,0.5856043696403503,0.563835084438324,0.4595974087715149,1.3625242710113525,0.8345345854759216,0.5249828696250916,0.49129942059516907,0.18176494538784027,0.5048707127571106,0.2329767793416977,0.47251856327056885,0.2820494771003723,0.31830987334251404,2.9793603061171764e-17,0.42104366421699524,0.07135152071714401,0.0011105266166850924,0.0029110005125403404,0.04687412083148956,0.09203571826219559,0.014984246343374252,0.0006431038491427898,0.0037980983033776283,0.0035511120222508907,0.18678320944309235,0.06737468391656876,0.01800980605185032,0.0010402188636362553,0.0030016102828085423,0.0034051910042762756,0.006518122740089893,0.004964952822774649,0.03709566220641136,0.0986064225435257,0.029190031811594963,0.00883258506655693,0.0028557388577610254,0.5131471753120422,0.8229857087135315,141.90975952148438,142.5554962158203,7.087690353393555,51.096771240234375,34.45623779296875
014245930_009,orange,1,pass,..\data\raw\raw_images\014245930_009.jpg,2892.5,222.55130004882812,4.138028144836426,0.7338764667510986,0.9429503083229065,0.6717818379402161,0.14150570333003998,-1.0,3.9317135285564235e-17,-2.6211424626616973e-17,-0.7910354137420654,0.040425289422273636,-0.040381114929914474,0.011362734250724316,0.048170384019613266,-0.0523650124669075,-0.02740064635872841,0.03201740235090256,-0.01048038899898529,-0.01659238152205944,-0.012326616793870926,0.05041242018342018,0.010594544000923634,-0.026664990931749344,0.011428160592913628,0.02613551914691925,-0.008102910593152046,-0.008212332613766193,0.024128630757331848,0.004012607503682375,-0.015484464354813099,0.0023256908170878887,0.010941149666905403,-0.005261236801743507,-0.017980510368943214,0.009276799857616425,0.0022266805171966553,-0.00605218717828393,-0.006520851049572229,0.0014483521226793528,-0.007515771314501762,-0.0033501118887215853,-0.00013412816042546183,-0.0020246810745447874,-0.0020916275680065155,-0.0012207304826006293,-0.004431675188243389,188.99998474121094,1.3759685754776,14.540510177612305,5.338634490966797,4.288933277130127,3.8514819145202637,3.1819798946380615,2.101914882659912,1.209871768951416,0.5085656046867371,0.8779789805412292,0.12563614547252655,0.6301671862602234,0.4474567174911499,0.24862857162952423,0.31830987334251404,8.633791478890914e-16,0.4692758619785309,0.06781194359064102,0.0327875055372715,0.015217631123960018,0.030881818383932114,0.09419101476669312,0.026748983189463615,0.061524294316768646,0.04120732098817825,0.010559333488345146,0.2028995156288147,0.06950409710407257,0.052309297025203705,0.015276278369128704,0.01728823035955429,0.04325621575117111,0.025098787620663643,0.010781134478747845,0.02862941101193428,0.16275309026241302,0.026988837867975235,0.04319754242897034,0.007819370366632938,0.506122887134552,0.8404926657676697,144.62657165527344,143.31849670410156,5.5940022468566895,49.22868347167969,32.82206344604492
014245930_001,apple,1,pass,..\data\raw\raw_images\014245930_001.jpg,2261.5,231.86500549316406,4.875699043273926,0.5286108255386353,0.8130505084991455,0.8892571330070496,0.15799763798713684,-1.0,9.59825177999663e-17,-1.0798033583368454e-16,-0.5123416781425476,-0.003503733081743121,0.017124056816101074,0.14772339165210724,0.0046195536851882935,-0.06124649569392204,0.004629390314221382,0.01800629496574402,-0.10190557688474655,0.0008601691224612296,-0.00096040905918926,0.006512011401355267,-0.010503697209060192,-0.005207942798733711,0.0074982852675020695,0.01117154210805893,-0.024890229105949402,0.010144316591322422,0.004587678238749504,-0.027271445840597153,-0.009036855772137642,-0.00726271839812398,-0.001992374425753951,-0.0013009656686335802,0.006581663154065609,0.008797277696430683,0.002148793311789632,0.00035853812005370855,-0.015152161940932274,-0.0025944437365978956,-0.003551656613126397,-0.004512731451541185,0.0015472270315513015,0.004524399526417255,0.0025870511308312416,-0.005983009003102779,0.0012907710624858737,194.99998474121094,4.175682067871094,41.70981216430664,7.5586676597595215,1.1288203001022339,1.7605705261230469,0.9200444221496582,0.8567460775375366,0.2322877049446106,1.812153697013855,0.5489739179611206,1.3758220672607422,1.318013072013855,0.20400531589984894,0.16235919296741486,0.31830987334251404,9.022138615152474e-16,0.395352840423584,0.1938433051109314,0.04054383188486099,0.05425392836332321,0.04325537756085396,0.3228626549243927,0.07943642139434814,0.04267825558781624,0.03785019740462303,0.06635604798793793,0.011998427100479603,0.11854061484336853,0.14655540883541107,0.014120741747319698,0.09775075316429138,0.07704057544469833,0.10276532918214798,0.04463622346520424,0.00974832009524107,0.03136498108506203,0.0359620563685894,0.02454032376408577,0.01166793704032898,0.1984342336654663,0.7646479606628418,78.89616394042969,165.53414916992188,19.67141342163086,37.404117584228516,36.6303825378418
014245930_003,apple,1,pass,..\data\raw\raw_images\014245930_003.jpg,3348.5,225.72286987304688,3.900770425796509,0.8258649706840515,0.9762390851974487,0.6513616442680359,0.1203373521566391,1.0,-9.873681086408617e-18,-1.5190278594474796e-17,0.797436535358429,0.015038584358990192,0.015647755935788155,0.0211980938911438,0.011523416265845299,0.030052820220589638,0.0022321604192256927,0.009874196723103523,0.013859010301530361,0.0005204741028137505,0.008580917492508888,-0.004899648949503899,0.021888835355639458,0.006525649223476648,0.006379290483891964,-0.0023231084924191236,-0.005208491813391447,-0.005483498331159353,0.0016574689652770758,-0.005245397798717022,0.0027839052490890026,0.004717142786830664,-0.00044119192170910537,-0.005830277688801289,-0.0077238804660737514,-0.0063580796122550964,-0.00017950445180758834,0.001872061169706285,0.0028891884721815586,0.008590629324316978,-0.000930044159758836,0.0004389219975564629,-0.001185252913273871,-0.006384768057614565,0.00019114963652100414,-0.0007391919498331845,0.0015701388474553823,192.99998474121094,0.861089289188385,13.671507835388184,2.6431210041046143,1.657528042793274,1.1861991882324219,0.6704191565513611,0.813798725605011,0.8707807064056396,0.8683228492736816,1.0266833305358887,0.7854622602462769,0.448709636926651,0.6051269173622131,0.5731569528579712,0.31830987334251404,4.3341964403326855e-15,0.41669487953186035,0.07064265012741089,0.006166011095046997,0.016847556456923485,0.04828323423862457,0.08492404222488403,0.020282970741391182,0.0049458337016403675,0.028726700693368912,0.01022065244615078,0.184449702501297,0.06810454279184341,0.02138727903366089,0.008939000777900219,0.015592793002724648,0.009207057766616344,0.017996251583099365,0.006232856307178736,0.034192632883787155,0.08496874570846558,0.035214148461818695,0.012667122296988964,0.006026049144566059,0.31276288628578186,0.6922963857650757,95.50202941894531,147.85142517089844,21.240983963012695,40.47185134887695,42.6086311340332
014245930_019,carrot,0,pass,..\data\raw\raw_images\014245930_019.jpg,669.0,156.42640686035156,6.047793865203857,0.3435704708099365,0.8203555941581726,0.9883216619491577,0.10767238587141037,-1.0,5.0235389975672166e-17,-1.0419192142008558e-16,-0.21460317075252533,0.003086067968979478,-0.005234177224338055,-0.02228580042719841,-0.032621290534734726,-0.09330858290195465,0.004954599775373936,-0.03055473044514656,-0.06631238013505936,0.007504776120185852,0.006150755565613508,0.003348965896293521,-0.015669267624616623,-0.02684502862393856,-0.0017070205649361014,-0.01198085118085146,-0.03596816584467888,0.007106475066393614,0.0016494026640430093,-0.003871584078297019,-0.0029454317409545183,-0.013400021940469742,-0.0008955103694461286,0.0004229468177072704,-0.012804312631487846,0.003465761663392186,0.0003720751265063882,0.004393886774778366,0.0022968135308474302,-0.005050367675721645,-0.0008566891774535179,0.003621573792770505,-0.005242539569735527,0.0010663953144103289,-0.0019870868418365717,0.0003335083310957998,0.006753832567483187,143.99996948242188,11.369355201721191,49.33244323730469,2.733586549758911,2.3262557983398438,1.8604503870010376,3.1520023345947266,0.54042649269104,0.793897271156311,0.872109591960907,0.42926025390625,0.1342363804578781,0.47003206610679626,0.270674467086792,0.08643563836812973,0.31830987334251404,2.4779808582092667e-16,0.5989371538162231,0.16726742684841156,0.05235856771469116,0.0216680895537138,0.41057324409484863,0.4501461088657379,0.08770320564508438,0.0999106913805008,0.022960498929023743,0.025245433673262596,0.2767719626426697,0.4882061183452606,0.2972700595855713,0.047052253037691116,0.046467866748571396,0.08389061689376831,0.061253368854522705,0.020862599834799767,0.3502352237701416,0.32454803586006165,0.4242503345012665,0.1866750866174698,0.026242004707455635,0.28234365582466125,0.9326338171958923,111.51751708984375,211.63880920410156,6.51981782913208,34.554176330566406,30.444177627563477
014245930_005,apple,1,pass,..\data\raw\raw_images\014245930_005.jpg,3132.5,292.492431640625,5.225996017456055,0.46012061834335327,0.8433167338371277,0.6334823369979858,0.17954471707344055,-1.0,1.8563441723127238e-16,-2.1215362914637543e-16,-0.8490556478500366,-0.007497138809412718,0.22082173824310303,-0.1232900470495224,-0.04260004311800003,0.006685072556138039,-0.0028510151896625757,0.16909092664718628,-0.06712216883897781,-0.004192092455923557,0.034080374985933304,0.021044356748461723,0.07289247214794159,0.061455849558115005,0.011857221834361553,-0.02338409051299095,-0.024096880108118057,0.02995392307639122,0.05033029243350029,0.02388749271631241,-0.010633767582476139,-0.012636144645512104,0.025737212970852852,-0.027414944022893906,0.01065739057958126,6.695756746921688e-05,-0.031638920307159424,0.0054024080745875835,-0.017837559804320335,0.01701951026916504,-0.005689157173037529,0.0013078380143269897,0.008154056966304779,6.585821392945945e-05,-0.0051610530354082584,-0.00762174092233181,-0.008125530555844307,248.99998474121094,9.352092742919922,18.62371253967285,12.920957565307617,15.799378395080566,4.896698474884033,7.7696967124938965,2.335068464279175,1.1254912614822388,1.0399435758590698,1.5735193490982056,0.9499834179878235,1.2264460325241089,1.6481602191925049,1.2708170413970947,0.31830987334251404,0.00019567611161619425,0.4070098400115967,0.06550078839063644,0.02372346818447113,0.03757522255182266,0.018166182562708855,0.10165291279554367,0.03186238557100296,0.05520752817392349,0.06310031563043594,0.05803316831588745,0.1278502494096756,0.009969469159841537,0.06354149430990219,0.017865194007754326,0.015959134325385094,0.0527980662882328,0.10518664866685867,0.02052305079996586,0.0405229851603508,0.05834556370973587,0.06648074835538864,0.02702784165740013,0.019551528617739677,0.32968607544898987,0.5955443382263184,92.02363586425781,137.6942901611328,25.1259822845459,53.56230163574219,49.97402572631836
014245930_004,apple,1,pass,..\data\raw\raw_images\014245930_004.jpg,1317.0,331.5046081542969,9.134750366210938,0.15059705078601837,0.5190147757530212,0.9019575715065002,0.1754651814699173,-1.0,3.096752455161722e-17,-6.3523132481759685e-18,-0.30543458461761475,0.010913542471826077,0.14516712725162506,0.014591731131076813,-0.1013849675655365,-0.07448296248912811,0.14553037285804749,-0.12816835939884186,-0.12751425802707672,-0.02004825510084629,0.04242969676852226,0.17166614532470703,-0.03615031763911247,-0.060429055243730545,0.03296051546931267,-0.06347382068634033,0.02135462686419487,-0.039711274206638336,-0.034599483013153076,0.010086987167596817,0.07097801566123962,0.04784175008535385,0.00390424020588398,0.02896643616259098,-0.03070165030658245,0.03536935895681381,0.011995428241789341,0.01266285590827465,0.004118949640542269,-0.008770440705120564,0.04148270934820175,-0.009678238071501255,-0.005557251162827015,0.028992388397455215,0.008948237635195255,0.011454053223133087,0.0019994473550468683,276.0,29.509929656982422,79.1089096069336,9.682084083557129,17.015216827392578,9.851353645324707,6.728370666503906,5.917543888092041,8.294575691223145,9.88149356842041,3.133916139602661,2.5704684257507324,4.958428382873535,2.233621835708618,1.7460813522338867,0.31830987334251404,0.0005377148627303541,0.38179630041122437,0.2200695276260376,0.08969559520483017,0.04989401251077652,0.17188097536563873,0.2975251078605652,0.12739421427249908,0.006778028327971697,0.07834366708993912,0.09233909845352173,0.038094088435173035,0.2549245357513428,0.16612441837787628,0.0708930566906929,0.1560814529657364,0.13130846619606018,0.02831486612558365,0.10763687640428543,0.16778704524040222,0.2565643787384033,0.1622803956270218,0.08904339373111725,0.0211812611669302,0.2790587544441223,0.5146218538284302,83.42198944091797,189.20687866210938,29.645681381225586,38.637115478515625,27.66019630432129
014245930_017,carrot,0,pass,..\data\raw\raw_images\014245930_017.jpg,1398.0,216.30865478515625,5.7852253913879395,0.3754647970199585,0.7426294684410095,0.9143269658088684,0.17740000784397125,-1.0,3.989043762451249e-17,-9.307768448180669e-17,-0.4237155318260193,-0.0751863569021225,-0.11171241849660873,-0.15388402342796326,0.03723491355776787,-0.0575183629989624,0.03727804496884346,0.039080891758203506,-0.04901998117566109,-0.03406975418329239,-0.04681025817990303,0.0032377124298363924,-0.043488238006830215,0.005007571540772915,0.02285393327474594,-0.014390655793249607,-0.00937428418546915,-0.02533356100320816,-0.031179750338196754,0.016061363741755486,-0.003887145547196269,0.0019149967702105641,0.01694459281861782,0.022003689780831337,0.002422655699774623,-0.011886360123753548,-0.015391092747449875,-0.0015361938858404756,-0.014104231260716915,0.0020474796183407307,0.0004087473498657346,0.0024324250407516956,0.02031451091170311,-0.0014348139520734549,-0.008051298558712006,0.004213894251734018,0.008532041683793068,183.99998474121094,5.470338344573975,43.65477752685547,19.608030319213867,7.305311679840088,3.738360643386841,1.4045840501785278,3.8622941970825195,2.056097984313965,1.9437793493270874,1.202635407447815,1.4946666955947876,0.8018627166748047,0.8159375190734863,0.6096884608268738,0.31830987334251404,2.1296991744462236e-15,0.5461801886558533,0.14626269042491913,0.06349260360002518,0.07209596782922745,0.3548122048377991,0.2984646260738373,0.06074167415499687,0.14925700426101685,0.12560045719146729,0.08190793544054031,0.1986379474401474,0.24721288681030273,0.1355770081281662,0.008875323459506035,0.09111368656158447,0.06591348350048065,0.18117910623550415,0.06394090503454208,0.057401143014431,0.1669377088546753,0.11291269212961197,0.032903194427490234,0.02099960297346115,0.03531957417726517,0.285501092672348,58.96847915649414,178.82830810546875,45.22221374511719,55.4946403503418,42.02199935913086
014245930_008,orange,1,pass,..\data\raw\raw_images\014245930_008.jpg,36.5,28.727922439575195,4.7550787925720215,0.5557689666748047,0.8390804529190063,0.877108633518219,0.48835140466690063,-1.0,-4.673316020168185e-17,-9.34663204033637e-17,-0.5131063461303711,-0.03777149319648743,0.025408977642655373,-0.041663553565740585,-0.030344577506184578,-0.05941799655556679,-0.015479329973459244,0.03484850749373436,-0.04137958213686943,-0.002629835857078433,0.04391903430223465,0.02991558611392975,-0.025578424334526062,-0.02977640926837921,-0.0083216093480587,-0.0027608820237219334,0.005112368147820234,0.006524003576487303,0.0241683479398489,-0.001828240230679512,-0.01630692556500435,-0.02475643716752529,-0.0004041187057737261,0.01714961603283882,0.03640993684530258,0.010688847862184048,0.0014492111513391137,-0.029397891834378242,-0.010526308789849281,-0.010924691334366798,0.00612262636423111,-0.006599157117307186,-0.0026732897385954857,0.0038592100609093904,0.0022271480411291122,-0.00047459674533456564,0.009968487545847893,24.999996185302734,0.5222412347793579,4.616841793060303,0.3451208472251892,0.25553521513938904,0.9731666445732117,0.4379518926143646,0.3469635844230652,0.727012574672699,0.6986108422279358,0.26239991188049316,0.3549836277961731,0.28630712628364563,0.28630712628364563,0.3549836277961731,0.31830987334251404,0.24259242415428162,0.5703471899032593,0.1662312150001526,0.5940060615539551,0.11267529428005219,0.1828165054321289,0.5123218297958374,0.07057741284370422,0.4758205711841583,0.42383480072021484,0.0421186126768589,0.28840571641921997,0.6191965937614441,0.30697908997535706,0.025364531204104424,0.08861847966909409,0.6992016434669495,0.2031240463256836,0.01566198840737343,0.2717033922672272,0.24004347622394562,0.6102985143661499,0.13303142786026,0.009921194985508919,-0.2109786719083786,-0.25946733355522156,102.80606079101562,242.448486328125,42.40205383300781,24.896608352661133,10.85351848602295
014245930_002,apple,1,pass,..\data\raw\raw_images\014245930_002.jpg,2039.5,235.86500549316406,5.222778797149658,0.46068763732910156,0.7691872715950012,0.852645754814148,0.16238068044185638,-1.0,1.2228909797552893e-16,-1.9566255940782425e-16,-0.47202053666114807,-0.06560835242271423,0.014196879230439663,-0.22679032385349274,-0.042389724403619766,-0.01124349795281887,-0.019316205754876137,0.04238665848970413,-0.048789132386446,-0.020586738362908363,0.01060103252530098,-0.06125812605023384,0.00473865307867527,-0.0004969577421434224,-0.012556036002933979,0.0020295772701501846,-0.05964185670018196,0.0017079745884984732,0.008126046508550644,0.015418367460370064,0.0025786254554986954,-0.015362094156444073,-0.008720128796994686,-0.0054396516643464565,-0.014727023430168629,0.013825544156134129,-5.3832551202503964e-05,0.017664248123764992,0.0004947278066538274,-0.013343091122806072,0.002286766655743122,0.00032974808709695935,-0.0004693121009040624,0.010483978316187859,-0.006949232425540686,0.009354807436466217,0.002165474696084857,198.99998474121094,7.793538570404053,39.36391830444336,8.595951080322266,1.7562000751495361,2.974574089050293,0.6013996601104736,1.2763991355895996,1.0770231485366821,1.6516276597976685,1.0122580528259277,0.7045145630836487,0.333688348531723,0.37361857295036316,0.5050545930862427,0.31830987334251404,1.1517290948784954e-16,0.38369640707969666,0.18435010313987732,0.08605720102787018,0.06751194596290588,0.027252843603491783,0.31577160954475403,0.06224852055311203,0.13281670212745667,0.04960281029343605,0.07228369265794754,0.1551220417022705,0.0711015835404396,0.1763438731431961,0.017216237261891365,0.16202402114868164,0.11098306626081467,0.11936607211828232,0.03139651194214821,0.20015308260917664,0.14065690338611603,0.13721022009849548,0.03282555937767029,0.037409473210573196,0.3966065049171448,0.6279230713844299,89.04583740234375,181.673095703125,22.097179412841797,36.99431610107422,31.97907829284668
014245930_010,orange,1,pass,..\data\raw\raw_images\014245930_010.jpg,443.5,109.98275756835938,5.22249174118042,0.46073827147483826,0.8479923605918884,0.9421592354774475,0.1945776641368866,1.0,1.328662763205792e-16,-1.8485742332084417e-16,0.37359803915023804,-0.022217044606804848,0.019156288355588913,-0.045747723430395126,-0.001294687739573419,0.09850256890058517,-0.015645695850253105,-0.0158550888299942,0.01766486093401909,-0.008695433847606182,-0.003274408169090748,0.007887584157288074,-0.005967339500784874,0.0336514487862587,0.0037915711291134357,0.0382048524916172,0.01020149327814579,0.004864303860813379,0.0048046777956187725,0.016248807311058044,-0.006534120533615351,0.018565403297543526,9.99140102067031e-05,0.007814924232661724,0.014875750057399273,-0.0003784822765737772,0.004885470494627953,0.006905921269208193,0.00503387488424778,0.00759893236681819,0.0060245580971241,0.007496918085962534,-0.004456670023500919,-0.0027394199278205633,0.0025941291823983192,-0.006727062631398439,-0.0019954624585807323,92.99998474121094,0.637630045413971,24.23259735107422,1.5113478899002075,2.9774653911590576,0.665713369846344,2.303300142288208,0.4197305738925934,0.5269038081169128,0.33729782700538635,1.1867451667785645,0.14795921742916107,0.019780833274126053,0.11360695958137512,0.6548963189125061,0.31830987334251404,1.1861413965474774e-16,0.8270756006240845,0.051177751272916794,0.002985249739140272,0.003174995072185993,1.0308829545974731,0.20792977511882782,0.009922037832438946,0.014509879983961582,0.014956788159906864,0.0011944809230044484,0.9299324154853821,0.4226560890674591,0.05464677885174751,0.002068377798423171,0.03568444401025772,0.03483064845204353,0.007612645626068115,0.0003158109320793301,0.6727871298789978,0.58026522397995,0.15161564946174622,0.014370576478540897,0.00044925344991497695,-0.5908657312393188,-0.8055530786514282,49.851322174072266,246.6558074951172,1.2695457935333252,5.109024524688721,6.536570072174072
01452427_012,cucumber,0,pass,..\data\raw\raw_images\01452427_012.jpg,411.0,109.59797668457031,5.406069278717041,0.4299783408641815,0.9042904376983643,0.9779750108718872,0.12069349735975266,-1.0,4.648572070196519e-17,-1.2079501126591115e-16,-0.2920832335948944,-0.003047941019758582,-0.033665724098682404,-0.011926496401429176,-0.007912124507129192,-0.09082260727882385,-0.006165801081806421,-0.006746889557689428,-0.06411446630954742,0.006492414977401495,-0.018278364092111588,0.0019039971521124244,-0.0015392936766147614,-0.03436759486794472,-0.007320249453186989,-0.003094741841778159,-0.015228220261633396,0.0017175482353195548,-0.008556070737540722,0.008803077973425388,-0.003409815952181816,-0.013788283802568913,-0.00032328077941201627,-0.003183419583365321,-0.0064994581043720245,0.0011067194864153862,-0.004906893242150545,0.005250332877039909,0.0005965323653072119,-0.0057284412905573845,-0.003221205435693264,-0.002753474051132798,-0.005156273953616619,-0.0007268390618264675,-0.0017195537220686674,0.002207170007750392,0.0012416456593200564,97.99999237060547,1.2221572399139404,30.755212783813477,0.50313800573349,1.7758845090866089,0.17193280160427094,2.480274200439453,0.06700468063354492,0.898025393486023,0.07968098670244217,0.6548059582710266,0.07946854829788208,0.5092310309410095,0.19399431347846985,0.2548881471157074,0.31830987334251404,5.583033706858489e-17,0.7966797351837158,0.07088685780763626,0.0032270655501633883,0.0025034500285983086,0.9179638028144836,0.2798614799976349,0.016204141080379486,0.014360766857862473,0.01061488687992096,0.0012803248828276992,0.7349347472190857,0.5439693927764893,0.0867207869887352,0.0038094448391348124,0.03127815201878548,0.02073257602751255,0.00753801129758358,0.0004632119962479919,0.4758544862270355,0.7017916440963745,0.23122675716876984,0.02565372735261917,0.0009154574363492429,0.9341697692871094,-0.15415476262569427,112.91973876953125,109.7375259399414,9.472336769104004,45.04974365234375,29.56096839904785
01452427_004,apple,1,pass,..\data\raw\raw_images\01452427_004.jpg,2074.0,183.3380889892578,4.025763988494873,0.7753775119781494,0.9586318731307983,0.6728023886680603,0.1250331848859787,1.0,-6.13838159430291e-17,3.069190797151455e-17,0.7851377725601196,0.05656197667121887,0.015192673541605473,0.03564713895320892,0.005188796669244766,-0.0037760459817945957,-0.004997095093131065,-0.009410588070750237,0.03254365921020508,0.045587439090013504,0.006195607595145702,-0.011857954785227776,0.015864232555031776,-0.02918853797018528,0.00018894636014010757,-0.005938025191426277,-0.0025791272055357695,0.023161016404628754,-0.0050433846190571785,0.003325758036226034,-9.374476940138265e-05,-0.02078738436102867,-0.0020840438082814217,0.0009436916443519294,-0.005682553164660931,0.0168440043926239,-0.004645052365958691,-8.247540245065466e-05,-0.0032038046047091484,-0.009380577132105827,0.0026298335287719965,-0.0035008282866328955,0.002514427062124014,0.006940603721886873,-0.006675126031041145,-0.0003151781274937093,-0.00047104881377890706,156.0,0.6335524320602417,10.98873233795166,5.623023986816406,2.418048858642578,2.328690767288208,2.720271587371826,1.59982168674469,1.3075199127197266,1.1271401643753052,0.9303685426712036,0.7200314998626709,0.20147456228733063,0.27242422103881836,0.12231259047985077,0.31830987334251404,5.110796692198659e-16,0.6134337782859802,0.04685734584927559,0.00463438592851162,0.015271962620317936,0.3122798502445221,0.12333159148693085,0.0010594738414511085,0.012397830374538898,0.049660637974739075,0.007094480562955141,0.14447559416294098,0.09262417256832123,0.003683108603581786,0.003432483645156026,0.006206684745848179,0.05891837924718857,0.028774762526154518,0.0033236080780625343,0.25590115785598755,0.0567956417798996,0.019389677792787552,0.01779336854815483,0.0015651495195925236,0.20694749057292938,0.8894163370132446,108.73107147216797,180.11146545410156,12.210030555725098,44.77513122558594,31.812366485595703
01452427_016,carrot,0,pass,..\data\raw\raw_images\01452427_016.png,497.5,101.698486328125,4.559507369995117,0.6044689416885376,0.9594985246658325,0.9473816156387329,0.11158600449562073,-1.0,2.3257276454698168e-17,-9.302910581879267e-17,-0.41435855627059937,-0.00993497483432293,-0.0010162293910980225,-0.0329655185341835,0.0314042903482914,-0.07906419783830643,0.0007843449129723012,0.0058760629035532475,-0.07617324590682983,-0.008366452530026436,-0.0069516729563474655,0.004203615244477987,0.004610076081007719,-0.020097950473427773,0.0023075274657458067,-0.0009930520318448544,-0.01953108049929142,-0.00753389298915863,-0.0013544654939323664,0.005958923604339361,-0.00342462002299726,-0.004534696228802204,0.00022834284754935652,-0.0013996692141517997,-0.010019144043326378,-0.004027672111988068,-0.00018943457689601928,0.0014340952038764954,-0.0052040559239685535,0.0002839377848431468,-0.00044349688687361777,0.0025145779363811016,0.0008906034054234624,-0.0025566203985363245,0.001396223553456366,6.721108366036788e-05,0.001470793504267931,93.00001525878906,1.6589027643203735,23.61152458190918,1.407869577407837,1.113869547843933,0.7539596557617188,1.1441470384597778,0.538991391658783,0.17019836604595184,0.13956744968891144,0.18054920434951782,0.3578648269176483,0.14199253916740417,0.18312659859657288,0.06917784363031387,0.31830987334251404,1.2883122311809652e-16,0.8198534846305847,0.053126104176044464,0.005866063758730888,0.003903743112459779,0.9975546002388,0.2175423800945282,0.008810085244476795,0.026222066953778267,0.017380498349666595,0.0014717045705765486,0.8497629165649414,0.44667506217956543,0.0490412674844265,0.0014802891528233886,0.056383419781923294,0.03718230873346329,0.008992435410618782,0.00039203345659188926,0.5398217439651489,0.6185291409492493,0.13790388405323029,0.010362042114138603,0.0002565766335465014,0.5944532155990601,0.8037040829658508,228.85321044921875,227.10826110839844,0.7499688863754272,45.03792953491211,24.312061309814453
01452427_001,apple,1,pass,..\data\raw\raw_images\01452427_001.jpg,2154.0,181.82337951660156,3.91766095161438,0.8187590837478638,0.9726800918579102,0.6863373517990112,0.11629972606897354,-1.0,6.040164153601834e-17,-9.060245568658261e-17,-0.7879378795623779,0.006846724543720484,0.02393575757741928,0.008829337544739246,0.015354666858911514,-0.04339422285556793,0.011183899827301502,-0.012406778521835804,-0.02980940043926239,-0.0028414749540388584,0.017126811668276787,-0.012192328460514545,-0.010523173958063126,-0.011390303261578083,0.0033653343562036753,0.010663080029189587,-0.008367815986275673,-0.00027365016285330057,0.003435010788962245,0.0069504110142588615,0.0014515790389850736,-0.0062463609501719475,0.0016952066216617823,5.564756065723486e-05,0.007555023301392794,-0.0004337355203460902,0.002228174591436982,-0.004046143032610416,0.005590914282947779,-0.005623779259622097,-0.0035007752012461424,-0.007265937514603138,-0.00507529778406024,-0.001449756557121873,-0.0011149476049467921,-0.004821195267140865,-0.0038706178311258554,151.99998474121094,0.09648986905813217,12.334138870239258,2.8095779418945312,1.7180981636047363,0.27159354090690613,0.4055722653865814,0.6497660279273987,0.8675991296768188,0.6020616292953491,0.6532846689224243,0.5375829935073853,0.3584654629230499,0.40946462750434875,0.24007654190063477,0.31830987334251404,3.9327120348174485e-16,0.601748526096344,0.05384082347154617,0.003945304546505213,0.00969454925507307,0.2836749851703644,0.1345617026090622,0.012967538088560104,0.009339728392660618,0.030606545507907867,0.0030581410974264145,0.16280367970466614,0.08377882093191147,0.04156498238444328,0.0035414344165474176,0.0030445067677646875,0.034499723464250565,0.010282580740749836,0.0015157765010371804,0.2434678077697754,0.08524180948734283,0.04013865441083908,0.013520963490009308,0.0014661001041531563,-0.0535665899515152,0.8958964943885803,130.43075561523438,146.54638671875,13.323339462280273,55.74214172363281,40.740638732910156
01452427_005,apple,1,pass,..\data\raw\raw_images\01452427_005.jpg,2071.5,174.26702880859375,3.8288886547088623,0.8571648597717285,0.9819862246513367,0.6771836280822754,0.11415642499923706,-1.0,3.865864326969037e-17,-5.412209991582203e-17,-0.7958741784095764,-0.001492548268288374,-0.009608480148017406,-0.011657166294753551,0.003574044443666935,-0.03823082894086838,-0.004739563446491957,-0.007306741550564766,-0.03172540292143822,-0.0009614040027372539,-0.006712394300848246,0.005573601461946964,0.0006449103821069002,-0.004831690341234207,-0.0042372774332761765,0.0027851418126374483,-0.002727990271523595,-0.0028578024357557297,-0.0031990876886993647,-0.001416870392858982,0.002258593449369073,-0.0018702085362747312,-0.002410296117886901,0.0028312469366937876,0.003203929867595434,-0.0016286621103063226,-0.0025603368412703276,0.0037549545522779226,-0.0020025637932121754,-0.0013612565817311406,-0.0007462329813279212,-0.0011643092148005962,-0.003271101973950863,-0.00010804750490933657,0.0013041171478107572,-0.0011681828182190657,0.00042818981455639005,148.99998474121094,0.20711016654968262,11.639249801635742,1.3109506368637085,1.1422761678695679,0.1795743852853775,0.3790379762649536,0.5947444438934326,0.2686590552330017,0.16763146221637726,0.04319648817181587,0.029093055054545403,0.07245946675539017,0.19098061323165894,0.08688178658485413,0.31830987334251404,4.63596855081362e-16,0.617655873298645,0.049117397516965866,0.001950642210431397,0.004952786024659872,0.3196416199207306,0.12961895763874054,0.009036874398589134,0.005176099017262459,0.015902100130915642,0.0018854961963370442,0.14802394807338715,0.09645187854766846,0.029968401417136192,0.0020191920921206474,0.002790131140500307,0.01834460161626339,0.007030785549432039,0.0009460161090828478,0.2719382643699646,0.0646442323923111,0.0305336844176054,0.008240919560194016,0.0006503026816062629,0.22060997784137726,0.8932190537452698,105.48486328125,175.2314910888672,11.694318771362305,45.58555603027344,42.22515869140625
01452427_017,carrot,0,pass,..\data\raw\raw_images\01452427_017.png,497.5,101.698486328125,4.559507369995117,0.6044689416885376,0.9594985246658325,0.9473816156387329,0.11158600449562073,-1.0,2.3257276454698168e-17,-9.302910581879267e-17,-0.41435855627059937,-0.00993497483432293,-0.0010162293910980225,-0.0329655185341835,0.0314042903482914,-0.07906419783830643,0.0007843449129723012,0.0058760629035532475,-0.07617324590682983,-0.008366452530026436,-0.0069516729563474655,0.004203615244477987,0.004610076081007719,-0.020097950473427773,0.0023075274657458067,-0.0009930520318448544,-0.01953108049929142,-0.00753389298915863,-0.0013544654939323664,0.005958923604339361,-0.00342462002299726,-0.004534696228802204,0.00022834284754935652,-0.0013996692141517997,-0.010019144043326378,-0.004027672111988068,-0.00018943457689601928,0.0014340952038764954,-0.0052040559239685535,0.0002839377848431468,-0.00044349688687361777,0.0025145779363811016,0.0008906034054234624,-0.0025566203985363245,0.001396223553456366,6.721108366036788e-05,0.001470793504267931,93.00001525878906,1.6589027643203735,23.61152458190918,1.407869577407837,1.113869547843933,0.7539596557617188,1.1441470384597778,0.538991391658783,0.17019836604595184,0.13956744968891144,0.18054920434951782,0.3578648269176483,0.14199253916740417,0.18312659859657288,0.06917784363031387,0.31830987334251404,1.2883122311809652e-16,0.8198534846305847,0.053126104176044464,0.005866063758730888,0.003903743112459779,0.9975546002388,0.2175423800945282,0.008810085244476795,0.026222066953778267,0.017380498349666595,0.0014717045705765486,0.8497629165649414,0.44667506217956543,0.0490412674844265,0.0014802891528233886,0.056383419781923294,0.03718230873346329,0.008992435410618782,0.00039203345659188926,0.5398217439651489,0.6185291409492493,0.13790388405323029,0.010362042114138603,0.0002565766335465014,0.5944532155990601,0.8037040829658508,228.85321044921875,227.10826110839844,0.7499688863754272,45.03792953491211,24.312061309814453
01452427_018,carrot,0,pass,..\data\raw\raw_images\01452427_018.png,497.5,101.698486328125,4.559507369995117,0.6044689416885376,0.9594985246658325,0.9473816156387329,0.11158600449562073,-1.0,2.3257276454698168e-17,-9.302910581879267e-17,-0.41435855627059937,-0.00993497483432293,-0.0010162293910980225,-0.0329655185341835,0.0314042903482914,-0.07906419783830643,0.0007843449129723012,0.0058760629035532475,-0.07617324590682983,-0.008366452530026436,-0.0069516729563474655,0.004203615244477987,0.004610076081007719,-0.020097950473427773,0.0023075274657458067,-0.0009930520318448544,-0.01953108049929142,-0.00753389298915863,-0.0013544654939323664,0.005958923604339361,-0.00342462002299726,-0.004534696228802204,0.00022834284754935652,-0.0013996692141517997,-0.010019144043326378,-0.004027672111988068,-0.00018943457689601928,0.0014340952038764954,-0.0052040559239685535,0.0002839377848431468,-0.00044349688687361777,0.0025145779363811016,0.0008906034054234624,-0.0025566203985363245,0.001396223553456366,6.721108366036788e-05,0.001470793504267931,93.00001525878906,1.6589027643203735,23.61152458190918,1.407869577407837,1.113869547843933,0.7539596557617188,1.1441470384597778,0.538991391658783,0.17019836604595184,0.13956744968891144,0.18054920434951782,0.3578648269176483,0.14199253916740417,0.18312659859657288,0.06917784363031387,0.31830987334251404,1.2883122311809652e-16,0.8198534846305847,0.053126104176044464,0.005866063758730888,0.003903743112459779,0.9975546002388,0.2175423800945282,0.008810085244476795,0.026222066953778267,0.017380498349666595,0.0014717045705765486,0.8497629165649414,0.44667506217956543,0.0490412674844265,0.0014802891528233886,0.056383419781923294,0.03718230873346329,0.008992435410618782,0.00039203345659188926,0.5398217439651489,0.6185291409492493,0.13790388405323029,0.010362042114138603,0.0002565766335465014,0.5944532155990601,0.8037040829658508,228.85321044921875,227.10826110839844,0.7499688863754272,45.03792953491211,24.312061309814453
01452427_014,cucumber,0,pass,..\data\raw\raw_images\01452427_014.jpg,74.0,58.76955032348633,6.831820964813232,0.26923829317092896,0.6244725584983826,0.867371678352356,0.4758511781692505,-1.0,2.90329674745374e-17,-5.80659349490748e-17,-0.4410024881362915,-0.04995732754468918,0.1741541624069214,0.034051958471536636,0.08594411611557007,-0.07048114389181137,0.04262804239988327,-0.032890092581510544,-0.02686501480638981,0.014079965651035309,-0.004177864640951157,-0.06571663171052933,-0.06678760796785355,-0.003244503866881132,0.07018870115280151,0.051504578441381454,-0.019456135109066963,-0.009531206451356411,0.006907592993229628,-0.03268046677112579,0.013053848408162594,-0.034485653042793274,0.018048563972115517,-0.003599156392738223,0.013197178952395916,0.007804754190146923,-0.016897017136216164,-0.010087602771818638,-0.01552459318190813,-0.02050682157278061,0.00023510964820161462,-0.01744912378489971,-0.0027869236655533314,0.021035443991422653,-0.007313706912100315,-0.015557616017758846,0.0054083229042589664,47.99999237060547,1.1535513401031494,10.642858505249023,4.883153915405273,0.9335872530937195,1.6443387269973755,2.43572735786438,0.9623546004295349,0.9269939661026001,1.4613018035888672,0.5006146430969238,0.47685688734054565,0.3122226595878601,0.32281169295310974,0.24921034276485443,0.31830987334251404,0.015011542476713657,0.3551190197467804,0.17839796841144562,0.12882061302661896,0.013147112913429737,0.13005904853343964,0.45053091645240784,0.07482916861772537,0.1831463724374771,0.03914325311779976,0.03946508467197418,0.2855960726737976,0.4222891628742218,0.19950555264949799,0.03234860301017761,0.13119176030158997,0.1842775046825409,0.08238498866558075,0.024309463798999786,0.020228657871484756,0.2910572588443756,0.29182010889053345,0.18358157575130463,0.050360120832920074,-0.629192590713501,-0.1768520474433899,10.4179105758667,221.5,26.42131805419922,6.26206111907959,33.6812858581543
01452427_015,cucumber,0,pass,..\data\raw\raw_images\01452427_015.jpg,1053.5,171.37973022460938,5.280099868774414,0.45073941349983215,0.8867844939231873,0.9588019251823425,0.14693951606750488,-1.0,2.869157680084697e-17,0.0,-0.3431224226951599,-0.01959756761789322,-0.024964027106761932,-0.07783029228448868,0.022091472521424294,-0.07169029116630554,-0.01026956643909216,0.0049952492117881775,-0.05380890890955925,-0.020876042544841766,-0.017124056816101074,-0.009819259867072105,0.017770355567336082,-0.011479335837066174,-0.008353939279913902,-0.0014707898953929543,-0.033224113285541534,-0.017318127676844597,-0.006874858867377043,0.0018433320801705122,0.010346240364015102,0.0016108916606754065,-0.00536483945325017,0.0033281568903476,-0.0133745726197958,-0.009846480563282967,-0.002558136358857155,0.001399958855472505,-0.004701212048530579,0.006657710298895836,-0.00289093516767025,-0.002547865966334939,-0.0038490856532007456,-0.005421091336756945,-0.0017441880190744996,0.0042608981020748615,-0.00928859319537878,136.99998474121094,1.5509463548660278,36.36640930175781,6.715137004852295,2.204925537109375,2.3651089668273926,1.4411208629608154,1.4659600257873535,1.2396361827850342,0.29356926679611206,0.9241841435432434,0.4208889901638031,0.7539180517196655,0.5392001271247864,0.42142409086227417,0.31830987334251404,1.4624211769780667e-16,0.6240199208259583,0.13871265947818756,0.02850724756717682,0.023789959028363228,0.45992353558540344,0.37483060359954834,0.062456730753183365,0.07033246755599976,0.050182465463876724,0.026184817776083946,0.2773575484752655,0.3959376811981201,0.21393801271915436,0.02662522904574871,0.09171899408102036,0.03749793767929077,0.08006468415260315,0.020014919340610504,0.24773283302783966,0.21919019520282745,0.30091917514801025,0.10672498494386673,0.012379281222820282,-0.8316377401351929,0.22737105190753937,8.122884750366211,216.42030334472656,15.602718353271484,3.673330783843994,22.965917587280273
01452427_003,apple,1,pass,..\data\raw\raw_images\01452427_003.jpg,2042.5,171.095458984375,3.7857978343963623,0.8767887949943542,0.984337329864502,0.5551449656486511,0.10618718713521957,1.0,9.723176566571329e-17,-1.2964234980932112e-16,0.8660721182823181,-0.013178735040128231,0.028178246691823006,0.03409326449036598,0.013272680342197418,0.02268531545996666,-0.0022008183877915144,-0.00617788452655077,0.019229238852858543,0.0026254502590745687,0.00986558385193348,-0.017626408487558365,-0.02264486812055111,0.00015907570195849985,-0.001300045638345182,0.00447023194283247,-0.004755211994051933,0.0029431222938001156,-0.0033160552848130465,-0.003001541830599308,0.008478126488626003,-0.003248416818678379,-0.0020228391513228416,0.0008612451492808759,0.0025962283834815025,-0.002916196594014764,-0.001640773261897266,0.0017010202864184976,-0.0017849026480689645,-0.0019167514983564615,-9.248690730601083e-06,-0.0031998774502426386,-0.002834262326359749,-0.0015035296091809869,-0.0001527955464553088,0.00035175608354620636,-0.0010221729753538966,145.0,0.693932056427002,7.335276126861572,3.537195920944214,0.293440580368042,1.2680456638336182,0.23932461440563202,0.4006383717060089,0.5523500442504883,0.19573552906513214,0.1426030397415161,0.24466073513031006,0.07457064092159271,0.2338748425245285,0.2804967761039734,0.31830987334251404,1.76062531998737e-15,0.62966388463974,0.02928960882127285,0.003727395087480545,0.013317597098648548,0.3427371680736542,0.0803791880607605,0.0030328689608722925,0.010279187932610512,0.04609563201665878,0.002177301561459899,0.15231311321258545,0.06669458746910095,0.010738283395767212,0.0005030467291362584,0.005794999655336142,0.06122656911611557,0.009881870821118355,0.0001413168793078512,0.3134699761867523,0.032837655395269394,0.013043834827840328,0.0024691761936992407,0.0002708040701691061,0.09903735667467117,0.9638528823852539,115.79206085205078,114.35066223144531,7.198019504547119,47.52785873413086,24.11471939086914
01452427_007,orange,1,pass,..\data\raw\raw_images\01452427_007.jpg,2478.5,194.06600952148438,3.898118257522583,0.8269891738891602,0.9802254438400269,0.6645143628120422,0.1270945519208908,-1.0,-2.8519509998546137e-17,0.0,-0.8085105419158936,-0.012187876738607883,-0.013654155656695366,0.021280398592352867,0.02382010780274868,-0.043238185346126556,-0.004557738546282053,0.011692303232848644,-0.030993828549981117,-0.014898586086928844,0.007883058860898018,-0.0024321775417774916,-0.0072907074354588985,-0.005389544181525707,0.0007847393280826509,-0.008997363969683647,-0.0006705487030558288,-0.0022681746631860733,0.0015949789667502046,0.005504352506250143,-0.0009746145806275308,-0.0019997311756014824,0.0008697855519130826,0.002956383628770709,-0.006088830064982176,-0.003627346595749259,5.809225331177004e-05,-0.003214513882994652,-0.0034941115882247686,0.0018969369120895863,0.0025624169502407312,0.0027311036828905344,-0.0007713543600402772,-0.0008504740544594824,-0.00044728998909704387,-0.003150047967210412,6.99223528499715e-05,162.99998474121094,0.5165863633155823,12.218036651611328,2.5778870582580566,0.8854793310165405,0.49158579111099243,0.4853608310222626,0.6346122026443481,0.39702272415161133,0.0771869644522667,0.4324764311313629,0.39579224586486816,0.09970541298389435,0.20322087407112122,0.12847046554088593,0.31830987334251404,3.057757837596992e-17,0.5532364845275879,0.05595606565475464,0.006116291508078575,0.012114794924855232,0.17043544352054596,0.1217413991689682,0.01267994288355112,0.009585735388100147,0.03148464486002922,0.005602833814918995,0.2209637612104416,0.037402763962745667,0.03307488188147545,0.003936755936592817,0.009559894911944866,0.021779660135507584,0.016794905066490173,0.0027389510069042444,0.16990427672863007,0.11537192761898041,0.01657915487885475,0.013256504200398922,0.0009963077027350664,0.6592879891395569,0.7039370536804199,228.4400634765625,189.34713745117188,7.7066802978515625,42.32810592651367,39.27554702758789
01452427_002,apple,1,pass,..\data\raw\raw_images\01452427_002.jpg,1899.5,166.26702880859375,3.8149290084838867,0.8634494543075562,0.970866322517395,0.564357578754425,0.10592905431985855,-1.0,-0.0,-3.3730168831201424e-17,-0.8702258467674255,-0.008406199514865875,-0.00763002410531044,0.019550219178199768,0.019811181351542473,-0.0317227728664875,-0.004656236618757248,0.008801714517176151,-0.01932176947593689,-0.015867607668042183,0.007634724490344524,0.0007688198238611221,-0.008740999735891819,-0.0036611147224903107,0.008684886619448662,0.0018910955404862761,-0.004480205941945314,0.00275015109218657,0.0063927629962563515,0.0013636854710057378,-0.0066282604821026325,0.005041622091084719,0.002020113868638873,-0.007825772278010845,-0.0060373651795089245,-0.003443579189479351,0.00018490415823180228,-0.006706370040774345,0.0038543608970940113,-0.00086073181591928,-0.0014322897186502814,0.0028930597472935915,0.0064275930635631084,-0.00040384242311120033,0.004077116958796978,0.005718687083572149,-0.0027954161632806063,140.99998474121094,0.2730530798435211,7.023612976074219,2.095384120941162,0.7844939827919006,0.5600709319114685,0.7774710059165955,0.6698447465896606,0.7013209462165833,0.4259769022464752,0.3572552502155304,0.576760470867157,0.41060060262680054,0.1504838466644287,0.18379426002502441,0.31830987334251404,9.19220006695068e-17,0.6527077555656433,0.028349030762910843,0.0026273939292877913,0.0071174451150000095,0.4060060381889343,0.0814380943775177,0.00419877702370286,0.007227050606161356,0.025151224806904793,0.001926099183037877,0.09970659017562866,0.07701829820871353,0.01626349799335003,0.0009759828681126237,0.003995624836534262,0.0349976010620594,0.008631533943116665,0.0005876973154954612,0.3386015295982361,0.01843266189098358,0.02432107739150524,0.005114550702273846,0.00020831907750107348,0.015264036133885384,0.9184301495552063,94.85185241699219,161.39370727539062,11.80844497680664,40.83159255981445,37.29579544067383
01452427_013,cucumber,0,pass,..\data\raw\raw_images\01452427_013.jpg,1812.0,201.480224609375,4.73318338394165,0.5609229207038879,0.8762089014053345,0.8187236785888672,0.15433025360107422,-1.0,8.627470627870927e-17,-1.1503293729331576e-16,-0.5952572822570801,-0.06826955825090408,-0.04306795820593834,0.04256745055317879,0.17293259501457214,-0.06719815731048584,-0.018841587007045746,0.0469304695725441,-0.08521008491516113,-0.05156384035944939,0.011223113164305687,0.01510873157531023,-0.053201619535684586,-0.00474509596824646,-0.005904051940888166,-0.011095117777585983,-0.019903194159269333,0.0028277358505874872,0.007748764008283615,-0.006838800851255655,-0.025074783712625504,-0.011308593675494194,-0.01012462843209505,-0.0014750234549865127,0.003987532574683428,0.0015109037049114704,0.001887874212116003,0.0043642520904541016,0.0008085943409241736,-0.009982295334339142,0.004086759407073259,0.008441301062703133,-0.004661779385060072,0.0018611191771924496,2.2590353182749823e-05,-0.0018869421910494566,0.0002609551593195647,170.0,5.117967128753662,29.134300231933594,15.530952453613281,2.4558937549591064,2.0663821697235107,1.517809271812439,0.6350492238998413,1.9272124767303467,0.947337806224823,0.7037678956985474,0.5430428981781006,0.8847730159759521,0.9641303420066833,0.2254132628440857,0.31830987334251404,7.922057751279504e-16,0.5696169137954712,0.10039351880550385,0.08030471205711365,0.06687038391828537,0.3036671578884125,0.21215537190437317,0.04154619202017784,0.14148204028606415,0.15092678368091583,0.04399051517248154,0.02205905131995678,0.13914315402507782,0.08199784904718399,0.029215071350336075,0.033738188445568085,0.12016851454973221,0.11921298503875732,0.023236475884914398,0.07042074203491211,0.0544242262840271,0.020681636407971382,0.07606258988380432,0.01872989721596241,0.10199607163667679,-0.4991651177406311,54.96154022216797,159.12644958496094,33.27021026611328,27.670310974121094,62.565940856933594
01452427_008,orange,1,pass,..\data\raw\raw_images\01452427_008.jpg,2265.5,179.9238739013672,3.78013014793396,0.8794199228286743,0.9830765724182129,0.5275618433952332,0.10018448531627655,-1.0,3.1085352128536214e-16,-2.7976817974473777e-16,-0.8824538588523865,0.0006692421156913042,0.0016018814640119672,-0.005283036269247532,0.008175593800842762,-0.016332754865288734,0.006041977554559708,0.009707625955343246,-0.019190767779946327,-0.0028265344444662333,0.0007801790488883853,0.0039459168910980225,0.0030906060710549355,0.0024796801153570414,0.008408802561461926,-0.001887763268314302,0.0009193709120154381,0.0014247412327677011,0.0022071509156376123,0.000483106094179675,-0.0025755073875188828,0.0039840638637542725,0.0023660287261009216,-0.0002826536074280739,0.0013381724711507559,0.0010953735327348113,0.0034850542433559895,0.0036002956330776215,0.0010227508610114455,0.0016052763676270843,0.004976992961019278,0.0001046718389261514,-0.0012985372450202703,0.0009307332802563906,0.0038274747785180807,-0.0014276106376200914,0.00114395038690418,152.99996948242188,0.0935264453291893,6.349729061126709,0.3974163234233856,1.126118540763855,0.4478585422039032,0.6035553216934204,0.3065093755722046,0.2824804484844208,0.48372122645378113,0.46391549706459045,0.21917672455310822,0.3013042211532593,0.23551660776138306,0.3041592836380005,0.31830987334251404,9.259363162223046e-17,0.598477840423584,0.028088752180337906,0.000538840948138386,0.0018869945779442787,0.25869157910346985,0.07064211368560791,0.0036537705454975367,0.00114407145883888,0.005882997531443834,0.0009658232447691262,0.21889042854309082,0.04230547696352005,0.012749573215842247,0.0011987180914729834,0.0004905147361569107,0.0062430743128061295,0.0041497317142784595,0.00030973218963481486,0.2767295837402344,0.053505998104810715,0.016558388248085976,0.005543341860175133,0.00047248436021618545,0.6553447842597961,0.7522078156471252,228.3047332763672,191.75672912597656,1.967712640762329,33.156959533691406,30.0660343170166
01452427_019,carrot,0,pass,..\data\raw\raw_images\01452427_019.png,1104.0,181.5391082763672,5.463685035705566,0.4209578037261963,0.7364909648895264,0.8412883877754211,0.12212271988391876,-1.0,1.2405370583267605e-16,-3.1013425796424523e-16,-0.389102965593338,0.05745852366089821,-0.007635591551661491,0.24996797740459442,0.008251805789768696,-0.09983326494693756,-0.014881834387779236,0.0011483781272545457,-0.09204163402318954,-0.01836623065173626,-0.004369185771793127,-0.05537167936563492,-0.018204450607299805,-0.04155653715133667,-0.005090329796075821,-0.02678813971579075,-0.038640715181827545,0.0039229122921824455,0.008467051200568676,0.004618512000888586,0.009338201023638248,0.00403354037553072,0.002917455742135644,0.01390914712101221,0.0008267840021289885,0.0071070450358092785,0.0053073950111866,-0.0021403622813522816,0.004597409162670374,-0.006923086009919643,-0.005842010956257582,-0.0025916157756000757,-0.0034157901536673307,-0.00920229684561491,-0.00488828681409359,-0.0074538239277899265,0.002650556154549122,159.99998474121094,9.15834903717041,42.70887756347656,12.135689735412598,5.224076271057129,3.0338902473449707,2.311954975128174,3.042473554611206,1.2845841646194458,0.15127448737621307,1.1361000537872314,0.8052487969398499,0.7763221263885498,0.8275541663169861,0.5982931852340698,0.31830987334251404,6.256431517370558e-16,0.6057822108268738,0.12181586772203445,0.05268970504403114,0.05785215646028519,0.370040625333786,0.3323473036289215,0.037187609821558,0.18842771649360657,0.17475195229053497,0.03883381187915802,0.09960582852363586,0.33346855640411377,0.13748466968536377,0.0037047555670142174,0.2956262528896332,0.18983808159828186,0.1512768268585205,0.017876585945487022,0.0571540892124176,0.13255392014980316,0.21410511434078217,0.0156755018979311,0.005109539721161127,0.20111852884292603,0.35264578461647034,181.5400848388672,226.3333282470703,38.46693420410156,79.82872009277344,33.59394073486328
01452427_020,carrot,0,pass,..\data\raw\raw_images\01452427_020.png,893.5,134.66905212402344,4.5052666664123535,0.6191114783287048,0.9500265717506409,0.9392156004905701,0.12534169852733612,-1.0,5.419513334646556e-17,-5.419513334646556e-17,-0.4507346451282501,-0.025712762027978897,0.0020183874294161797,-0.004157664719969034,0.03520035371184349,-0.07630783319473267,-0.009372302331030369,0.0013011842966079712,-0.0893079936504364,-0.012620373629033566,-0.0022047418169677258,-0.009512651711702347,-0.0005213863914832473,-0.008123278617858887,-0.0027363819535821676,-0.002137301489710808,-0.018767690286040306,-0.011078803800046444,-0.000686917919665575,0.0022697660606354475,-0.007826510816812515,-9.54108782025287e-06,-0.00036559702130034566,-1.8167183952755295e-05,0.0022373097017407417,-0.006887748371809721,-0.0025830373633652925,-0.002622755477204919,-0.0038303325418382883,0.0026271459646523,-0.0008336176979355514,0.00288237608037889,-0.0011979033006355166,-0.004311758559197187,0.002005781512707472,0.00336617324501276,-0.000746901729144156,120.99996948242188,1.467788815498352,29.021005630493164,2.256412982940674,0.5886164903640747,1.3493746519088745,0.4260934293270111,0.8916012644767761,0.16775672137737274,0.392177015542984,0.20849819481372833,0.4718819856643677,0.32020923495292664,0.1657049059867859,0.16259807348251343,0.31830987334251404,8.073530105520703e-18,0.7299529910087585,0.08530311286449432,0.01281111128628254,0.008024401031434536,0.6869154572486877,0.3000834882259369,0.021275710314512253,0.04352496191859245,0.027024492621421814,0.004965605679899454,0.37151074409484863,0.47768470644950867,0.09861749410629272,0.005270218476653099,0.05452478677034378,0.03473210334777832,0.02426300197839737,0.002106599509716034,0.12713968753814697,0.4369686245918274,0.21110695600509644,0.02966460771858692,0.00138096883893013,0.5778440237045288,0.7997459173202515,220.2879638671875,212.33822631835938,4.695132255554199,63.065242767333984,48.01886749267578
01430300_011,apple,1,pass,..\data\raw\raw_images\01430300_011.jpeg,739.5,143.78173828125,5.287308216094971,0.44951122999191284,0.7303703427314758,0.36813047528266907,0.15436145663261414,-1.0,1.5641682304401314e-16,-2.002135350845236e-16,-0.7025022506713867,0.06931816041469574,0.020202748477458954,-0.43563878536224365,0.12211715430021286,0.0005897132214158773,0.01952981948852539,-0.09762006253004074,-0.11617890000343323,0.0038924356922507286,-0.024245774373412132,0.029548674821853638,-0.053386833518743515,-0.005987388547509909,0.03170982748270035,0.013114113360643387,-0.05387453734874725,-0.030704360455274582,0.013525443151593208,0.022510861977934837,0.0017356816679239273,-0.012686221860349178,-0.00989672914147377,-0.009076442569494247,-0.004421687219291925,-0.006794913671910763,-0.014857702888548374,0.017023513093590736,-0.01511040423065424,0.0022170424927026033,-0.00923270732164383,0.00872404407709837,0.01482452917844057,-0.006942000240087509,-0.006772841792553663,-0.0010911138961091638,-0.003177299862727523,120.99998474121094,5.819089889526367,16.594024658203125,14.549894332885742,0.7598127722740173,0.6287240386009216,0.5823162198066711,1.901203989982605,2.1338655948638916,0.5085282325744629,0.9167416095733643,0.44255730509757996,0.0909758061170578,0.2246476113796234,0.5525180101394653,0.31830987334251404,1.1042982276824597e-16,0.7955957651138306,0.018003083765506744,0.018313422799110413,0.01729012280702591,0.8987688422203064,0.07626131922006607,0.00669495714828372,0.08280107378959656,0.07893441617488861,0.000892629730515182,0.6447699069976807,0.1652851402759552,0.03379445895552635,0.0009872463997453451,0.18110710382461548,0.17586354911327362,0.004654265008866787,0.0009385907324030995,0.23904232680797577,0.24718734622001648,0.08155904710292816,0.006736099254339933,0.00041513636824674904,-0.11713536083698273,0.4786032438278198,88.56554412841797,139.21473693847656,34.084877014160156,21.103893280029297,60.144657135009766
01430300_009,cucumber,0,pass,..\data\raw\raw_images\01430300_009.jpeg,162.0,81.59797668457031,6.410942077636719,0.30574971437454224,0.6303501725196838,0.5275129675865173,0.32294246554374695,-1.0,4.8669543693554185e-17,-1.9467817477421674e-16,-0.6428753733634949,-0.15087756514549255,-0.033447571098804474,-0.4249396324157715,-0.005973345134407282,-0.0588340200483799,-0.007133674342185259,-0.01726575195789337,-0.08383043110370636,0.02571914531290531,-0.04329684004187584,0.017768386751413345,0.01560115348547697,-0.06204478070139885,-0.03886737674474716,-0.042553357779979706,-0.03302092105150223,0.06541554629802704,-0.0064111449755728245,-0.015718743205070496,-0.03153673931956291,-0.010970395058393478,0.00820603035390377,-0.010228919796645641,-0.011551416479051113,-0.02387699857354164,-0.026592113077640533,0.009716111235320568,-0.013024944812059402,0.02408505789935589,0.017585473135113716,0.03284315764904022,-0.00935104489326477,-0.003870930289849639,-0.02880532294511795,-0.015331665985286236,0.0022177784703671932,69.99999237060547,0.6672925353050232,10.739542007446289,10.756488800048828,1.2757461071014404,1.946880578994751,0.9571563601493835,1.7373849153518677,1.12254798412323,0.7295657396316528,1.2898719310760498,0.9147388339042664,0.11341375857591629,0.5305899977684021,0.4748731553554535,0.31830987334251404,0.02525840513408184,0.22824734449386597,0.2586379945278168,0.32045865058898926,0.08335805684328079,0.1744202822446823,0.4348166882991791,0.11185931414365768,0.13249467313289642,0.15397292375564575,0.15241003036499023,0.3000613749027252,0.32752758264541626,0.17817823588848114,0.11195453256368637,0.4004891514778137,0.3256400525569916,0.13635045289993286,0.10204461216926575,0.14991013705730438,0.19007688760757446,0.26748767495155334,0.05237335339188576,0.07043474167585373,-0.20928671956062317,-0.9308352470397949,74.81063842773438,174.1851043701172,8.784690856933594,18.190372467041016,76.93142700195312
01430300_007,apple,1,pass,..\data\raw\raw_images\01430300_007.jpeg,1414.0,153.3380889892578,4.077794551849365,0.7557169198989868,0.9367340207099915,0.5591208338737488,0.14695337414741516,-1.0,3.502030985945507e-16,-3.502030985945507e-16,-0.865816056728363,0.00019166190759278834,-0.08952353894710541,-0.03312820568680763,0.016252420842647552,-0.05216477811336517,-0.00015587935922667384,0.042732562869787216,0.007706336677074432,-0.014522935263812542,-0.021113989874720573,0.03530004620552063,-0.005731517449021339,-0.015082412399351597,0.022541923448443413,-0.008584645576775074,-0.028755638748407364,0.006095279008150101,0.016896668821573257,0.0047485544346272945,0.0018533230759203434,0.015093819238245487,-0.0023321714252233505,-0.010288229212164879,-0.005318465642631054,0.0016771366354078054,-0.0017288763774558902,-0.006334326695650816,-0.0028813802637159824,-0.001545043895021081,-0.006823364645242691,0.006279383786022663,0.010667689144611359,-0.003151627955958247,0.001800111262127757,0.0015088296495378017,0.007506546098738909,125.99999237060547,0.39148879051208496,6.239297389984131,5.882937908172607,4.5986456871032715,0.9509358406066895,1.1348814964294434,0.6523601412773132,1.502837896347046,0.2659660577774048,0.7131279110908508,0.2189515233039856,0.2243974804878235,0.025127464905381203,0.5725347995758057,0.31830987334251404,4.17734580407078e-17,0.722013533115387,0.022593433037400246,0.0006954933633096516,0.012604920193552971,0.6246589422225952,0.07564505189657211,0.007090103812515736,0.00255298032425344,0.052765510976314545,0.0009315300267189741,0.16840647161006927,0.1052367091178894,0.034679800271987915,0.0005874489434063435,0.004351389594376087,0.1009531021118164,0.004228555131703615,0.0003817858232650906,0.2507847547531128,0.06010193005204201,0.07996680587530136,0.003679497167468071,0.00019596022320911288,0.22749121487140656,0.8287240266799927,123.58592987060547,148.3423614501953,15.771587371826172,47.58123016357422,36.90142059326172
01430300_006,orange,1,pass,..\data\raw\raw_images\01430300_006.jpeg,1417.0,145.05381774902344,3.8534014225006104,0.8462941646575928,0.9819819927215576,0.7285581231117249,0.09979303926229477,1.0,-9.079293883804132e-17,1.2711010510883499e-16,0.7497053146362305,0.001809186884202063,-0.005293418187648058,-0.0017895849887281656,-0.002409892389550805,0.03672060742974281,-0.001678240834735334,0.001741955173201859,0.03960014507174492,-0.0003881830780301243,0.0014396968763321638,0.002305240835994482,0.005494287237524986,0.007253795862197876,0.0033675034064799547,-0.003171326359733939,0.0026576058007776737,0.0011804880341514945,0.0031462570186704397,0.0019128969870507717,-0.0047477250918745995,0.0016650756588205695,-0.0009652297594584525,0.0012054330436512828,-0.0001397664163960144,0.0018560115713626146,0.005077770911157131,0.0015240982174873352,0.002248802687972784,0.0005870748427696526,0.0028497418388724327,0.0015530310338363051,0.0026558320969343185,-0.00044744290062226355,0.0017703453777357936,-0.0034387491177767515,-0.0002458679664414376,125.99999237060547,0.10041359812021255,12.002344131469727,0.3878016173839569,0.6777868270874023,0.3912770450115204,0.062257830053567886,0.4193905293941498,0.0350918211042881,0.42298606038093567,0.2666465938091278,0.054603029042482376,0.0672948807477951,0.20743922889232635,0.04148060455918312,0.31830987334251404,3.363061731360842e-16,0.7173194289207458,0.04180045798420906,0.0005445454735308886,0.0009337326046079397,0.6127025485038757,0.13994508981704712,0.005714149679988623,0.001971837133169174,0.00403318926692009,7.470264245057479e-05,0.16284142434597015,0.19449996948242188,0.02484441176056862,0.0009243101230822504,0.0027804519049823284,0.008206328377127647,0.0005525836022570729,0.00016506634710822254,0.2328861504793167,0.10668949037790298,0.045861758291721344,0.0050107999704778194,0.00018467151676304638,0.5917531847953796,0.8028260469436646,173.97232055664062,183.91897583007812,2.08807110786438,39.74561309814453,39.30842208862305
01430300_010,orange,1,pass,..\data\raw\raw_images\01430300_010.jpeg,507.5,92.46803283691406,4.104626178741455,0.7458691596984863,0.9433085322380066,0.5097553133964539,0.14561781287193298,1.0,1.2937881668360663e-16,-1.5363735060204716e-16,0.8663116097450256,0.03944842517375946,-0.08533849567174911,-0.05444156378507614,0.03774484992027283,0.03938017413020134,0.046566128730773926,0.02371387556195259,-0.04547329246997833,-0.011348625645041466,-0.05304420366883278,0.015374149195849895,0.003561025718227029,0.023929091170430183,0.03003002516925335,-0.011347693391144276,0.009876486845314503,-0.010909980162978172,-0.018288159742951393,-0.00022135594917926937,-0.0051948921754956245,0.0035748982336372137,-0.002157804323360324,-0.007321930956095457,-0.010221543721854687,0.0006222171359695494,-0.004503208678215742,-0.00016763826715759933,0.0023251953534781933,-0.007274680770933628,-0.001613637781701982,-0.0023240798618644476,0.004865285474807024,0.005379913374781609,-0.006517170928418636,-0.0018634117441251874,0.0013386727077886462,72.99999237060547,0.08946831524372101,2.510953903198242,3.801159381866455,3.381972074508667,1.270349383354187,0.5682802200317383,0.4499076306819916,0.316294401884079,0.33334410190582275,0.28883790969848633,0.41815832257270813,0.2704240679740906,0.12882189452648163,0.39723706245422363,0.31830987334251404,2.6004639399646067e-17,0.8691344261169434,0.0055356440134346485,0.0011400463990867138,0.003087988356128335,1.1896021366119385,0.023796098306775093,0.001243351842276752,0.0057166158221662045,0.016359379515051842,0.0003097397566307336,1.2068125009536743,0.05252683162689209,0.0076506538316607475,7.552708120783791e-05,0.014615491032600403,0.045604366809129715,0.002158124465495348,4.10936918342486e-05,0.9394480586051941,0.07990080118179321,0.024761253967881203,0.0005863235564902425,1.059501573763555e-05,0.5170649886131287,0.855380654335022,191.7853240966797,186.62936401367188,0.891411542892456,7.84481143951416,27.235200881958008
01430300_004,carrot,0,pass,..\data\raw\raw_images\01430300_004.jpeg,3756.5,255.72286987304688,4.1723222732543945,0.7218618988990784,0.925474226474762,0.33213716745376587,0.134330615401268,-1.0,-1.0017767346436984e-16,1.0017767346436984e-16,-0.9570701122283936,0.0018636108143255115,0.0160890631377697,0.021269699558615685,0.01776278205215931,0.026728900149464607,-0.007532783318310976,0.009086349979043007,-0.02518702857196331,0.03619343042373657,0.04934750869870186,0.014790944755077362,-0.014419358223676682,0.017093921080231667,-0.0020164225716143847,-0.0005432895850390196,0.044086046516895294,0.023832635954022408,0.03471110761165619,0.013582534156739712,0.0009456454426981509,0.00891751330345869,0.003905688412487507,0.009799802675843239,-0.021325180307030678,0.012829958461225033,0.008942633867263794,-0.006391472183167934,0.011481374502182007,0.008796393871307373,0.0025327755138278008,-0.004609539173543453,0.005132881924510002,0.00015036042896099389,-0.0023583027068525553,0.003238953882828355,-0.006854669190943241,223.0,0.21097499132156372,2.864673137664795,4.540594577789307,4.518056869506836,6.900835037231445,4.355752468109131,4.02092170715332,2.6511330604553223,0.8774650692939758,0.419486939907074,0.9258517622947693,0.485057532787323,0.5977143049240112,0.7423214912414551,0.31830987334251404,7.799937305504707e-16,0.36072781682014465,0.013509474694728851,0.002257110085338354,0.01841210015118122,0.12004946917295456,0.011478071101009846,0.03024514578282833,0.0009488465148024261,0.02662716433405876,0.03522973507642746,0.134639710187912,0.017443867400288582,0.06299585849046707,0.0072060031816363335,0.004526042845100164,0.012864980846643448,0.06641069054603577,0.02049754559993744,0.1092568039894104,0.010851969942450523,0.003667775308713317,0.024097345769405365,0.01248465571552515,-0.36268606781959534,-0.4138089716434479,54.57379150390625,178.29232788085938,31.313491821289062,32.662574768066406,40.41440200805664
01430300_008,carrot,0,pass,..\data\raw\raw_images\01430300_008.jpeg,1043.0,176.9949493408203,5.480481147766113,0.4183814525604248,0.8731687068939209,0.9673382043838501,0.10138455033302307,-1.0,2.739698454828105e-17,-1.095879381931242e-16,-0.30235037207603455,-0.018351532518863678,-0.007984435185790062,0.037441790103912354,0.09025786072015762,-0.0947495624423027,0.000450953928520903,0.011852151714265347,-0.03840037062764168,-0.014065863564610481,-0.007148568518459797,0.028172742575407028,0.025530854240059853,-0.027082890272140503,0.001928464975208044,0.009388678707182407,-0.031287360936403275,-0.009010291658341885,-0.005537036806344986,0.0005588192725554109,0.002679231343790889,-0.01151132583618164,0.00022063814685679972,0.010849692858755589,-0.008373457007110119,-0.00634626392275095,-0.003324885619804263,-0.003980701789259911,-0.008204462006688118,-0.005543504375964403,-0.000722114578820765,-0.0014566932804882526,-0.004397095181047916,-0.005056608002632856,-0.002120774704962969,-0.0015511249657720327,-0.007252361159771681,147.99998474121094,15.680623054504395,41.816287994384766,4.173653602600098,3.417604684829712,2.8245811462402344,1.7598251104354858,1.5887707471847534,0.3893119692802429,0.8394290804862976,0.38380134105682373,0.5925929546356201,0.07487322390079498,0.5643751621246338,0.14652051031589508,0.31830987334251404,1.323062551935461e-16,0.6033473014831543,0.15019161999225616,0.099489226937294,0.04236091673374176,0.503278911113739,0.330322265625,0.09131274372339249,0.09369174391031265,0.014729461632668972,0.05779993534088135,0.30537307262420654,0.3846138119697571,0.18564006686210632,0.06910040974617004,0.050321172922849655,0.08385203778743744,0.049237608909606934,0.059104084968566895,0.1954420804977417,0.28042444586753845,0.24252818524837494,0.11621981859207153,0.060138240456581116,0.38782674074172974,0.9127334952354431,125.7021484375,165.05992126464844,3.6961023807525635,35.221351623535156,32.17048263549805
01430300_003,apple,1,pass,..\data\raw\raw_images\01430300_003.jpeg,4132.5,284.69342041015625,4.428646564483643,0.6407193541526794,0.8892834186553955,0.5299134254455566,0.15426324307918549,-1.0,2.7679342650376026e-16,-2.306612063996533e-16,-0.8901350498199463,0.07449948787689209,-0.03714193403720856,0.08865524083375931,-0.016858771443367004,0.03459787741303444,-0.03671684116125107,-0.010641864500939846,-0.0905836746096611,0.031829316169023514,-0.02521100454032421,-0.042117826640605927,0.017128165811300278,0.027130799368023872,-0.007315895985811949,0.023742754012346268,0.03456174209713936,0.013655629940330982,-0.024959856644272804,-0.004204161465167999,-0.0002313124859938398,-0.010363143868744373,-0.0022251864429563284,0.024410786107182503,-0.005024057347327471,-0.013917705975472927,-0.012064008042216301,0.0001442233769921586,-0.005735174287110567,-0.021407529711723328,0.014525138773024082,-0.0127645218744874,0.0028188058640807867,-0.009494347497820854,0.00817398726940155,0.0022261859849095345,0.0057779597118496895,247.0,0.6231634616851807,11.821625709533691,9.704386711120605,13.382440567016602,5.620860576629639,0.5989847183227539,3.288403034210205,2.109154224395752,1.3433237075805664,2.1439402103424072,2.0118560791015625,0.2957333028316498,1.4650626182556152,1.1758885383605957,0.31830987334251404,0.0005033650086261332,0.23034165799617767,0.06636854261159897,0.046973925083875656,0.03663293644785881,0.18053722381591797,0.06554453819990158,0.07749243080615997,0.1188301220536232,0.03854300081729889,0.05478642135858536,0.041914261877536774,0.069396011531353,0.05432514473795891,0.019162094220519066,0.10918086022138596,0.07900966703891754,0.031044602394104004,0.032717183232307434,0.10177107155323029,0.02534603886306286,0.05356327444314957,0.03446938842535019,0.04465552046895027,-0.39222851395606995,-0.42625364661216736,53.30242919921875,163.0955810546875,29.937084197998047,36.55474090576172,51.17085266113281
01430300_001,cucumber,0,pass,..\data\raw\raw_images\01430300_001.jpeg,4976.5,309.3797302246094,4.385608196258545,0.6533564329147339,0.9002351760864258,0.6602909564971924,0.12143407762050629,-1.0,2.4914888499611557e-17,0.0,-0.7963261008262634,-0.03876853734254837,0.014505921863019466,0.11986922472715378,0.013342666439712048,-0.024944081902503967,-0.018385255709290504,-0.06117192655801773,-0.08505229651927948,-7.125408592401072e-05,0.020559091120958328,-0.04765010252594948,-0.016836339607834816,0.0014399014180526137,-0.024751896038651466,0.0297258161008358,-0.010699748992919922,0.021406926214694977,-0.0031655982602387667,-0.0032860366627573967,-0.020058954134583473,0.01572839729487896,0.005742182955145836,-0.005687014199793339,-0.006121064070612192,-0.0041702124290168285,-0.006636932957917452,0.0009207370458170772,0.027369515970349312,0.00717918062582612,0.0024672560393810272,0.008993631228804588,-0.0011027378495782614,0.0038021542131900787,-0.003922978416085243,-0.002968770917505026,-0.00578609574586153,275.0,1.6413426399230957,23.239795684814453,16.2900390625,11.432756423950195,3.229330539703369,1.8506991863250732,5.228692531585693,1.4886319637298584,2.868467092514038,0.9862774610519409,1.214332103729248,1.7578129768371582,1.1096433401107788,1.2049391269683838,0.31830987334251404,0.009459544904530048,0.15490254759788513,0.10467664152383804,0.028371945023536682,0.08279488980770111,0.05218090862035751,0.02979295700788498,0.05151309445500374,0.037842243909835815,0.01936071366071701,0.01775415986776352,0.02171410247683525,0.04302471503615379,0.03790418058633804,0.019828395918011665,0.020384714007377625,0.03113408200442791,0.041243910789489746,0.0516514852643013,0.013480612076818943,0.011521628126502037,0.00251178746111691,0.020157400518655777,0.01545928604900837,-0.10256882011890411,-0.20805396139621735,54.21720504760742,159.90655517578125,48.973270416259766,32.92488479614258,52.12162780761719
01430300_005,cucumber,0,pass,..\data\raw\raw_images\01430300_005.jpeg,339.5,85.15432739257812,4.6215410232543945,0.5883505940437317,0.8372379541397095,0.6373200416564941,0.20868806540966034,-1.0,1.4866794064940419e-16,-7.433397032470209e-17,-0.7881441116333008,-0.01649099588394165,0.14695020020008087,0.07833071053028107,0.08098272234201431,-0.0637415274977684,0.05153314769268036,0.053907934576272964,0.032582271844148636,-0.03915467485785484,0.04543337598443031,-0.03978181630373001,0.005600921344012022,0.008020092733204365,0.009328045882284641,-0.04695890471339226,-0.020522678270936012,-0.009072964079678059,0.02767782472074032,0.0211100485175848,-0.009081029333174229,0.007935848087072372,-0.006516867782920599,-0.004957284312695265,0.013330822810530663,0.006541626062244177,0.023100269958376884,-0.018554631620645523,0.0019324776949360967,-0.0026439549401402473,0.0008309450931847095,-0.0017817966872826219,0.006380714941769838,0.000295032630674541,0.003683218266814947,-0.0056364829652011395,-0.006278221495449543,68.99999237060547,1.1261762380599976,4.416350841522217,6.636469841003418,3.4485538005828857,0.5127415060997009,1.5248782634735107,1.7241466045379639,0.2780638635158539,0.17821243405342102,0.28479835391044617,0.35564112663269043,0.23738643527030945,0.40727925300598145,0.5317538380622864,0.31830987334251404,1.4250868763388534e-16,0.8905048370361328,0.008522408083081245,0.0023819010239094496,0.003494380507618189,1.2859746217727661,0.0382494255900383,0.0010393104748800397,0.01245642825961113,0.018916741013526917,0.0003389498742762953,1.4370365142822266,0.09073866903781891,0.0065119825303554535,6.517578731290996e-05,0.03400757536292076,0.05447915196418762,0.0024163785856217146,3.849614950013347e-05,1.335340976715088,0.1546708047389984,0.02162366919219494,0.0005094185471534729,1.0662573913577944e-05,-0.48081672191619873,-0.29591527581214905,2.5786666870117188,236.08799743652344,30.63243865966797,2.0959830284118652,13.091279029846191
01430300_015,apple,1,pass,..\data\raw\raw_images\01430300_015.jpeg,3457.5,320.8355712890625,5.4563398361206055,0.42209193110466003,0.7742694020271301,0.5500290393829346,0.14528271555900574,-1.0,1.5022939294810828e-16,-1.0015292422044226e-16,-0.8027406334877014,0.11269356310367584,-0.14801962673664093,0.23054002225399017,-0.20129571855068207,-0.10207023471593857,-0.0514921173453331,0.032410331070423126,-0.11568992584943771,0.07251930236816406,-0.023158378899097443,-0.1392705738544464,0.09210354089736938,0.0012494676047936082,0.046999163925647736,0.026142138987779617,0.03609846532344818,0.043291594833135605,-0.014552906155586243,0.02336999960243702,-0.0021978490985929966,0.024587541818618774,-0.028651302680373192,0.0036013410426676273,-0.0008020710083656013,0.0029432426672428846,-0.03785815089941025,-0.003466814523562789,0.00470680370926857,-0.007755196187645197,0.01252229604870081,0.004555456805974245,-0.013538477011024952,0.006319338455796242,-0.01892646960914135,-0.004711224231868982,0.0060057491064071655,279.0000305175781,10.317981719970703,32.42208480834961,37.34046936035156,7.089894771575928,16.121604919433594,3.6251845359802246,2.9941606521606445,1.1608037948608398,3.177272081375122,2.5743472576141357,2.5935020446777344,1.8859941959381104,1.44093918800354,0.8238407969474792,0.31830987334251404,0.013072087429463863,0.2929011881351471,0.07368561625480652,0.08130208402872086,0.11387477815151215,0.06188210844993591,0.08465037494897842,0.08379342406988144,0.05706249922513962,0.12145437300205231,0.01866615191102028,0.006760273594409227,0.0627671554684639,0.08828577399253845,0.04273829236626625,0.049123264849185944,0.0810420960187912,0.07979888468980789,0.044786836951971054,0.06705056875944138,0.06735793501138687,0.009304402396082878,0.038319241255521774,0.025719821453094482,0.061249956488609314,0.46650081872940063,67.93079376220703,136.76014709472656,35.178619384765625,35.41191864013672,46.159461975097656
01430300_018,orange,1,pass,..\data\raw\raw_images\01430300_018.jpeg,215.0,71.94112396240234,4.906343460083008,0.5220280885696411,0.8333333134651184,0.930800199508667,0.17908746004104614,-1.0,1.7390665050649555e-17,-1.3912532040519644e-16,-0.40751802921295166,-0.009319025091826916,0.00036625363281928003,0.10455798357725143,0.056491341441869736,-0.07469698786735535,0.00958576612174511,0.03996818885207176,-0.06427530199289322,-0.0016402988694608212,0.008207523263990879,0.012609479948878288,-0.005609583109617233,-0.01610732264816761,0.013076074421405792,0.02223862335085869,-0.011873566545546055,0.0005702283815480769,0.008732659742236137,7.847798406146467e-05,-0.007298147305846214,-0.008752132765948772,0.00979789812117815,-0.008572294376790524,-0.005982094444334507,0.0020059244707226753,0.007213147822767496,0.005666016135364771,-0.005871175322681665,-0.008782876655459404,0.0030287951231002808,-0.007157216779887676,-0.0013717685360461473,0.00440380210056901,0.00510181812569499,-0.004133477807044983,-0.0028857875149697065,61.9999885559082,3.601802349090576,15.17099666595459,2.160393476486206,0.4630558490753174,0.561855673789978,1.051257610321045,0.2351824939250946,0.2905835807323456,0.5330104231834412,0.27891385555267334,0.19270595908164978,0.3157102167606354,0.43538346886634827,0.17867445945739746,0.31830987334251404,0.06960376352071762,0.5570436120033264,0.09617813676595688,0.26272717118263245,0.021891653537750244,0.37371450662612915,0.17787852883338928,0.044302716851234436,0.30509331822395325,0.10398641228675842,0.023135138675570488,0.10701756924390793,0.22102709114551544,0.058679528534412384,0.04258040711283684,0.28771549463272095,0.2009950876235962,0.06702936440706253,0.01826329529285431,0.08455273509025574,0.17492178082466125,0.09872791171073914,0.07587531208992004,0.04251331463456154,0.0853029415011406,-0.025324953719973564,54.992645263671875,206.1544189453125,63.01639938354492,41.31373977661133,29.85008430480957
01430300_013,cucumber,0,pass,..\data\raw\raw_images\01430300_013.jpeg,924.0,170.85281372070312,5.620644569396973,0.3977750837802887,0.8426812291145325,0.9615157246589661,0.14512519538402557,-1.0,7.130337908365481e-17,-1.2008990927688115e-16,-0.3037067651748657,-0.009149744175374508,0.02213110402226448,-0.0926593542098999,-0.0463012270629406,-0.09541520476341248,-0.028286749497056007,0.04299778863787651,-0.06653860956430435,-0.0051584080792963505,0.00825751293450594,-0.012256436981260777,0.02054489590227604,-0.03339556232094765,-0.008264085277915001,-0.012856848537921906,-0.036771658807992935,0.007592957466840744,0.008565021678805351,0.012832274660468102,-0.0027358117513358593,-0.016509631648659706,-0.0036261207424104214,-0.0010175831848755479,0.0029474867042154074,0.0023612373042851686,-0.0025126643013209105,0.000983620062470436,-0.00827680341899395,-0.005516155157238245,-0.0011156894033774734,0.006961964536458254,-0.0024937393609434366,0.002272332087159157,0.0004934418830089271,-0.0015251412987709045,-0.006223216652870178,145.99998474121094,4.96381950378418,43.285682678222656,2.3489091396331787,2.92631196975708,0.6130222082138062,2.593080759048462,0.7752048969268799,1.06394624710083,0.269042432308197,0.36249715089797974,0.8285216093063354,0.34244367480278015,0.29852303862571716,0.1410292536020279,0.31830987334251404,7.251007016124717e-16,0.6159185171127319,0.147194504737854,0.04749682918190956,0.025608085095882416,0.4370759129524231,0.4004358649253845,0.06953251361846924,0.12919679284095764,0.05505456030368805,0.024415794759988785,0.26827698945999146,0.4240172207355499,0.2406586855649948,0.03249640762805939,0.13619330525398254,0.0325012132525444,0.08114936947822571,0.017309831455349922,0.29868996143341064,0.23689895868301392,0.341170072555542,0.13249747455120087,0.015499663539230824,-0.46841081976890564,-0.8721010684967041,159.54408264160156,182.5721435546875,4.075099468231201,36.07731628417969,58.5269775390625
01430300_019,apple,1,pass,..\data\raw\raw_images\01430300_019.jpeg,1153.5,198.9533233642578,5.857905864715576,0.36620569229125977,0.8002080917358398,0.966031551361084,0.14591120183467865,-1.0,3.1014571276136786e-17,-1.4266702985546269e-16,-0.27231013774871826,-0.03171023353934288,-0.014831677079200745,0.06392998993396759,0.07845812290906906,-0.08509063720703125,-0.002897581784054637,0.019234491512179375,-0.06452944129705429,-0.012558002956211567,0.012548333965241909,0.010311908088624477,-0.011364346370100975,-0.02770569920539856,-0.013125216588377953,-0.0064346143044531345,0.0007363685290329158,-0.0023065870627760887,0.0095409220084548,0.009650273248553276,-0.014324851334095001,-0.021022964268922806,-0.008093454875051975,0.0006596579914912581,-0.005701029673218727,0.0042520021088421345,0.00505766412243247,-0.00525983702391386,-0.005950544029474258,-0.014943104237318039,-0.0005657450528815389,0.003342061536386609,-0.0038360953330993652,0.0026772934943437576,-0.00040287119918502867,-0.007662777788937092,-0.002979263896122575,177.0,18.6400146484375,54.18147659301758,3.776580333709717,0.8998374342918396,2.9797921180725098,4.41864013671875,2.562525987625122,2.0593857765197754,1.1836656332015991,1.7003605365753174,1.0015004873275757,0.9809125065803528,0.18867971003055573,0.44767317175865173,0.31830987334251404,0.005787144880741835,0.5073625445365906,0.19617487490177155,0.14362187683582306,0.05667681246995926,0.3465687036514282,0.35901138186454773,0.13338027894496918,0.12955331802368164,0.026180217042565346,0.07936487346887589,0.20338620245456696,0.34373587369918823,0.22755977511405945,0.10313082486391068,0.0634504184126854,0.05934537947177887,0.05604671686887741,0.08408656716346741,0.16206029057502747,0.22544215619564056,0.22308045625686646,0.15795312821865082,0.08618573099374771,0.3069950044155121,0.8245840668678284,98.28237915039062,145.18824768066406,14.493244171142578,60.08195114135742,41.816017150878906
01430300_020,carrot,0,pass,..\data\raw\raw_images\01430300_020.jpeg,474.0,94.22539520263672,4.327915668487549,0.6708914637565613,0.9248780608177185,0.8249605894088745,0.16533301770687103,1.0,1.5504771339878477e-16,-1.9733345101029156e-16,0.6071464419364929,0.0060317786410450935,0.013452082872390747,0.00042474217480048537,-0.053563814610242844,0.08165408670902252,0.006388008128851652,-0.0016801306046545506,0.009542006067931652,0.00250449450686574,0.01135688740760088,0.03589441999793053,0.010143006220459938,0.03490948677062988,0.014092116616666317,0.026705730706453323,-0.00042840943206101656,0.0058441562578082085,0.013234632089734077,-0.016190484166145325,0.0008701772894710302,0.010977139696478844,0.004944848828017712,-0.00895700417459011,0.011952023953199387,0.003916652873158455,0.003263584105297923,0.0012973543489351869,-0.0018285579280927777,0.008294029161334038,0.003963680472224951,-0.006932687945663929,-0.0021245547104626894,0.0006726339925080538,0.0022760990541428328,-0.0108683742582798,0.0044927713461220264,76.0,1.4348435401916504,11.452446937561035,1.3806500434875488,2.2264485359191895,1.4026800394058228,1.740035057067871,0.27985697984695435,0.33795100450515747,0.519160270690918,0.5472792387008667,0.15832111239433289,0.1649600863456726,0.1472971886396408,0.3759254813194275,0.31830987334251404,1.039364483422598e-16,0.8628305196762085,0.023719504475593567,0.002710937289521098,0.001956988824531436,1.1661357879638672,0.10203305631875992,0.0028261833358556032,0.013083847239613533,0.009664381854236126,0.0004296355473343283,1.168274164199829,0.2261539250612259,0.01669345237314701,0.00040429201908409595,0.031558483839035034,0.024405887350440025,0.002804879564791918,8.944469300331548e-05,0.9126622676849365,0.348598450422287,0.05102021247148514,0.003043630626052618,6.017349733156152e-05,0.6041387915611267,0.7966878414154053,172.77777099609375,200.4152069091797,0.5001837611198425,19.358354568481445,16.756864547729492
01430300_012,carrot,0,pass,..\data\raw\raw_images\01430300_012.jpeg,428.5,109.35533905029297,5.282804489135742,0.45027798414230347,0.8069679737091064,0.9668647646903992,0.15865713357925415,-1.0,-4.569003581841573e-17,-2.2845017909207865e-17,-0.3471514582633972,-0.008112205192446709,0.010582628659904003,0.04972696304321289,0.0295939352363348,-0.05574789643287659,0.010749184526503086,0.030855383723974228,-0.10377977043390274,-0.0056724450550973415,0.008963762782514095,0.01568935066461563,0.0035438300110399723,-0.0026519792154431343,0.009019341319799423,0.01775953732430935,-0.03438409045338631,-0.008819262497127056,-0.0005311685963533819,0.0002323188236914575,-0.005295333452522755,0.006288707721978426,0.010107588022947311,-0.0006269454024732113,-0.015191804617643356,-0.005763131193816662,0.0012722982792183757,-0.009577106684446335,0.01416788436472416,0.004064902197569609,0.008586190640926361,-0.0043206061236560345,-0.00097525684395805,-0.002476015128195286,0.0038915250916033983,-0.0034902330953627825,-0.002897347556427121,98.99998474121094,0.8366886973381042,28.05075454711914,2.648237705230713,1.6394511461257935,1.387780785560608,1.0362305641174316,0.7963619232177734,1.5545884370803833,0.8803196549415588,0.6657809019088745,0.48907530307769775,0.3323074281215668,0.13720792531967163,0.34421929717063904,0.31830987334251404,1.9454937282667488e-17,0.8124857544898987,0.05959756672382355,0.007673090323805809,0.004492256790399551,0.9695194363594055,0.24427355825901031,0.009620677679777145,0.03435922786593437,0.01914280652999878,0.0018093347316607833,0.8001764416694641,0.5028557181358337,0.053922995924949646,0.0014050373574718833,0.07401750236749649,0.037319403141736984,0.010832186788320541,0.0004766931233461946,0.4910244643688202,0.7009380459785461,0.15344321727752686,0.009835198521614075,0.00025170721346512437,-0.5431089401245117,-0.8393190503120422,107.34864044189453,222.5908203125,0.6878238320350647,7.297549247741699,27.394657135009766
